dataset_id,dataset_slug,dataset_title,resource_id,url,covered_area,local_path,available,availability_note,checked_date,archive_url,archive_date,archive_resource_id,excluded_reason,dataset_gtfs_resource_count,multiple_gtfs_resources,gtfs_valid_zip,gtfs_is_gtfs,gtfs_missing_files,gtfs_present_files,gtfs_has_locations_geojson,gtfs_has_booking_rules,gtfs_first_service_date,gtfs_last_service_date,gtfs_expired,gtfs_stop_count,gtfs_trip_count,gtfs_agency_names,gtfs_bbox,gtfs_checked_date,gtfs_error
6703a201386f775e01f4269b,horaires-ave-espagne-france,Réseau européen AVE Renfe,82386,https://ssl.renfe.com/gtransit/Fichero_AV_INT/Renfe_AVE_Int.zip,"[{""type"": ""pays"", ""nom"": ""France"", ""insee"": ""FR""}]",data/raw/gtfs/2026-10/6703a201386f775e01f4269b/82386.zip,True,,2026-10-09,,,,,1,False,True,True,[],"[""agency.txt"", ""calendar.txt"", ""calendar_dates.txt"", ""routes.txt"", ""stop_times.txt"", ""stops.txt"", ""trips.txt""]",False,False,2026-10-08,2026-12-12,False,16,176,"[""RENFE OPERADORA""]","[-3.690886, 40.406442, 5.382236, 45.760281]",2026-10-09,
5cdef3698b4c416d21fd76b9,blablacar-bus-horaires-theoriques-et-temps-reel-du-reseau-europeen,Réseau européen BlaBlaCar Bus,52605,https://drive.google.com/uc?export=download&id=1VXd01yQl2Mb67C9bkrx0P8sqNIL532_o,"[{""type"": ""pays"", ""nom"": ""France"", ""insee"": ""FR""}]",data/raw/gtfs/2026-10/5cdef3698b4c416d21fd76b9/52605.zip,True,,2026-10-09,,,,,1,False,True,True,[],"[""agency.txt"", ""calendar.txt"", ""calendar_dates.txt"", ""feed_info.txt"", ""routes.txt"", ""stop_times.txt"", ""stops.txt"", ""translations.txt"", ""trips.txt""]",False,False,2026-10-09,2027-01-06,False,660,3251,"[""BlaBlaCar Bus""]","[-9.39496, 2.782463, 23.323195, 53.552107]",2026-10-09,
63bc5f36f25deab1e855c0ff,eurostar-gtfs-plan-de-transport-et-temps-reel,Réseau européen Eurostar,82199,https://integration-storage.dm.eurostar.com/gtfs-prod/gtfs_static_commercial_v2.zip,"[{""type"": ""pays"", ""nom"": ""France"", ""insee"": ""FR""}]",data/raw/gtfs/2026-10/63bc5f36f25deab1e855c0ff/82199.zip,True,,2026-10-09,,,,,1,False,True,True,[],"[""agency.txt"", ""calendar_dates.txt"", ""routes.txt"", ""shapes.txt"", ""stop_times.txt"", ""stops.txt"", ""trips.txt""]",False,False,2026-10-08,2027-01-05,False,173,10707,"[""Eurostar""]","[-0.126133, 45.48649, 7.459293, 52.3791283]",2026-10-09,
5c6ad5248b4c411c3d7ae435,flixbus-horaires-theoriques-du-reseau-europeen-1,Réseau européen FlixBus et FlixTrain,11681,https://gtfs.gis.flix.tech/gtfs_generic_eu.zip,"[{""type"": ""pays"", ""nom"": ""France"", ""insee"": ""FR""}]",data/raw/gtfs/2026-10/5c6ad5248b4c411c3d7ae435/11681.zip,True,,2026-10-09,,,,,1,False,True,True,[],"[""agency.txt"", ""calendar.txt"", ""calendar_dates.txt"", ""feed_info.txt"", ""routes.txt"", ""shapes.txt"", ""stop_times.txt"", ""stops.txt"", ""transfers.txt"", ""trips.txt""]",False,False,2026-10-04,2027-04-04,False,2126,35062,"[""FlixBus-eu"", ""FlixTrain-eu""]","[-9.394962, 36.126004, 36.39831, 66.558212]",2026-10-09,
64635525318cc75a9a8a771f,horaires-des-trains-trenitalia-france,Réseau national Trenitalia France,81653,https://thello.axelor.com/public/gtfs/gtfs.zip,"[{""type"": ""pays"", ""nom"": ""France"", ""insee"": ""FR""}]",data/raw/gtfs/2026-10/64635525318cc75a9a8a771f/81653.zip,True,,2026-10-09,,,,,1,False,True,True,[],"[""agency.txt"", ""calendar_dates.txt"", ""feed_info.txt"", ""routes.txt"", ""stop_times.txt"", ""stops.txt"", ""trips.txt""]",False,False,2026-10-09,2026-12-11,False,16,1567,"[""Trenitalia""]","[2.37361111, 43.303283, 9.205479, 48.84472222]",2026-10-09,
6853c089b3ed5781f6adfdf7,horaires-sncf,"Réseau SNCF TGV, Intercités et TER",83582,https://eu.ftp.opendatasoft.com/sncf/plandata/Export_OpenData_SNCF_GTFS_NewTripId.zip,"[{""type"": ""pays"", ""nom"": ""France"", ""insee"": ""FR""}]",data/raw/gtfs/2026-10/6853c089b3ed5781f6adfdf7/83582.zip,True,,2026-10-09,,,,,1,False,True,True,[],"[""agency.txt"", ""calendar_dates.txt"", ""feed_info.txt"", ""routes.txt"", ""stop_times.txt"", ""stops.txt"", ""transfers.txt"", ""trips.txt""]",False,False,2026-10-08,2027-03-31,False,8872,60470,"[""CFF"", ""OCEdefault"", ""SNCF VOYAGEURS"", ""SNCF Voyageurs BO"", ""SNCF Voyageurs EA"", ""SNCF Voyageurs LO"", ""SNCF Voyageurs SA"", ""TMR SA""]","[-4.480306, 41.378961, 13.435, 52.5488]",2026-10-09,
6449c52caeceb71273a42dd3,reseau-urbain-et-interurbain-dile-de-france-mobilites,Réseaux urbains et interurbains d'Île-de-France Mobilités (IDFM),80921,https://eu.ftp.opendatasoft.com/stif/GTFS/IDFM-gtfs.zip,"[{""type"": ""region"", ""nom"": ""Île-de-France"", ""insee"": ""11""}]",data/raw/gtfs/2026-10/6449c52caeceb71273a42dd3/80921.zip,True,,2026-10-09,,,,,1,False,True,True,[],"[""agency.txt"", ""attributions.txt"", ""booking_rules.txt"", ""calendar.txt"", ""calendar_dates.txt"", ""object_codes_extension.txt"", ""pathways.txt"", ""routes.txt"", ""shapes.txt"", ""stop_times.txt"", ""stops.txt"", ""ticketing_deep_links.txt"", ""transfers.txt"", ""trips.txt""]",False,True,2026-10-06,2026-11-07,False,53482,589169,"[""ADP"", ""Argenteuil - Boucles de Seine"", ""Aérobus"", ""Bièvre"", ""Bluestation"", ""Bord de Marne"", ""Boucles Nord de Seine"", ""Brie et 2 Morin"", ""Centre et Sud Yvelines"", ""Cergy-Pontoise Confluence"", ""Croix du Sud"", ""Cœur d’Essonne"", ""Essonne Sud Est"", ""Essonne Sud Ouest"", ""Evry Centre Essonne"", ""Express Roissy"", ""Fontainebleau - Moret"", ""Grand Melun"", ""Grand Paris Seine Ouest"", ""Grand Versailles"", ""Grisel"", ""Haut Val d'Oise"", ""La Défense - Saint Cloud"", ""Lignes Île-de-France Ouest"", ""Magical Shuttle"", ""Mantois"", ""Marne et Brie"", ""Marne et Seine"", ""Marne-la-Vallée"", ""Massy-Juvisy"", ""Meaux et Ourcq"", ""Origami / Paris Seine Mobilités"", ""Ourcq"", ""Paris Saclay"", ""Paris-Saclay Mobilités"", ""Pays Briard"", ""Pays de Montereau"", ""Plaine Saint-Denis"", ""Poissy - Les Mureaux"", ""Pompadour"", ""Provinois - Brie et Seine"", ""RATP"", ""RATP Cap Arc Sud et Ouest"", ""RATP Cap Massy-Juvisy"", ""RER"", ""Roissy Est"", ""Roissy Ouest"", ""STRETTO"", ""Saint Germain Boucles de Seine"", ""Saint-Quentin-en-Yvelines"", ""Seine Orly"", ""Sénart"", ""TER"", ""Terres d'Envol"", ""Titus"", ""Transilien"", ""Val Parisis"", ""Val d'Yerres Val de Seine"", ""Vallée Sud Grand Paris"", ""Vallée de Montmorency"", ""Vallée du Loing - Nemours"", ""Vexin"", ""Vélizy Vallées""]","[1.1498558322259897, 47.96107924372578, 3.5606684173266197, 49.45933264969961]",2026-10-09,
563dd039b5950814b0588710,horaires-des-lignes-transilien-1,SNCF Transilien,67595,https://eu.ftp.opendatasoft.com/sncf/gtfs/transilien-gtfs.zip,"[{""type"": ""region"", ""nom"": ""Île-de-France"", ""insee"": ""11""}]",data/raw/gtfs/2026-10/563dd039b5950814b0588710/67595.zip,True,,2026-10-09,,,,,1,False,True,True,[],"[""agency.txt"", ""attributions.txt"", ""calendar.txt"", ""calendar_dates.txt"", ""object_codes_extension.txt"", ""pathways.txt"", ""routes.txt"", ""stop_times.txt"", ""stops.txt"", ""ticketing_deep_links.txt"", ""transfers.txt"", ""trips.txt""]",False,False,2026-10-06,2026-11-07,False,6545,49502,"[""RER"", ""TER"", ""Transilien""]","[1.1498558322259897, 47.96107924372578, 3.512704589147005, 49.42633975667528]",2026-10-09,
61f7b4f89e4131deaf48fe02,agregat-oura,Agrégat des réseaux urbains et interurbains d'Auvergne-Rhône-Alpes,78904,https://api.oura3.cityway.fr/dataflow/offre-tc/download?provider=OURA&dataFormat=GTFS&dataProfil=OPENDATA,"[{""type"": ""region"", ""nom"": ""Auvergne-Rhône-Alpes"", ""insee"": ""84""}]",data/raw/gtfs/2026-10/61f7b4f89e4131deaf48fe02/78904.zip,True,,2026-10-09,,,,,1,False,True,False,[],"[""agency.txt"", ""calendar_dates.txt"", ""feed_info.txt"", ""routes.txt"", ""shapes.txt"", ""stop_times.txt"", ""stops.txt"", ""transfers.txt"", ""trips.txt""]",False,False,,,,,,[],,2026-10-09,"Invalid Input Error: Error when sniffing file ""C:\Users\VALENT~1.STU\AppData\Local\Temp\gtfs-check-9reh15ys\trips.txt"".
It was not possible to automatically detect the CSV parsing dialect
The search space used was:
Delimiter Candidates: ','
Quote/Escape Candidates: ['(no quote)','(no escape)'],['""','(no escape)'],['""','""'],['""','''],['""','\'],[''','(no escape)'],[''','''],[''','""'],[''','\']
Comment Candidates: '\0', '#'
Encoding: utf-8
Possible fixes:
* Disable the parser's strict mode (strict_mode=false) to allow reading rows that do not comply with the CSV standard.
* Make sure you are using the correct file encoding. If not, set it (e.g., encoding = 'utf-16').
* Delimiter is set to ','. Consider unsetting it.
* Set quote (e.g., quote='""')
* Set escape (e.g., escape='""')
* Set comment (e.g., comment='#')
* Set skip (skip=${n}) to skip ${n} lines at the top of the file
* Enable ignore errors (ignore_errors=true) to ignore potential errors
* Enable null padding (null_padding=true) to pad missing columns with NULL values
* Check you are using the correct file compression, otherwise set it (e.g., compression = 'zstd')
* Be sure that the maximum line size is set to an appropriate value, otherwise set it (e.g., max_line_size=10000000)
"
61b36a0610344080a78cf407,reseau-interurbain-cars-region-express,Réseau interurbain Cars Région Express,83112,https://api.oura3.cityway.fr/dataflow/offre-tc/download?provider=CARS_REGION_EXPRESS&dataFormat=GTFS&dataProfil=OPENDATA,"[{""type"": ""region"", ""nom"": ""Auvergne-Rhône-Alpes"", ""insee"": ""84""}]",data/raw/gtfs/2026-10/61b36a0610344080a78cf407/83112.zip,True,,2026-10-09,,,,,1,False,True,True,[],"[""agency.txt"", ""calendar.txt"", ""calendar_dates.txt"", ""feed_info.txt"", ""routes.txt"", ""shapes.txt"", ""stop_times.txt"", ""stops.txt"", ""transfers.txt"", ""trips.txt""]",False,False,2026-10-05,2026-12-12,False,159,374,"[""REGION - cars Région Express""]","[2.8086, 44.36005, 6.137003, 46.765339]",2026-10-09,
6246416dbd6bdfe8bceb4ce1,arrets-horaires-et-parcours-theoriques-des-reseaux-nva-mobilite-agreges-1,Agrégat des réseaux urbains et interurbains de Nouvelle Aquitaine,82321,https://www.pigma.org/public/opendata/nouvelle_aquitaine_mobilites/publication/naq-aggregated-gtfs.zip,"[{""type"": ""region"", ""nom"": ""Nouvelle-Aquitaine"", ""insee"": ""75""}]",data/raw/gtfs/2026-10/6246416dbd6bdfe8bceb4ce1/82321.zip,True,,2026-10-09,,,,,1,False,True,True,[],"[""agency.txt"", ""calendar.txt"", ""calendar_dates.txt"", ""routes.txt"", ""shapes.txt"", ""stop_times.txt"", ""stops.txt"", ""transfers.txt"", ""trips.txt""]",False,False,2026-10-07,2027-10-09,False,44339,130838,"[""ALEGO (Nord Bassin)"", ""AUDOUARD"", ""Agglo’Bus (Grand Guéret)"", ""BAIA"", ""BISCABUS"", ""BUSS (Saintes)"", ""COURALIN - Grand DAX  (RRTL)"", ""Calibus (Libourne)"", ""Carabus (Royan Atlantique)"", ""Cars Régionaux 16 - Charente"", ""Cars Régionaux 17 - Charente Maritime"", ""Cars Régionaux 19 - Correze"", ""Cars Régionaux 23 - Creuse"", ""Cars Régionaux 33 - Gironde"", ""Cars Régionaux 40 - Landes"", ""Cars Régionaux 47 - Lot et Garonne"", ""Cars Régionaux 64 - Pyrénées Atlantiques"", ""Cars Régionaux 86 - Vienne"", ""Cars Régionaux 87 - Haute Vienne"", ""Cars régionaux 24 - Dordogne"", ""Cars régionaux 79 - Deux Sèvres"", ""Evalys Mobilites Val de Garonne"", ""FLEX'E-BUS (Grand Poitiers)"", ""IDELIS (Pau)"", ""Liaisons maritimes Gironde"", ""Libeo (Brive)"", ""M'bus (Montesquieu)"", ""MOVIMA"", ""Mobius (Grand Angoulême)"", ""Navette Urbaine - Oloron Sainte-Marie ( CC du Haut-Béarn)"", ""Navette maritime de l'UBA"", ""Proxbus (Jalle Eau Bourde)"", ""Périmouv (Grand Perigueux)"", ""R'bus (Rochefort Océan)"", ""STCLM (Limoges Métropole)"", ""Sud Gironde Mobilité (cdc Sud Gironde)"", ""TAC"", ""TBM (Bordeaux Métropole)"", ""TUB (Bergerac)"", ""TXIK TXAK (Pays Basque)"", ""Tanlib (Niort)"", ""Transcom (Grand Cognac)"", ""Trema (Agglo2B)"", ""TuT agglo (Tulle agglo)"", ""VITALIS (Grand Poitiers)"", ""YEGO"", ""YELO (La Rochelle)"", ""keolis_Fouras_Aix"", ""keolis_littoral""]","[-1.79019, 42.458992, 7.733882, 50.639545]",2026-10-09,
647148f898aadb3cec613674,reseau-lio-occitanie,Réseau interurbain liO Occitanie,81026,https://app.mecatran.com/utw/ws/gtfsfeed/static/lio?apiKey=2b160d626f783808095373766f18714901325e45&type=gtfs_lio,"[{""type"": ""region"", ""nom"": ""Occitanie"", ""insee"": ""76""}]",data/raw/gtfs/2026-10/647148f898aadb3cec613674/81026.zip,True,,2026-10-09,,,,,1,False,True,True,[],"[""agency.txt"", ""calendar.txt"", ""calendar_dates.txt"", ""fare_leg_rules.txt"", ""fare_media.txt"", ""fare_products.txt"", ""fare_transfer_rules.txt"", ""feed_info.txt"", ""networks.txt"", ""rider_categories.txt"", ""route_directions.txt"", ""route_networks.txt"", ""routes.txt"", ""shapes.txt"", ""stop_times.txt"", ""stops.txt"", ""stops_extension.txt"", ""trips.txt"", ""trips_extensions.txt""]",False,False,2026-08-01,2027-08-31,False,12174,8120,"["".liO 09"", "".liO 11"", "".liO 12"", "".liO 30"", "".liO 31"", "".liO 32"", "".liO 46"", "".liO 48"", "".liO 65"", "".liO 66"", "".liO 81"", "".liO 82"", "".liO TIL"", ""Herault Transport""]","[-0.368846, 42.367208, 4.80963, 45.778791]",2026-10-09,
69127d95821dea86547b9619,horaires-theoriques-de-loffre-du-reseau-ferre-regional-de-transport,Trains régionaux Hauts-de-France mobilités,83620,https://geocatalogue.hautsdefrance.fr/gtfs/HDF_TER_GTFS_J___90_jours.zip,"[{""type"": ""region"", ""nom"": ""Hauts-de-France"", ""insee"": ""32""}]",data/raw/gtfs/2026-10/69127d95821dea86547b9619/83620.zip,True,,2026-10-09,,,,,1,False,True,True,[],"[""agency.txt"", ""calendar.txt"", ""calendar_dates.txt"", ""feed_info.txt"", ""routes.txt"", ""stop_times.txt"", ""stops.txt"", ""transfers.txt"", ""trips.txt""]",False,False,2026-10-08,2027-01-06,False,901,5776,"[""SNCF VOYAGEURS"", ""SNCF Voyageurs EA""]","[1.094103, 48.58511, 7.733882, 51.03041]",2026-10-09,
691758cb5dede017e972500f,agregat-des-reseaux-urbains-et-interurbains-en-region-grand-est,Agrégat des réseaux urbains et interurbains du Grand Est,83634,https://tsi.grandest2.cityway.fr/ftp/opendata/REGION_GRANDEST.gtfs.zip,"[{""type"": ""region"", ""nom"": ""Grand Est"", ""insee"": ""44""}]",data/raw/gtfs/2026-10/691758cb5dede017e972500f/83634.zip,True,,2026-10-09,,,,,1,False,True,True,[],"[""agency.txt"", ""calendar_dates.txt"", ""feed_info.txt"", ""routes.txt"", ""shapes.txt"", ""stop_times.txt"", ""stops.txt"", ""transfers.txt"", ""trips.txt""]",False,False,2026-10-09,2028-10-04,False,43315,192894,"[""Autobus Langrois Pret a Partir"", ""CABUS"", ""CC Sel et Vermois"", ""CMONBUS"", ""CTS"", ""Châlons-en-Champagne"", ""Colibri"", ""DISTRIBUS"", ""ELSA"", ""Fluo Grand Est 08"", ""Fluo Grand Est 10"", ""Fluo Grand Est 51"", ""Fluo Grand Est 52"", ""Fluo Grand Est 54"", ""Fluo Grand Est 55"", ""Fluo Grand Est 57"", ""Fluo Grand Est 67"", ""Fluo Grand Est 88"", ""Forbus"", ""Grand Reims Mobilités Covoit"", ""KEOLIS"", ""Keolis Secteur Alsace"", ""Keolis Thionville Fensch"", ""LE MET'"", ""LE SIT"", ""LEBUS"", ""LUNEO"", ""Mouvéo"", ""Navettes de Noël"", ""RD Ardennes Métropole"", ""REGION GRAND EST"", ""RESEAU URBAIN TICEA"", ""REZO"", ""Riv'Connect"", ""SOLEA"", ""STAN Nancy"", ""SUB Nancy"", ""SYLVIA"", ""TGE MEUSE MOSELLE"", ""TGL"", ""TMM"", ""TRACE"", ""TRO"", ""TUB"", ""TUM - Transport Urbain Ménéhildien"", ""Trains Express Régionaux"", ""Transavold"", ""Transdev Reims""]","[-4.092103, 0.0, 13.391, 52.548799]",2026-10-09,
69174dc1b9e078a6679087b4,offre-du-reseau-de-transport-interurbain-fluo-grand-est,Réseau interurbain Fluo Grand-Est,83635,https://tsi.grandest2.cityway.fr/ftp/opendata/FLUO.gtfs.zip,"[{""type"": ""region"", ""nom"": ""Grand Est"", ""insee"": ""44""}]",data/raw/gtfs/2026-10/69174dc1b9e078a6679087b4/83635.zip,True,,2026-10-09,,,,,1,False,True,True,[],"[""agency.txt"", ""calendar_dates.txt"", ""feed_info.txt"", ""routes.txt"", ""shapes.txt"", ""stop_times.txt"", ""stops.txt"", ""transfers.txt"", ""trips.txt""]",False,False,2026-10-09,2027-08-29,False,19044,11840,"[""Fluo Grand Est 08"", ""Fluo Grand Est 10"", ""Fluo Grand Est 51"", ""Fluo Grand Est 52"", ""Fluo Grand Est 54"", ""Fluo Grand Est 55"", ""Fluo Grand Est 57"", ""Fluo Grand Est 67"", ""Fluo Grand Est 88"", ""REGION GRAND EST""]","[3.302452, 47.44052, 8.20103, 50.138498]",2026-10-09,
668d0a18a847603d391cbeec,lignes-des-reseaux-transport-zou-provence-alpes-cote-d-azur-proximite-3-3,Réseau interurbain bus Proximité ZOU !,82137,https://www.datasud.fr/fr/dataset/datasets/3745/resource/5016/download/,"[{""type"": ""region"", ""nom"": ""Région Sud — Provence-Alpes-Côte d’Azur"", ""insee"": ""93""}]",data/raw/gtfs/2026-10/668d0a18a847603d391cbeec/82137.zip,True,,2026-10-09,,,,,1,False,True,True,[],"[""agency.txt"", ""attributions.txt"", ""calendar.txt"", ""calendar_dates.txt"", ""object_codes_extension.txt"", ""routes.txt"", ""shapes.txt"", ""stop_times.txt"", ""stops.txt"", ""transfers.txt"", ""trips.txt""]",False,False,2026-10-05,2026-12-31,False,6107,3304,"[""ZOU ! Proximité""]","[4.61792, 43.09314, 7.49791, 44.8984]",2026-10-09,
668d0a08a847603d391cbed7,lignes-des-reseaux-transport-zou-provence-alpes-cote-d-azur-express-3-3,Réseau interurbain Express ZOU !,82285,https://www.datasud.fr/fr/dataset/datasets/3743/resource/5153/download/,"[{""type"": ""region"", ""nom"": ""Région Sud — Provence-Alpes-Côte d’Azur"", ""insee"": ""93""}]",data/raw/gtfs/2026-10/668d0a08a847603d391cbed7/82285.zip,True,,2026-10-09,,,,,1,False,True,True,[],"[""agency.txt"", ""attributions.txt"", ""calendar.txt"", ""calendar_dates.txt"", ""object_codes_extension.txt"", ""routes.txt"", ""shapes.txt"", ""stop_times.txt"", ""stops.txt"", ""transfers.txt"", ""trips.txt""]",False,False,2026-10-05,2027-04-05,False,1231,10070,"[""ZOU ! Express Bus"", ""ZOU ! Intermétropole"", ""ZOU ! TER""]","[2.867807, 42.424701, 7.610233, 46.302572]",2026-10-09,
668d09dea847603d391cbe9b,lignes-des-reseaux-transport-zou-provence-alpes-cote-d-azur-scolaire-1-3,Réseau scolaire interurbain ZOU !,82136,https://www.datasud.fr/fr/dataset/datasets/3746/resource/5015/download/,"[{""type"": ""region"", ""nom"": ""Région Sud — Provence-Alpes-Côte d’Azur"", ""insee"": ""93""}]",data/raw/gtfs/2026-10/668d09dea847603d391cbe9b/82136.zip,True,,2026-10-09,,,,,1,False,True,True,[],"[""agency.txt"", ""attributions.txt"", ""calendar.txt"", ""calendar_dates.txt"", ""object_codes_extension.txt"", ""routes.txt"", ""shapes.txt"", ""stop_times.txt"", ""stops.txt"", ""transfers.txt"", ""trips.txt""]",False,False,2026-10-05,2026-12-31,False,10196,3340,"[""ZOU ! Scolaire""]","[4.61792, 43.09788, 7.41621, 44.88758]",2026-10-09,
69e2cd307123972d45a21d49,trains-zou-en-provence-alpes-cote-dazur,Trains régionaux ZOU !,83990,https://proxy-data.zou.maregionsud.fr/GTFS/GTFS_SIBR_zou_ferre_datasud.zip,"[{""type"": ""region"", ""nom"": ""Région Sud — Provence-Alpes-Côte d’Azur"", ""insee"": ""93""}]",data/raw/gtfs/2026-10/69e2cd307123972d45a21d49/83990.zip,True,,2026-10-09,,,,,1,False,True,True,[],"[""agency.txt"", ""attributions.txt"", ""calendar.txt"", ""calendar_dates.txt"", ""object_codes_extension.txt"", ""routes.txt"", ""shapes.txt"", ""stop_times.txt"", ""stops.txt"", ""transfers.txt"", ""trips.txt""]",False,False,2026-10-06,2027-04-06,False,545,9485,"[""ZOU ! Intermétropole"", ""ZOU ! TER""]","[2.867807, 42.424701, 7.610233, 46.302572]",2026-10-09,
685baf2be31192d0ec7bcdc9,zou,Trains régionaux ZOU ! - Transdev Rail Sud Intermétropole,83448,https://www.data.gouv.fr/fr/datasets/r/30782be6-90aa-40bb-940a-cb881a95ad26,"[{""type"": ""region"", ""nom"": ""Région Sud — Provence-Alpes-Côte d’Azur"", ""insee"": ""93""}]",data/raw/gtfs/2026-10/685baf2be31192d0ec7bcdc9/83448.zip,True,,2026-10-09,,,,,1,False,True,True,[],"[""agency.txt"", ""attributions.txt"", ""calendar_dates.txt"", ""feed_info.txt"", ""routes.txt"", ""stop_times.txt"", ""stops.txt"", ""trips.txt""]",False,False,2026-10-06,2027-04-23,False,12,5486,"[""TransDev RAIL_5241""]","[5.380406856536865, 43.12836837768555, 7.261903762817383, 43.70455551147461]",2026-10-09,
632b2a8a8bf5b436bed4f8df,arrets-horaires-et-circuits-des-lignes-de-transports-en-commun-en-pays-de-la-loire-gtfs-destineo-reseaux-aom-aleop-1,Agrégat des réseaux urbains et interurbains des Pays de la Loire,79818,https://mobi-iti-pdl.okina.fr/static/mobiiti_technique/gtfs_global.zip,"[{""type"": ""region"", ""nom"": ""Pays de la Loire"", ""insee"": ""52""}]",data/raw/gtfs/2026-10/632b2a8a8bf5b436bed4f8df/79818.zip,True,,2026-10-09,,,,,1,False,True,True,[],"[""agency.txt"", ""calendar.txt"", ""calendar_dates.txt"", ""frequencies.txt"", ""routes.txt"", ""shapes.txt"", ""stop_times.txt"", ""stops.txt"", ""transfers.txt"", ""trips.txt""]",False,False,2026-10-07,2027-08-31,False,18339,182214,"[""Agence par défaut"", ""Aléop Lignes Express régionales"", ""Aléop TER"", ""Aléop Yeu-Continent"", ""Aléop en Loire-Atlantique"", ""Aléop en Maine-et-Loire"", ""Aléop en Mayenne"", ""Aléop en Sarthe"", ""Aléop en Vendée"", ""Aéroport Nantes Atlantique"", ""Brévibus"", ""Choletbus"", ""Compagnie des Bacs de Loire"", ""IRIGO"", ""Naolib"", ""OLEANE"", ""Réso"", ""SNCF VOYAGEURS"", ""SOVETOURS"", ""TUL"", ""Ycéo"", ""héoh"", ""illyGO""]","[-73.740799, 27.178301, 33.7994, 55.617901]",2026-10-09,
632b2c56696ec36c7f4811c8,arrets-horaires-et-circuits-des-lignes-de-transports-aleop-1,Réseau interurbain Aléop - Pays de la Loire,80721,https://donnees.paysdelaloire.fr/data/pdl.zip,"[{""type"": ""region"", ""nom"": ""Pays de la Loire"", ""insee"": ""52""}]",data/raw/gtfs/2026-10/632b2c56696ec36c7f4811c8/80721.zip,True,,2026-10-09,,,,,1,False,True,True,[],"[""agency.txt"", ""attributions.txt"", ""calendar.txt"", ""calendar_dates.txt"", ""fare_attributes.txt"", ""feed_info.txt"", ""routes.txt"", ""shapes.txt"", ""stop_times.txt"", ""stops.txt"", ""transfers.txt"", ""trips.txt""]",False,False,2026-09-07,2027-08-31,False,9610,4655,"[""Aléop Lignes Express régionales"", ""Aléop Yeu-Continent"", ""Aléop en Loire-Atlantique"", ""Aléop en Maine-et-Loire"", ""Aléop en Mayenne"", ""Aléop en Sarthe"", ""Aléop en Vendée""]","[-2.34733499, 46.15239845, 0.7995406, 48.596872]",2026-10-09,
65af92d12d38ceffacb04812,base-de-donnees-multimodale-transports-publics-en-bretagne-korrigo-gtfs,Agrégat des réseaux urbains et interurbains de Bretagne,81559,https://www.korrigo.bzh/ftp/OPENDATA/KORRIGOBRET.gtfs.zip,"[{""type"": ""region"", ""nom"": ""Bretagne"", ""insee"": ""53""}]",data/raw/gtfs/2026-10/65af92d12d38ceffacb04812/81559.zip,True,,2026-10-09,,,,,1,False,True,True,[],"[""agency.txt"", ""calendar_dates.txt"", ""feed_info.txt"", ""routes.txt"", ""shapes.txt"", ""stop_times.txt"", ""stops.txt"", ""transfers.txt"", ""trips.txt""]",False,False,2026-10-09,2034-01-20,False,30093,140079,"[""Ar Bus (Communauté de Communes du Pays de Landerneau-Daoulas)"", ""Auray Bus (Auray)"", ""Belle Île Bus (Belle île en mer)"", ""Bibus (Brest Métropole)"", ""BreizhGo en Côtes d'Armor"", ""BreizhGo en Finistère"", ""BreizhGo en Ille-et-Vilaine"", ""BreizhGo en Morbihan"", ""Distribus (Lamballe Terre & Mer)"", ""Finist'Air"", ""Guingamp-Paimpol Mobilité"", ""Izilo (Lorient Agglomération)"", ""Kicéo (Vannes Agglomération)"", ""Liaison maritime Arz"", ""Liaison maritime Bréhat"", ""Liaisons maritimes Finistère"", ""Liaisons maritimes Morbihan"", ""Linéotim (Morlaix périurbain)"", ""Linéotim (Morlaix urbain)"", ""LinéotimL30 (Morlaix)"", ""MAT (St Malo Agglomération)"", ""PondiBUS et MOOVI (Pontivy)"", ""QUB (Quimper urbain)"", ""RIV (Ploërmel)"", ""Réseau Coralie (Concarneau Cornouaille Agglomération)"", ""STAR (Rennes Métropole)"", ""SURF (Fougères)"", ""TBK (Quimperlé)"", ""TER BreizhGo"", ""TILT (Lannion)"", ""TUB (St Brieuc Agglomération)"", ""Tud'Bus (Douarnenez Communauté)""]","[-5.06261, 0.0, 3.089958, 50.636577]",2026-10-09,
658626a8a582bbf574c71b48,breizhgo-car,Réseau interurbain BreizhGo Car,81463,https://www.korrigo.bzh/ftp/OPENDATA/BREIZHGO_CAR_35.gtfs.zip,"[{""type"": ""region"", ""nom"": ""Bretagne"", ""insee"": ""53""}]",data/raw/gtfs/2026-10/658626a8a582bbf574c71b48/81463.zip,True,,2026-10-09,,,,,4,True,True,True,[],"[""agency.txt"", ""calendar.txt"", ""calendar_dates.txt"", ""routes.txt"", ""shapes.txt"", ""stop_times.txt"", ""stops.txt"", ""transfers.txt"", ""trips.txt""]",False,False,2026-10-09,2027-07-02,False,705,1775,"[""BreizhGo en Ille-et-Vilaine""]","[-3.562317, 47.7216556, -1.125251, 48.6490705]",2026-10-09,
658626a8a582bbf574c71b48,breizhgo-car,Réseau interurbain BreizhGo Car,81462,https://www.korrigo.bzh/ftp/OPENDATA/BREIZHGO_CAR_29.gtfs.zip,"[{""type"": ""region"", ""nom"": ""Bretagne"", ""insee"": ""53""}]",data/raw/gtfs/2026-10/658626a8a582bbf574c71b48/81462.zip,True,,2026-10-09,,,,,4,True,True,True,[],"[""agency.txt"", ""calendar.txt"", ""calendar_dates.txt"", ""routes.txt"", ""shapes.txt"", ""stop_times.txt"", ""stops.txt"", ""transfers.txt"", ""trips.txt""]",False,False,2026-10-09,2027-07-03,False,1088,2977,"[""BreizhGo en Finistère""]","[-4.7805316, 47.7959871, -3.55058, 48.7234482]",2026-10-09,
658626a8a582bbf574c71b48,breizhgo-car,Réseau interurbain BreizhGo Car,81461,https://www.korrigo.bzh/ftp/OPENDATA/BREIZHGO_CAR_22.gtfs.zip,"[{""type"": ""region"", ""nom"": ""Bretagne"", ""insee"": ""53""}]",data/raw/gtfs/2026-10/658626a8a582bbf574c71b48/81461.zip,True,,2026-10-09,,,,,4,True,True,True,[],"[""agency.txt"", ""calendar.txt"", ""calendar_dates.txt"", ""routes.txt"", ""shapes.txt"", ""stop_times.txt"", ""stops.txt"", ""transfers.txt"", ""trips.txt""]",False,False,2026-08-28,2026-12-31,False,1035,1103,"[""BreizhGo en Côtes d'Armor""]","[-3.561181, 48.18864, -1.928488, 48.863939]",2026-10-09,
658626a8a582bbf574c71b48,breizhgo-car,Réseau interurbain BreizhGo Car,81464,https://www.korrigo.bzh/ftp/OPENDATA/BREIZHGO_CAR_56.gtfs.zip,"[{""type"": ""region"", ""nom"": ""Bretagne"", ""insee"": ""53""}]",data/raw/gtfs/2026-10/658626a8a582bbf574c71b48/81464.zip,True,,2026-10-09,,,,,4,True,True,True,[],"[""agency.txt"", ""calendar.txt"", ""calendar_dates.txt"", ""routes.txt"", ""shapes.txt"", ""stop_times.txt"", ""stops.txt"", ""transfers.txt"", ""trips.txt""]",False,False,2026-10-09,2027-07-03,False,515,639,"[""BreizhGo en Morbihan""]","[-3.6066163, 47.4783741, -2.0564979, 48.514088]",2026-10-09,
658626a91554e836ebac182c,breizhgo-ter,Réseau interurbain BreizhGo TER,81474,https://www.korrigo.bzh/ftp/OPENDATA/BREIZHGO_TER.gtfs.zip,"[{""type"": ""region"", ""nom"": ""Bretagne"", ""insee"": ""53""}]",data/raw/gtfs/2026-10/658626a91554e836ebac182c/81474.zip,True,,2026-10-09,,,,,1,False,True,True,[],"[""agency.txt"", ""calendar.txt"", ""calendar_dates.txt"", ""routes.txt"", ""shapes.txt"", ""stop_times.txt"", ""stops.txt"", ""transfers.txt"", ""trips.txt""]",False,False,2026-10-09,2027-01-07,False,408,5999,"[""TER BreizhGo""]","[-4.480306, 46.152705, 3.089958, 50.636577]",2026-10-09,
5ced52ed8b4c4177b679d377,base-de-donnees-multimodale-des-reseaux-de-transport-public-normands,Agrégat des réseaux urbains et interurbains de Normandie,81942,https://static.data.gouv.fr/resources/base-de-donnees-multimodale-des-reseaux-de-transport-public-normands/20260930-134955/pt-th-offer-atoumod-gtfs-20260930-625-opendata.zip,"[{""type"": ""region"", ""nom"": ""Normandie"", ""insee"": ""28""}]",data/raw/gtfs/2026-10/5ced52ed8b4c4177b679d377/81942.zip,True,,2026-10-09,,,,,1,False,True,True,[],"[""agency.txt"", ""calendar_dates.txt"", ""feed_info.txt"", ""routes.txt"", ""shapes.txt"", ""stop_times.txt"", ""stops.txt"", ""transfers.txt"", ""trips.txt""]",False,False,2026-09-30,2028-06-30,False,12529,74271,"[""Altobus (Communauté Urbaine d'Alençon)"", ""ArgentanBus (Argentan Intercom)"", ""Astrobus (Lisieux Normandie)"", ""Astuce (Métropole Rouen Normandie)"", ""Bacs de Seine (Département Seine-Maritime)"", ""Bagnoles de l'Orne"", ""Brittany Ferries"", ""Bybus (Bayeux Intercom)"", ""Cap Cotentin (Cherbourg, Agglo. du Cotentin)"", ""Cosibus (Coutances Mer et Bocage)"", ""Deep Mob (Dieppe-Maritime)"", ""Ficibus (Fécamp Caux Littoral)"", ""Hobus (Honfleur)"", ""I'BUS (Intercom Bernay Terres de Normandie)"", ""Le Bus (Pont-Audemer/Val de Risle)"", ""LiA (Le Havre Seine Métropole)"", ""MOCA (Communauté de Communes Caux Austreberthe)"", ""Navette Pontorson - Le Mont St Michel"", ""Nomad Car (Région Normandie)"", ""Nomad Train (SNCF, Région Normandie)"", ""Némus (Flers Agglo)"", ""Néva (Granville Terre et Mer)"", ""Rézo'Bus (Bolbec, Lillebonne, Port-Jérôme, Caux Seine Agglo)"", ""SLAM (Saint-Lô Agglo)"", ""SN'go! (Vernon, Les Andelys, Seine Normandie Agglo)"", ""SN'go! - Navette Giverny - Vernon"", ""Semo (Val-de-Reuil, Louviers, Seine Eure Agglo)"", ""Tiva (Intercom de la Vire au Noireau)"", ""Transmanche Ferries"", ""Transurbain (Evreux Portes de Normandie)"", ""Twisto (Caen la mer)"", ""Vikibus (Yvetot Normandie)""]","[-8.323345, 43.302666, 5.380407, 52.2542]",2026-10-09,
66f677da53400e3740df1878,nomad-car-region-normandie,Réseau interurbain Nomad Car,82317,https://static.data.gouv.fr/resources/nomad-car-region-normandie/20260820-122844/pt-th-offer-nomad-gtfs-20260820-816-opendata-1-.zip,"[{""type"": ""region"", ""nom"": ""Normandie"", ""insee"": ""28""}]",data/raw/gtfs/2026-10/66f677da53400e3740df1878/82317.zip,True,,2026-10-09,,,,,1,False,True,True,[],"[""agency.txt"", ""calendar.txt"", ""calendar_dates.txt"", ""routes.txt"", ""shapes.txt"", ""stop_times.txt"", ""stops.txt"", ""trips.txt""]",False,False,2026-08-20,2027-09-01,False,3825,3881,"[""Nomad Car (Région Normandie)""]","[-1.622733, 48.226366, 1.784709, 50.066253]",2026-10-09,
5f2c9a79e4e713875a58be26,reseau-de-transport-interurbain-mobigo-en-bourgogne-franche-comte,Réseau interurbain Mobigo,84075,https://exs.mobigo2.cityway.fr/gtfs.aspx?key=OPENDATA&operatorCode=UT58,"[{""type"": ""region"", ""nom"": ""Bourgogne-Franche-Comté"", ""insee"": ""27""}]",data/raw/gtfs/2026-10/5f2c9a79e4e713875a58be26/84075.zip,True,,2026-10-09,,,,,8,True,True,True,[],"[""agency.txt"", ""calendar.txt"", ""calendar_dates.txt"", ""routes.txt"", ""shapes.txt"", ""stop_times.txt"", ""stops.txt"", ""transfers.txt"", ""trips.txt""]",False,False,2026-09-01,2027-08-31,False,379,235,"[""MOBIGO 58""]","[2.881699, 46.70741, 4.229955, 47.541617]",2026-10-09,
5f2c9a79e4e713875a58be26,reseau-de-transport-interurbain-mobigo-en-bourgogne-franche-comte,Réseau interurbain Mobigo,84077,https://exs.mobigo2.cityway.fr/gtfs.aspx?key=OPENDATA&operatorCode=UT25,"[{""type"": ""region"", ""nom"": ""Bourgogne-Franche-Comté"", ""insee"": ""27""}]",data/raw/gtfs/2026-10/5f2c9a79e4e713875a58be26/84077.zip,True,,2026-10-09,,,,,8,True,True,True,[],"[""agency.txt"", ""calendar.txt"", ""calendar_dates.txt"", ""routes.txt"", ""shapes.txt"", ""stop_times.txt"", ""stops.txt"", ""transfers.txt"", ""trips.txt""]",False,False,2026-09-02,2027-08-31,False,98,205,"[""MOBIGO 25""]","[5.590797, 46.707807, 6.814765, 47.618084]",2026-10-09,
5f2c9a79e4e713875a58be26,reseau-de-transport-interurbain-mobigo-en-bourgogne-franche-comte,Réseau interurbain Mobigo,84074,https://exs.mobigo2.cityway.fr/gtfs.aspx?key=OPENDATA&operatorCode=UT70,"[{""type"": ""region"", ""nom"": ""Bourgogne-Franche-Comté"", ""insee"": ""27""}]",data/raw/gtfs/2026-10/5f2c9a79e4e713875a58be26/84074.zip,True,,2026-10-09,,,,,8,True,True,True,[],"[""agency.txt"", ""calendar.txt"", ""calendar_dates.txt"", ""routes.txt"", ""shapes.txt"", ""stop_times.txt"", ""stops.txt"", ""transfers.txt"", ""trips.txt""]",False,False,2026-09-01,2027-08-31,False,218,262,"[""CAR Mobigo (70)""]","[5.414784, 47.246932, 6.857194, 47.9263859]",2026-10-09,
5f2c9a79e4e713875a58be26,reseau-de-transport-interurbain-mobigo-en-bourgogne-franche-comte,Réseau interurbain Mobigo,84078,https://exs.mobigo2.cityway.fr/gtfs.aspx?key=OPENDATA&operatorCode=UT21,"[{""type"": ""region"", ""nom"": ""Bourgogne-Franche-Comté"", ""insee"": ""27""}]",data/raw/gtfs/2026-10/5f2c9a79e4e713875a58be26/84078.zip,True,,2026-10-09,,,,,8,True,True,True,[],"[""agency.txt"", ""calendar.txt"", ""calendar_dates.txt"", ""routes.txt"", ""shapes.txt"", ""stop_times.txt"", ""stops.txt"", ""transfers.txt"", ""trips.txt""]",False,False,2026-09-11,2027-08-31,False,784,730,"[""MOBIGO 21""]","[3.9079, 46.954306, 5.596151, 47.987139]",2026-10-09,
5f2c9a79e4e713875a58be26,reseau-de-transport-interurbain-mobigo-en-bourgogne-franche-comte,Réseau interurbain Mobigo,83931,https://www.viamobigo.fr/ftp/zipopendata/ut.gtfs.zip,"[{""type"": ""region"", ""nom"": ""Bourgogne-Franche-Comté"", ""insee"": ""27""}]",data/raw/gtfs/2026-10/5f2c9a79e4e713875a58be26/83931.zip,True,,2026-10-09,,,,,8,True,True,True,[],"[""agency.txt"", ""calendar_dates.txt"", ""feed_info.txt"", ""routes.txt"", ""shapes.txt"", ""stop_times.txt"", ""stops.txt"", ""transfers.txt"", ""trips.txt""]",False,False,2026-06-24,2026-12-31,False,4231,1966,"[""MOBIGO 21 - COTE D'OR"", ""MOBIGO 25 - DOUBS"", ""MOBIGO 39 - JURA"", ""MOBIGO 58 - NIEVRE"", ""MOBIGO 70 - HAUTE SAONE"", ""MOBIGO 71 - SAONE ET LOIRE"", ""MOBIGO 89 - YONNE""]","[0.0, 0.0, 6.857194, 48.353776]",2026-10-09,
5f2c9a79e4e713875a58be26,reseau-de-transport-interurbain-mobigo-en-bourgogne-franche-comte,Réseau interurbain Mobigo,84073,https://exs.mobigo2.cityway.fr/gtfs.aspx?key=OPENDATA&operatorCode=UT71,"[{""type"": ""region"", ""nom"": ""Bourgogne-Franche-Comté"", ""insee"": ""27""}]",data/raw/gtfs/2026-10/5f2c9a79e4e713875a58be26/84073.zip,True,,2026-10-09,,,,,8,True,True,True,[],"[""agency.txt"", ""calendar.txt"", ""calendar_dates.txt"", ""routes.txt"", ""shapes.txt"", ""stop_times.txt"", ""stops.txt"", ""transfers.txt"", ""trips.txt""]",False,False,2026-09-01,2027-08-31,False,244,254,"[""CAR Mobigo (71)""]","[3.934099, 46.282971, 5.55163, 47.062945]",2026-10-09,
5f2c9a79e4e713875a58be26,reseau-de-transport-interurbain-mobigo-en-bourgogne-franche-comte,Réseau interurbain Mobigo,84076,https://exs.mobigo2.cityway.fr/gtfs.aspx?key=OPENDATA&operatorCode=UT39,"[{""type"": ""region"", ""nom"": ""Bourgogne-Franche-Comté"", ""insee"": ""27""}]",data/raw/gtfs/2026-10/5f2c9a79e4e713875a58be26/84076.zip,True,,2026-10-09,,,,,8,True,True,True,[],"[""agency.txt"", ""calendar.txt"", ""calendar_dates.txt"", ""routes.txt"", ""shapes.txt"", ""stop_times.txt"", ""stops.txt"", ""transfers.txt"", ""trips.txt""]",False,False,2026-09-30,2027-12-31,False,266,180,"[""CAR Mobigo (39)""]","[5.0277208, 46.198805, 6.155463, 47.326793]",2026-10-09,
5f2c9a79e4e713875a58be26,reseau-de-transport-interurbain-mobigo-en-bourgogne-franche-comte,Réseau interurbain Mobigo,84072,https://exs.mobigo2.cityway.fr/gtfs.aspx?key=OPENDATA&operatorCode=UT89,"[{""type"": ""region"", ""nom"": ""Bourgogne-Franche-Comté"", ""insee"": ""27""}]",data/raw/gtfs/2026-10/5f2c9a79e4e713875a58be26/84072.zip,True,,2026-10-09,,,,,8,True,True,True,[],"[""agency.txt"", ""calendar.txt"", ""calendar_dates.txt"", ""routes.txt"", ""shapes.txt"", ""stop_times.txt"", ""stops.txt"", ""transfers.txt"", ""trips.txt""]",False,False,2026-09-21,2027-08-31,False,181,99,"[""MOBIGO 89""]","[2.948312, 47.455897, 4.3369632, 48.353776]",2026-10-09,
667005c713503ed936c4be46,arrets-horaires-et-parcours-theoriques-gtfs-du-reseau-routier-regional-de-transport-scolaire-et-interurbain-59-nord,Réseau interurbain et scolaire - Nord (59),81832,https://geocatalogue.hautsdefrance.fr/gtfs/RHDF_GTFS_COM_SCO_59_P4.zip,"[{""type"": ""departement"", ""nom"": ""Nord"", ""insee"": ""59""}]",data/raw/gtfs/2026-10/667005c713503ed936c4be46/81832.zip,True,,2026-10-09,,,,,4,True,True,True,[],"[""agency.txt"", ""calendar.txt"", ""calendar_dates.txt"", ""feed_info.txt"", ""routes.txt"", ""shapes.txt"", ""stop_times.txt"", ""stops.txt"", ""thermometre.txt"", ""timetables.txt"", ""trips.txt""]",False,False,2026-09-01,2027-08-31,False,1719,738,"[""CAR_HDF_59_4""]","[3.496767406082, 49.981425943652, 4.200223622654, 50.422214449371]",2026-10-09,
667005c713503ed936c4be46,arrets-horaires-et-parcours-theoriques-gtfs-du-reseau-routier-regional-de-transport-scolaire-et-interurbain-59-nord,Réseau interurbain et scolaire - Nord (59),81830,https://geocatalogue.hautsdefrance.fr/gtfs/RHDF_GTFS_COM_SCO_59_P3A.zip,"[{""type"": ""departement"", ""nom"": ""Nord"", ""insee"": ""59""}]",data/raw/gtfs/2026-10/667005c713503ed936c4be46/81830.zip,True,,2026-10-09,,,,,4,True,True,True,[],"[""agency.txt"", ""calendar.txt"", ""calendar_dates.txt"", ""feed_info.txt"", ""routes.txt"", ""shapes.txt"", ""stop_times.txt"", ""stops.txt"", ""thermometre.txt"", ""timetables.txt"", ""trips.txt""]",False,False,2026-09-23,2027-08-31,False,1109,455,"[""CAR_HDF_59_3""]","[3.02189, 50.014378455316, 3.662, 50.3837538657]",2026-10-09,
667005c713503ed936c4be46,arrets-horaires-et-parcours-theoriques-gtfs-du-reseau-routier-regional-de-transport-scolaire-et-interurbain-59-nord,Réseau interurbain et scolaire - Nord (59),81829,https://geocatalogue.hautsdefrance.fr/gtfs/RHDF_GTFS_COM_SCO_59_P2.zip,"[{""type"": ""departement"", ""nom"": ""Nord"", ""insee"": ""59""}]",data/raw/gtfs/2026-10/667005c713503ed936c4be46/81829.zip,True,,2026-10-09,,,,,4,True,True,True,[],"[""agency.txt"", ""calendar.txt"", ""calendar_dates.txt"", ""feed_info.txt"", ""routes.txt"", ""shapes.txt"", ""stop_times.txt"", ""stops.txt"", ""thermometre.txt"", ""timetables.txt"", ""transfers.txt"", ""trips.txt""]",False,False,2026-09-01,2027-08-31,False,2504,1301,"[""CAR_HDF_59_2""]","[2.7182257175445557, 50.325690223799256, 3.4433045983314514, 50.78144267341874]",2026-10-09,
667005c713503ed936c4be46,arrets-horaires-et-parcours-theoriques-gtfs-du-reseau-routier-regional-de-transport-scolaire-et-interurbain-59-nord,Réseau interurbain et scolaire - Nord (59),81828,https://geocatalogue.hautsdefrance.fr/gtfs/RHDF_GTFS_COM_SCO_59_P1.zip,"[{""type"": ""departement"", ""nom"": ""Nord"", ""insee"": ""59""}]",data/raw/gtfs/2026-10/667005c713503ed936c4be46/81828.zip,True,,2026-10-09,,,,,4,True,True,True,[],"[""agency.txt"", ""calendar.txt"", ""calendar_dates.txt"", ""feed_info.txt"", ""routes.txt"", ""shapes.txt"", ""stop_times.txt"", ""stops.txt"", ""thermometre.txt"", ""timetables.txt"", ""transfers.txt"", ""trips.txt""]",False,False,2026-09-01,2027-08-31,False,2138,1052,"[""CAR_HDF_59_1""]","[2.042435109615326, 50.49493492871826, 3.048595147090964, 51.07559179120877]",2026-10-09,
5e6435f59ce2e71b24f4c8c0,arrets-itineraires-et-horaires-theoriques-des-reseaux-de-transport-des-membres-de-jvmalin,Agrégat des réseaux urbains et interurbains du Centre-Val-de-Loire,83521,https://fr.ftp.opendatasoft.com/centrevaldeloire/OKINAGTFS/GTFS_AGREGE/JVMALIN.zip,"[{""type"": ""region"", ""nom"": ""Centre-Val de Loire"", ""insee"": ""24""}]",data/raw/gtfs/2026-10/5e6435f59ce2e71b24f4c8c0/83521.zip,True,,2026-10-09,,,,,1,False,True,True,[],"[""agency.txt"", ""calendar.txt"", ""calendar_dates.txt"", ""routes.txt"", ""shapes.txt"", ""stop_times.txt"", ""stops.txt"", ""trips.txt""]",False,False,2026-10-06,2027-10-08,False,17471,104685,"[""Agglobus (Bourges)"", ""Amelys (Montargis)"", ""Azalys (Blois)"", ""Fil Bleu (Tours)"", ""Filibus (Chartres)"", ""HORIZON (CHATEAUROUX)"", ""Le Bus (Amboise)"", ""Le VIB (Vierzon)"", ""Linéad (Dreux)"", ""MOVE"", ""Nosbus (Nogent-le-Rotrou)"", ""Rémi 18"", ""Rémi 28"", ""Rémi 36"", ""Rémi 37"", ""Rémi 41"", ""Rémi 45"", ""TAO (Orléans)"", ""TIG+R (Issoudun)""]","[-0.083938, 46.434139, 3.085756, 48.933815]",2026-10-09,
5e6193359ce2e7207cf4c8f5,remi-offre-theorique-mobilite-reseau-interurbain-regional,Réseau interurbain Rémi,83530,https://fr.ftp.opendatasoft.com/centrevaldeloire/OKINAGTFS/GTFS_AO/REMI.zip,"[{""type"": ""region"", ""nom"": ""Centre-Val de Loire"", ""insee"": ""24""}]",data/raw/gtfs/2026-10/5e6193359ce2e7207cf4c8f5/83530.zip,True,,2026-10-09,,,,,1,False,True,True,[],"[""agency.txt"", ""calendar.txt"", ""calendar_dates.txt"", ""routes.txt"", ""shapes.txt"", ""stop_times.txt"", ""stops.txt"", ""trips.txt""]",False,False,2026-10-07,2027-09-01,False,5819,9153,"[""Rémi 18"", ""Rémi 28"", ""Rémi 36"", ""Rémi 37"", ""Rémi 41"", ""Rémi 45""]","[-0.083938, 46.434139, 3.085756, 48.867382]",2026-10-09,
5b3b3de988ee38708ada1789,reseaux-de-transports-en-commun-de-la-metropole-daix-marseille-provence-et-des-bouches-du-rhone,Réseaux urbains de la Métropole Aix-Marseille-Provence,39595,https://app.mecatran.com/utw/ws/gtfsfeed/static/mamp-mrc?apiKey=70560f77767d05157479657b597a6544026b4b75,"[{""type"": ""epci"", ""nom"": ""Métropole d'Aix-Marseille-Provence"", ""insee"": ""200054807""}]",data/raw/gtfs/2026-10/5b3b3de988ee38708ada1789/39595.zip,True,,2026-10-09,,,,,15,True,True,True,[],"[""agency.txt"", ""calendar.txt"", ""calendar_dates.txt"", ""feed_info.txt"", ""routes.txt"", ""shapes.txt"", ""stop_times.txt"", ""stops.txt"", ""trips.txt""]",False,False,2026-08-05,2026-12-31,False,296,13956,"[""Cassis Carnoux Roquefort""]","[5.3853714, 43.20781405, 5.62388964, 43.28591404]",2026-10-09,
5b3b3de988ee38708ada1789,reseaux-de-transports-en-commun-de-la-metropole-daix-marseille-provence-et-des-bouches-du-rhone,Réseaux urbains de la Métropole Aix-Marseille-Provence,39596,https://app.mecatran.com/utw/ws/gtfsfeed/static/mamp-ctb?apiKey=686525656f2c3228054e6a7c3e38330037076207,"[{""type"": ""epci"", ""nom"": ""Métropole d'Aix-Marseille-Provence"", ""insee"": ""200054807""}]",data/raw/gtfs/2026-10/5b3b3de988ee38708ada1789/39596.zip,True,,2026-10-09,,,,,15,True,True,True,[],"[""agency.txt"", ""calendar.txt"", ""calendar_dates.txt"", ""feed_info.txt"", ""routes.txt"", ""shapes.txt"", ""stop_times.txt"", ""stops.txt"", ""trips.txt""]",False,False,2026-08-26,2026-12-31,False,546,1070,"[""Côte Bleue""]","[4.93916556, 43.301424, 5.379723, 43.4980238]",2026-10-09,
5b3b3de988ee38708ada1789,reseaux-de-transports-en-commun-de-la-metropole-daix-marseille-provence-et-des-bouches-du-rhone,Réseaux urbains de la Métropole Aix-Marseille-Provence,39589,https://app.mecatran.com/utw/ws/gtfsfeed/static/mamp-rtm?apiKey=16421b08630a7d065c6d250051780f484b673659,"[{""type"": ""epci"", ""nom"": ""Métropole d'Aix-Marseille-Provence"", ""insee"": ""200054807""}]",data/raw/gtfs/2026-10/5b3b3de988ee38708ada1789/39589.zip,True,,2026-10-09,,,,,15,True,True,True,[],"[""agency.txt"", ""calendar.txt"", ""calendar_dates.txt"", ""feed_info.txt"", ""routes.txt"", ""shapes.txt"", ""stop_times.txt"", ""stops.txt"", ""trips.txt""]",False,False,2026-10-08,2026-12-07,False,2748,44309,"[""Marseille""]","[5.287573, 43.212648, 5.526175, 43.410319]",2026-10-09,
5b3b3de988ee38708ada1789,reseaux-de-transports-en-commun-de-la-metropole-daix-marseille-provence-et-des-bouches-du-rhone,Réseaux urbains de la Métropole Aix-Marseille-Provence,39602,https://app.mecatran.com/utw/ws/gtfsfeed/static/mamp-c13?apiKey=3675433c4f196f4d3c6b62316e130536196f0336,"[{""type"": ""epci"", ""nom"": ""Métropole d'Aix-Marseille-Provence"", ""insee"": ""200054807""}]",data/raw/gtfs/2026-10/5b3b3de988ee38708ada1789/39602.zip,True,,2026-10-09,,,,,15,True,True,True,[],"[""agency.txt"", ""calendar.txt"", ""calendar_dates.txt"", ""feed_info.txt"", ""routes.txt"", ""shapes.txt"", ""stop_times.txt"", ""stops.txt"", ""trips.txt""]",False,False,2026-08-19,2027-07-03,False,1498,110351,"[""Métropole lecar""]","[0.0, 0.0, 5.678517, 43.63990304]",2026-10-09,
5b3b3de988ee38708ada1789,reseaux-de-transports-en-commun-de-la-metropole-daix-marseille-provence-et-des-bouches-du-rhone,Réseaux urbains de la Métropole Aix-Marseille-Provence,39601,https://app.mecatran.com/utw/ws/gtfsfeed/static/mamp-pam?apiKey=596e694f3330142c525b7d6b123a5b055f744058,"[{""type"": ""epci"", ""nom"": ""Métropole d'Aix-Marseille-Provence"", ""insee"": ""200054807""}]",data/raw/gtfs/2026-10/5b3b3de988ee38708ada1789/39601.zip,True,,2026-10-09,,,,,15,True,True,True,[],"[""agency.txt"", ""calendar.txt"", ""calendar_dates.txt"", ""feed_info.txt"", ""routes.txt"", ""shapes.txt"", ""stop_times.txt"", ""stops.txt"", ""trips.txt""]",False,False,2026-09-07,2026-12-31,False,2706,77484,"[""Aix lecar""]","[4.9957967, 43.30428804, 5.77678, 43.73099204]",2026-10-09,
5b3b3de988ee38708ada1789,reseaux-de-transports-en-commun-de-la-metropole-daix-marseille-provence-et-des-bouches-du-rhone,Réseaux urbains de la Métropole Aix-Marseille-Provence,39592,https://app.mecatran.com/utw/ws/gtfsfeed/static/mamp-lib?apiKey=14276f6a093c2c53370b48001f75646f2b2c3969,"[{""type"": ""epci"", ""nom"": ""Métropole d'Aix-Marseille-Provence"", ""insee"": ""200054807""}]",data/raw/gtfs/2026-10/5b3b3de988ee38708ada1789/39592.zip,True,,2026-10-09,,,,,15,True,True,True,[],"[""agency.txt"", ""calendar.txt"", ""calendar_dates.txt"", ""feed_info.txt"", ""routes.txt"", ""shapes.txt"", ""stop_times.txt"", ""stops.txt"", ""trips.txt""]",False,False,2026-07-28,2026-10-18,False,1828,2359,"[""Salon""]","[4.95467817, 43.42863704, 5.35339778, 43.74679954]",2026-10-09,
5b3b3de988ee38708ada1789,reseaux-de-transports-en-commun-de-la-metropole-daix-marseille-provence-et-des-bouches-du-rhone,Réseaux urbains de la Métropole Aix-Marseille-Provence,39591,https://app.mecatran.com/utw/ws/gtfsfeed/static/mamp-uly?apiKey=0940631b6473164b4a1c136a2828324e6f3f3c08,"[{""type"": ""epci"", ""nom"": ""Métropole d'Aix-Marseille-Provence"", ""insee"": ""200054807""}]",data/raw/gtfs/2026-10/5b3b3de988ee38708ada1789/39591.zip,True,,2026-10-09,,,,,15,True,True,True,[],"[""agency.txt"", ""calendar.txt"", ""calendar_dates.txt"", ""feed_info.txt"", ""routes.txt"", ""shapes.txt"", ""stop_times.txt"", ""stops.txt"", ""trips.txt""]",False,False,2026-07-29,2027-12-31,False,2221,16994,"[""Ouest Étang""]","[4.79286783, 43.330433, 5.43845638, 43.69744894]",2026-10-09,
5b3b3de988ee38708ada1789,reseaux-de-transports-en-commun-de-la-metropole-daix-marseille-provence-et-des-bouches-du-rhone,Réseaux urbains de la Métropole Aix-Marseille-Provence,39594,https://app.mecatran.com/utw/ws/gtfsfeed/static/mamp-cig?apiKey=0262073f524e2f1e1a2f4f254c6b01790b2b2b39,"[{""type"": ""epci"", ""nom"": ""Métropole d'Aix-Marseille-Provence"", ""insee"": ""200054807""}]",data/raw/gtfs/2026-10/5b3b3de988ee38708ada1789/39594.zip,True,,2026-10-09,,,,,15,True,True,True,[],"[""agency.txt"", ""calendar.txt"", ""calendar_dates.txt"", ""feed_info.txt"", ""routes.txt"", ""shapes.txt"", ""stop_times.txt"", ""stops.txt"", ""trips.txt""]",False,False,2026-08-31,2027-06-30,False,89,16,"[""Gémenos""]","[5.586512, 43.210199, 5.637119, 43.313573]",2026-10-09,
5b3b3de988ee38708ada1789,reseaux-de-transports-en-commun-de-la-metropole-daix-marseille-provence-et-des-bouches-du-rhone,Réseaux urbains de la Métropole Aix-Marseille-Provence,39597,https://app.mecatran.com/utw/ws/gtfsfeed/static/mamp-bde?apiKey=2b7a3b3b084c750566663c2e09726b19171f275c,"[{""type"": ""epci"", ""nom"": ""Métropole d'Aix-Marseille-Provence"", ""insee"": ""200054807""}]",data/raw/gtfs/2026-10/5b3b3de988ee38708ada1789/39597.zip,True,,2026-10-09,,,,,15,True,True,True,[],"[""agency.txt"", ""calendar.txt"", ""calendar_dates.txt"", ""feed_info.txt"", ""routes.txt"", ""shapes.txt"", ""stop_times.txt"", ""stops.txt"", ""trips.txt""]",False,False,2026-07-06,2026-10-18,False,1307,3591,"[""Est Étang""]","[5.10677055, 43.36961079, 5.37467038, 43.58834721]",2026-10-09,
5b3b3de988ee38708ada1789,reseaux-de-transports-en-commun-de-la-metropole-daix-marseille-provence-et-des-bouches-du-rhone,Réseaux urbains de la Métropole Aix-Marseille-Provence,39599,https://app.mecatran.com/utw/ws/gtfsfeed/static/mamp-fri?apiKey=0d5075674700466047752b2c591d300a1452601d,"[{""type"": ""epci"", ""nom"": ""Métropole d'Aix-Marseille-Provence"", ""insee"": ""200054807""}]",data/raw/gtfs/2026-10/5b3b3de988ee38708ada1789/39599.zip,True,,2026-10-09,,,,,15,True,True,True,[],"[""agency.txt"", ""calendar.txt"", ""calendar_dates.txt"", ""feed_info.txt"", ""routes.txt"", ""stop_times.txt"", ""stops.txt"", ""trips.txt""]",False,False,2025-12-24,2026-12-31,False,8,54,"[""Lebateau""]","[5.3070491, 43.28013635, 5.37409009, 43.29464231]",2026-10-09,
5b3b3de988ee38708ada1789,reseaux-de-transports-en-commun-de-la-metropole-daix-marseille-provence-et-des-bouches-du-rhone,Réseaux urbains de la Métropole Aix-Marseille-Provence,39593,https://app.mecatran.com/utw/ws/gtfsfeed/static/mamp-col?apiKey=776d384907333d300f1b0077344506394e09501d,"[{""type"": ""epci"", ""nom"": ""Métropole d'Aix-Marseille-Provence"", ""insee"": ""200054807""}]",data/raw/gtfs/2026-10/5b3b3de988ee38708ada1789/39593.zip,True,,2026-10-09,,,,,15,True,True,True,[],"[""agency.txt"", ""calendar.txt"", ""calendar_dates.txt"", ""feed_info.txt"", ""routes.txt"", ""shapes.txt"", ""stop_times.txt"", ""stops.txt"", ""trips.txt""]",False,False,2026-09-08,2027-07-02,False,78,3109,"[""Allauch""]","[5.4050608, 43.30027434, 5.4964954, 43.36409604]",2026-10-09,
5b3b3de988ee38708ada1789,reseaux-de-transports-en-commun-de-la-metropole-daix-marseille-provence-et-des-bouches-du-rhone,Réseaux urbains de la Métropole Aix-Marseille-Provence,39603,https://app.mecatran.com/utw/ws/gtfsfeed/static/mamp-aix?apiKey=020c7c326b6c5e750b168064336e344c61213521,"[{""type"": ""epci"", ""nom"": ""Métropole d'Aix-Marseille-Provence"", ""insee"": ""200054807""}]",data/raw/gtfs/2026-10/5b3b3de988ee38708ada1789/39603.zip,True,,2026-10-09,,,,,15,True,True,True,[],"[""agency.txt"", ""calendar.txt"", ""calendar_dates.txt"", ""feed_info.txt"", ""routes.txt"", ""shapes.txt"", ""stop_times.txt"", ""stops.txt"", ""trips.txt""]",False,False,2026-09-14,2026-10-18,False,1110,4325,"[""Aix lebus""]","[5.30554408, 43.43128909, 5.54281627, 43.61202702]",2026-10-09,
5b3b3de988ee38708ada1789,reseaux-de-transports-en-commun-de-la-metropole-daix-marseille-provence-et-des-bouches-du-rhone,Réseaux urbains de la Métropole Aix-Marseille-Provence,39598,https://app.mecatran.com/utw/ws/gtfsfeed/static/mamp-aub?apiKey=5d154e7479302217113b0146044950783f2e7f72,"[{""type"": ""epci"", ""nom"": ""Métropole d'Aix-Marseille-Provence"", ""insee"": ""200054807""}]",data/raw/gtfs/2026-10/5b3b3de988ee38708ada1789/39598.zip,True,,2026-10-09,,,,,15,True,True,True,[],"[""agency.txt"", ""calendar.txt"", ""calendar_dates.txt"", ""feed_info.txt"", ""routes.txt"", ""shapes.txt"", ""stop_times.txt"", ""stops.txt"", ""trips.txt""]",False,False,2026-07-28,2026-12-31,False,777,2042,"[""Aubagne""]","[5.504352, 43.267632, 5.727546, 43.426166]",2026-10-09,
5b3b3de988ee38708ada1789,reseaux-de-transports-en-commun-de-la-metropole-daix-marseille-provence-et-des-bouches-du-rhone,Réseaux urbains de la Métropole Aix-Marseille-Provence,80736,https://app.mecatran.com/utw/ws/gtfsfeed/static/mamp-cio?apiKey=2b37114236244f1e115f6542331d243617772448,"[{""type"": ""epci"", ""nom"": ""Métropole d'Aix-Marseille-Provence"", ""insee"": ""200054807""}]",data/raw/gtfs/2026-10/5b3b3de988ee38708ada1789/80736.zip,True,,2026-10-09,,,,,15,True,True,True,[],"[""agency.txt"", ""calendar.txt"", ""calendar_dates.txt"", ""feed_info.txt"", ""routes.txt"", ""shapes.txt"", ""stop_times.txt"", ""stops.txt"", ""trips.txt""]",False,False,2026-07-12,2026-12-27,False,560,1940,"[""La Ciotat""]","[5.587845, 43.167573, 5.656425, 43.223386]",2026-10-09,
5b3b3de988ee38708ada1789,reseaux-de-transports-en-commun-de-la-metropole-daix-marseille-provence-et-des-bouches-du-rhone,Réseaux urbains de la Métropole Aix-Marseille-Provence,81969,https://app.mecatran.com/utw/ws/gtfsfeed/static/mamp?apiKey=60327e505a214c77303f52206f11483069257343,"[{""type"": ""epci"", ""nom"": ""Métropole d'Aix-Marseille-Provence"", ""insee"": ""200054807""}]",data/raw/gtfs/2026-10/5b3b3de988ee38708ada1789/81969.zip,True,,2026-10-09,,,,,15,True,True,True,[],"[""agency.txt"", ""calendar.txt"", ""calendar_dates.txt"", ""feed_info.txt"", ""routes.txt"", ""shapes.txt"", ""stop_times.txt"", ""stops.txt"", ""transfers.txt"", ""trips.txt""]",False,False,2026-10-08,2027-04-27,False,15427,205327,"[""Aix lebus"", ""Aix lecar"", ""Allauch"", ""Aubagne"", ""Cassis Carnoux Roquefort"", ""Côte Bleue"", ""Envia"", ""Est Étang"", ""Gémenos"", ""LER ! ZOU"", ""La Ciotat"", ""Lebateau"", ""Marseille"", ""Métropole lecar"", ""Ouest Étang"", ""SNCF / TER"", ""Salon""]","[3.69657105, 43.10890188, 7.73388204, 48.58510989]",2026-10-09,
5de42c4d8b4c417a10e62ec9,horaires-theoriques-du-reseau-transports-en-commun-lyonnais,Réseau urbain TCL,81943,https://www.data.gouv.fr/api/1/datasets/r/abebedc6-28cf-4e2e-9c64-db57a40156f8,"[{""type"": ""epci"", ""nom"": ""CA Villefranche Beaujolais Saône"", ""insee"": ""200040590""}, {""type"": ""epci"", ""nom"": ""CA de l'Ouest Rhodanien"", ""insee"": ""200040566""}, {""type"": ""epci"", ""nom"": ""CC Beaujolais Pierres Dorées"", ""insee"": ""200040574""}, {""type"": ""epci"", ""nom"": ""CC Saône-Beaujolais"", ""insee"": ""200067817""}, {""type"": ""epci"", ""nom"": ""CC de l'Est Lyonnais (CCEL)"", ""insee"": ""246900575""}, {""type"": ""epci"", ""nom"": ""CC de la Vallée du Garon (CCVG)"", ""insee"": ""246900757""}, {""type"": ""epci"", ""nom"": ""CC des Monts du Lyonnais"", ""insee"": ""200066587""}, {""type"": ""epci"", ""nom"": ""CC des Vallons du Lyonnais (CCVL)"", ""insee"": ""246900724""}, {""type"": ""epci"", ""nom"": ""CC du Pays Mornantais (COPAMO)"", ""insee"": ""246900740""}, {""type"": ""epci"", ""nom"": ""CC du Pays de l'Arbresle (CCPA)"", ""insee"": ""246900625""}, {""type"": ""epci"", ""nom"": ""CC du Pays de l'Ozon"", ""insee"": ""246900765""}, {""type"": ""epci"", ""nom"": ""Métropole de Lyon"", ""insee"": ""200046977""}]",data/raw/gtfs/2026-10/5de42c4d8b4c417a10e62ec9/81943.zip,True,transport.data.gouv.fr tags this resource as a community copy even though it is the producer's published URL (datagouv_id abebedc6-28cf-4e2e-9c64-db57a40156f8); kept per manual verification on 2026-10-09.,2026-10-09,,,,,1,False,True,True,[],"[""agency.txt"", ""calendar.txt"", ""calendar_dates.txt"", ""fare_attributes.txt"", ""fare_rules.txt"", ""feed_info.txt"", ""frequencies.txt"", ""id_mappings.txt"", ""routes.txt"", ""shapes.txt"", ""stop_times.txt"", ""stops.txt"", ""transfers.txt"", ""trips.txt""]",False,False,2026-09-08,2027-08-28,False,8852,99135,"[""Rhonexpress"", ""TCL""]","[4.06207, 45.52056, 5.30457, 46.2226]",2026-10-09,
632a56a68a907ff3d4eacfa5,arrets-horaires-et-parcours-theoriques-des-reseaux-naq-gir-nva-m-1,Réseau interurbain - Gironde (33),82338,https://www.pigma.org/public/opendata/nouvelle_aquitaine_mobilites/publication/gironde-aggregated-gtfs.zip,"[{""type"": ""departement"", ""nom"": ""Gironde"", ""insee"": ""33""}]",data/raw/gtfs/2026-10/632a56a68a907ff3d4eacfa5/82338.zip,True,,2026-10-09,,,,,1,False,True,True,[],"[""agency.txt"", ""calendar.txt"", ""calendar_dates.txt"", ""routes.txt"", ""shapes.txt"", ""stop_times.txt"", ""stops.txt"", ""trips.txt""]",False,False,2026-09-13,2027-09-15,False,6045,1897,"[""Cars Régionaux 33 - Gironde""]","[-1.211931, 44.283207, 0.075956, 45.566891]",2026-10-09,
632a56a74561af3796eacfa6,arrets-horaires-et-parcours-theoriques-des-reseaux-naq-bac-nva-m,Réseau maritime - Gironde (33),82382,https://www.pigma.org/public/opendata/nouvelle_aquitaine_mobilites/publication/bac_gironde-aggregated-gtfs.zip,"[{""type"": ""departement"", ""nom"": ""Gironde"", ""insee"": ""33""}]",data/raw/gtfs/2026-10/632a56a74561af3796eacfa6/82382.zip,True,,2026-10-09,,,,,1,False,True,True,[],"[""agency.txt"", ""calendar.txt"", ""calendar_dates.txt"", ""routes.txt"", ""shapes.txt"", ""stop_times.txt"", ""stops.txt"", ""trips.txt""]",False,False,2026-03-25,2027-03-27,False,8,83,"[""Liaisons maritimes Gironde""]","[-1.063842, 45.09853, -0.665392, 45.617851]",2026-10-09,
66d25e146c064cce49709399,arrets-horaires-et-parcours-theoriques-gtfs-du-reseau-routier-regional-de-transport-interurbain-62-pas-de-calais-1,Réseau interurbain - Pas-de-Calais (62),82169,https://geocatalogue.hautsdefrance.fr/gtfs/RHDF_GTFS_COM_62.zip,"[{""type"": ""departement"", ""nom"": ""Pas-de-Calais"", ""insee"": ""62""}]",data/raw/gtfs/2026-10/66d25e146c064cce49709399/82169.zip,True,,2026-10-09,,,,,1,False,True,True,[],"[""agency.txt"", ""calendar.txt"", ""calendar_dates.txt"", ""routes.txt"", ""shapes.txt"", ""stop_times.txt"", ""stops.txt"", ""trips.txt"", ""trips_extensions.txt""]",False,False,2026-08-17,2026-12-31,False,3659,1240,"[""RHDF-62-COM""]","[1.562648, 50.026127, 3.243649, 51.002582]",2026-10-09,
667005b613503ed936c4be26,arrets-horaires-et-parcours-theoriques-gtfs-du-reseau-routier-regional-de-transport-scolaire-62-pas-de-calais,Réseau scolaire de Pas-de-Calais (62),81833,https://geocatalogue.hautsdefrance.fr/gtfs/RHDF_GTFS_SCO_62.zip,"[{""type"": ""departement"", ""nom"": ""Pas-de-Calais"", ""insee"": ""62""}]",data/raw/gtfs/2026-10/667005b613503ed936c4be26/81833.zip,True,,2026-10-09,,,,,1,False,True,True,[],"[""agency.txt"", ""calendar.txt"", ""calendar_dates.txt"", ""routes.txt"", ""shapes.txt"", ""stop_times.txt"", ""stops.txt"", ""trips.txt"", ""trips_extensions.txt""]",False,False,2026-01-01,2026-12-19,False,6889,2056,"[""RHDF-62-SCO""]","[1.562648, 50.049808, 3.195561, 51.003461]",2026-10-09,
678d0721a9efa066b6eed606,desserte-des-stations-de-ski-iseroises-transaltitude-38,Navettes saisonnières Transaltitude - Isère,82729,https://api.oura3.cityway.fr/dataflow/offre-tc/download?provider=TRANSALTITUDE&dataFormat=gtfs,"[{""type"": ""departement"", ""nom"": ""Isère"", ""insee"": ""38""}]",data/raw/gtfs/2026-10/678d0721a9efa066b6eed606/82729.zip,True,,2026-10-09,,,,,1,False,True,True,[],"[""agency.txt"", ""calendar.txt"", ""calendar_dates.txt"", ""feed_info.txt"", ""routes.txt"", ""shapes.txt"", ""stop_times.txt"", ""stops.txt"", ""transfers.txt"", ""trips.txt""]",False,False,2026-02-02,2026-04-26,True,65,175,"[""REGION - cars Région Transaltitude""]","[4.9791022, 44.893782, 6.132066, 45.388117]",2026-10-09,
5bb1caa6634f4136693d9053,reseau-interurbain-cars-region-isere-38-1,Réseau interurbain - Isère (38),40287,https://api.oura3.cityway.fr/dataflow/offre-tc/download?provider=ISERE&dataFormat=gtfs,"[{""type"": ""departement"", ""nom"": ""Isère"", ""insee"": ""38""}]",data/raw/gtfs/2026-10/5bb1caa6634f4136693d9053/40287.zip,True,,2026-10-09,,,,,1,False,True,True,[],"[""agency.txt"", ""calendar.txt"", ""calendar_dates.txt"", ""feed_info.txt"", ""routes.txt"", ""shapes.txt"", ""stop_times.txt"", ""stops.txt"", ""transfers.txt"", ""trips.txt""]",False,False,2026-10-08,2027-08-31,False,9401,3658,"[""REGION - cars Région Isère""]","[4.758348, 44.563572, 6.277561, 45.8833024]",2026-10-09,
66f6af06bdbc7c54b73d08c7,bacs-de-seine-departement-seine-maritime,Réseau maritime Bacs de Seine,82308,https://static.data.gouv.fr/resources/bacs-de-seine-departement-seine-maritime/20251230-075024/pt-th-offer-seinemaritime76-gtfs-20251230-303-opendata.zip,"[{""type"": ""departement"", ""nom"": ""Seine-Maritime"", ""insee"": ""76""}]",data/raw/gtfs/2026-10/66f6af06bdbc7c54b73d08c7/82308.zip,True,,2026-10-09,,,,,1,False,True,True,[],"[""agency.txt"", ""attributions.txt"", ""calendar.txt"", ""calendar_dates.txt"", ""routes.txt"", ""shapes.txt"", ""stop_times.txt"", ""stops.txt"", ""transfers.txt"", ""trips.txt""]",False,False,2025-12-30,2026-12-31,False,16,1254,"[""Bacs de Seine (Département Seine-Maritime)""]","[0.5308958, 49.3512183, 1.0227254, 49.4808262]",2026-10-09,
68c805f159d6b94af5184dd7,flibco-lille-airport-gtfs,Navettes Aéroport de Lille,83405,https://static.data.gouv.fr/resources/flibco-lille-airport-gtfs/20260709-124351/lille-v5.zip,"[{""type"": ""epci"", ""nom"": ""Métropole Européenne de Lille"", ""insee"": ""200093201""}]",data/raw/gtfs/2026-10/68c805f159d6b94af5184dd7/83405.zip,True,,2026-10-09,,,,,1,False,True,True,[],"[""agency.txt"", ""calendar.txt"", ""routes.txt"", ""stop_times.txt"", ""stops.txt"", ""trips.txt""]",False,False,2025-09-01,2026-12-31,False,2,338,"[""flibco.com""]","[3.070969, 50.572038, 3.10594, 50.637528]",2026-10-09,
665fe73f1da7949369f23bb5,ilevia-localisation-des-arrets-bus-metro-et-tram-gtfs,Réseau urbain ilévia,81995,https://media.ilevia.fr/opendata/gtfs.zip,"[{""type"": ""epci"", ""nom"": ""Métropole Européenne de Lille"", ""insee"": ""200093201""}]",data/raw/gtfs/2026-10/665fe73f1da7949369f23bb5/81995.zip,True,,2026-10-09,,,,,1,False,True,True,[],"[""agency.txt"", ""calendar_dates.txt"", ""fare_attributes.txt"", ""routes.txt"", ""stop_times.txt"", ""stops.txt"", ""trips.txt""]",False,False,2026-10-08,2027-07-02,False,4925,40382,"[""ILEVIA""]","[2.800832, 50.510731, 3.273467, 50.788235]",2026-10-09,
63b4c3d306d317f5caa80dcf,offre-de-transport-du-reseau-fluo-grand-est-bas-rhin-67,Réseau interurbain Fluo Grand-Est - Bas-Rhin (67),80417,https://api.grandest2.cityway.fr/exs/GTFS?Key=OPENDATA&OperatorCode=CG67,"[{""type"": ""departement"", ""nom"": ""Bas-Rhin"", ""insee"": ""67""}]",data/raw/gtfs/2026-10/63b4c3d306d317f5caa80dcf/80417.zip,True,,2026-10-09,,,,,1,False,True,True,[],"[""agency.txt"", ""calendar.txt"", ""calendar_dates.txt"", ""feed_info.txt"", ""routes.txt"", ""shapes.txt"", ""stop_times.txt"", ""stops.txt"", ""transfers.txt"", ""trips.txt""]",False,False,2026-02-28,2027-08-29,False,1530,1737,"[""Fluo Grand Est 67""]","[7.0855155, 48.1507175, 8.2010298, 49.0086243]",2026-10-09,
56b0c2fba3a7294d39b88a86,tisseo-reseau-transport-urbain-toulousain,Réseau urbain Tisséo,81678,https://data.toulouse-metropole.fr/explore/dataset/tisseo-gtfs/files/fc1dda89077cf37e4f7521760e0ef4e9/download/,"[{""type"": ""epci"", ""nom"": ""CA Le Muretain Agglo"", ""insee"": ""200068641""}, {""type"": ""epci"", ""nom"": ""CA du Sicoval"", ""insee"": ""243100633""}, {""type"": ""epci"", ""nom"": ""CC Le Grand Ouest Toulousain"", ""insee"": ""243100781""}, {""type"": ""epci"", ""nom"": ""CC des Coteaux Bellevue"", ""insee"": ""243100815""}, {""type"": ""epci"", ""nom"": ""Toulouse Métropole"", ""insee"": ""243100518""}]",data/raw/gtfs/2026-10/56b0c2fba3a7294d39b88a86/81678.zip,True,,2026-10-09,,,,,1,False,True,True,[],"[""agency.txt"", ""calendar.txt"", ""calendar_dates.txt"", ""fare_attributes.txt"", ""fare_rules.txt"", ""routes.txt"", ""shapes.txt"", ""stop_times.txt"", ""stops.txt"", ""transfers.txt"", ""trips.txt""]",False,False,2026-10-08,2026-11-11,False,5723,53274,"[""Tisséo""]","[1.1510467951802064, 43.39124076679435, 1.6905428807781353, 43.74990182866533]",2026-10-09,
658626aaa5597d726dc71b49,breizhgo-35-experimentation,Réseau interurbain BreizhGo Car 35 (expérimentation),81486,https://www.korrigo.bzh/ftp/OPENDATA/BREIZHGO_CAR_35.gtfs.zip,"[{""type"": ""departement"", ""nom"": ""Ille-et-Vilaine"", ""insee"": ""35""}]",data/raw/gtfs/2026-10/658626aaa5597d726dc71b49/81486.zip,True,,2026-10-09,,,,,1,False,True,True,[],"[""agency.txt"", ""calendar.txt"", ""calendar_dates.txt"", ""routes.txt"", ""shapes.txt"", ""stop_times.txt"", ""stops.txt"", ""transfers.txt"", ""trips.txt""]",False,False,2026-10-09,2027-07-02,False,705,1775,"[""BreizhGo en Ille-et-Vilaine""]","[-3.562317, 47.7216556, -1.125251, 48.6490705]",2026-10-09,
63b4c3d200fbf8e5ed9dde9c,offre-de-transport-du-reseau-fluo-grand-est-moselle-57,Réseau interurbain Fluo Grand-Est - Moselle (57),80427,https://api.grandest2.cityway.fr/exs/GTFS?Key=OPENDATA&OperatorCode=TIM,"[{""type"": ""departement"", ""nom"": ""Moselle"", ""insee"": ""57""}]",data/raw/gtfs/2026-10/63b4c3d200fbf8e5ed9dde9c/80427.zip,True,,2026-10-09,,,,,1,False,True,True,[],"[""agency.txt"", ""calendar.txt"", ""calendar_dates.txt"", ""feed_info.txt"", ""routes.txt"", ""shapes.txt"", ""stop_times.txt"", ""stops.txt"", ""transfers.txt"", ""trips.txt""]",False,False,2026-10-08,2027-08-15,False,4901,2764,"[""Fluo Grand Est 57""]","[5.7692282, 48.5556549, 7.61332, 49.5135682]",2026-10-09,
669ef286aa79a99f798e70b2,finistair-region-bretagne,Programme des vols Finist'Air,82872,https://www.korrigo.bzh/ftp/OPENDATA/FINISTAIR.gtfs.zip,"[{""type"": ""departement"", ""nom"": ""Finistère"", ""insee"": ""29""}]",data/raw/gtfs/2026-10/669ef286aa79a99f798e70b2/82872.zip,True,,2026-10-09,,,,,1,False,True,True,[],"[""agency.txt"", ""calendar.txt"", ""calendar_dates.txt"", ""routes.txt"", ""shapes.txt"", ""stop_times.txt"", ""stops.txt"", ""transfers.txt"", ""trips.txt""]",False,False,2026-10-08,2026-12-31,False,2,6,"[""Finist'Air""]","[-5.06261, 48.443268, -4.41755, 48.46195]",2026-10-09,
5f3b576ef388432cf6071cc6,horaires-theoriques-au-format-gtfs-et-horaires-temps-reel-au-format-gtfs-rt-du-reseau-car-jaune-a-la-reunion,Réseau interurbain Cars Jaunes,80934,https://pysae.com/api/v2/groups/car-jaune/gtfs/pub,"[{""type"": ""region"", ""nom"": ""La Réunion"", ""insee"": ""04""}]",data/raw/gtfs/2026-10/5f3b576ef388432cf6071cc6/80934.zip,True,,2026-10-09,,,,,1,False,True,True,[],"[""agency.txt"", ""calendar.txt"", ""calendar_dates.txt"", ""routes.txt"", ""shapes.txt"", ""stop_times.txt"", ""stops.txt"", ""trips.txt""]",False,False,2026-08-18,2027-08-02,False,468,2286,"[""CAR JAUNE""]","[55.218722, -21.38037, 55.826848, -20.87433]",2026-10-09,
67f5bad303325228295b7dff,offres-de-services-bus-tram-et-scolaire-au-format-gtfs-netex-gtfs-rt-siri-lite,Réseau urbain et scolaire TBM,83024,https://bdx.mecatran.com/utw/ws/gtfsfeed/static/bordeaux?apiKey=opendata-bordeaux-metropole-flux-gtfs-rt,"[{""type"": ""epci"", ""nom"": ""Bordeaux Métropole"", ""insee"": ""243300316""}]",data/raw/gtfs/2026-10/67f5bad303325228295b7dff/83024.zip,True,,2026-10-09,,,,,1,False,True,True,[],"[""agency.txt"", ""calendar.txt"", ""calendar_dates.txt"", ""fare_leg_rules.txt"", ""fare_media.txt"", ""fare_products.txt"", ""fare_transfer_rules.txt"", ""feed_info.txt"", ""networks.txt"", ""rider_categories.txt"", ""route_networks.txt"", ""routes.txt"", ""shapes.txt"", ""stop_times.txt"", ""stops.txt"", ""trips.txt""]",False,False,2026-10-09,2027-07-02,False,7412,60328,"[""TBM""]","[-0.80071332, 44.7452456, -0.46474727, 45.025554]",2026-10-09,
607861844a84ad655a94f8c5,reseau-interurbain-cars-region-haute-savoie-74,Réseau interurbain - Haute-Savoie (74),80964,https://api.oura3.cityway.fr/dataflow/offre-tc/download?provider=HAUTE_SAVOIE&dataFormat=GTFS&dataProfil=OPENDATA,"[{""type"": ""departement"", ""nom"": ""Haute-Savoie"", ""insee"": ""74""}]",data/raw/gtfs/2026-10/607861844a84ad655a94f8c5/80964.zip,True,,2026-10-09,,,,,1,False,True,True,[],"[""agency.txt"", ""calendar.txt"", ""calendar_dates.txt"", ""feed_info.txt"", ""routes.txt"", ""shapes.txt"", ""stop_times.txt"", ""stops.txt"", ""transfers.txt"", ""trips.txt""]",False,False,2026-09-10,2027-08-31,False,1646,1133,"[""REGION - cars Région Haute-Savoie""]","[5.821543, 45.6693897, 6.927311, 46.378752]",2026-10-09,
667005da13503ed936c4be66,arrets-horaires-et-parcours-theoriques-du-reseau-routier-regional-de-transport-scolaire-et-interurbain-60-oise-1,Réseau interurbain et scolaire - Oise (60),81820,https://geocatalogue.hautsdefrance.fr/gtfs/RHDF_GTFS_COM_SCO_60_P1.zip,"[{""type"": ""departement"", ""nom"": ""Oise"", ""insee"": ""60""}]",data/raw/gtfs/2026-10/667005da13503ed936c4be66/81820.zip,True,,2026-10-09,,,,,4,True,True,True,[],"[""agency.txt"", ""calendar.txt"", ""calendar_dates.txt"", ""routes.txt"", ""shapes.txt"", ""stop_times.txt"", ""stops.txt"", ""transfers.txt"", ""trips.txt""]",False,False,2026-09-01,2027-08-31,False,2092,1395,"[""CAR_HDF_60_1""]","[1.611875, 49.035434, 2.824356, 49.893938]",2026-10-09,
667005da13503ed936c4be66,arrets-horaires-et-parcours-theoriques-du-reseau-routier-regional-de-transport-scolaire-et-interurbain-60-oise-1,Réseau interurbain et scolaire - Oise (60),81823,https://geocatalogue.hautsdefrance.fr/gtfs/RHDF_GTFS_COM_SCO_60_P4.zip,"[{""type"": ""departement"", ""nom"": ""Oise"", ""insee"": ""60""}]",data/raw/gtfs/2026-10/667005da13503ed936c4be66/81823.zip,True,,2026-10-09,,,,,4,True,True,True,[],"[""agency.txt"", ""calendar.txt"", ""calendar_dates.txt"", ""routes.txt"", ""shapes.txt"", ""stop_times.txt"", ""stops.txt"", ""transfers.txt"", ""trips.txt""]",False,False,2026-09-01,2027-01-03,False,501,297,"[""CAR_HDF_60_4""]","[2.5594373, 49.0106834, 3.111058, 49.3112241]",2026-10-09,
667005da13503ed936c4be66,arrets-horaires-et-parcours-theoriques-du-reseau-routier-regional-de-transport-scolaire-et-interurbain-60-oise-1,Réseau interurbain et scolaire - Oise (60),81822,https://geocatalogue.hautsdefrance.fr/gtfs/RHDF_GTFS_COM_SCO_60_P3.zip,"[{""type"": ""departement"", ""nom"": ""Oise"", ""insee"": ""60""}]",data/raw/gtfs/2026-10/667005da13503ed936c4be66/81822.zip,True,,2026-10-09,,,,,4,True,True,True,[],"[""agency.txt"", ""calendar.txt"", ""calendar_dates.txt"", ""routes.txt"", ""shapes.txt"", ""stop_times.txt"", ""stops.txt"", ""transfers.txt"", ""trips.txt""]",False,False,2026-09-01,2027-08-31,False,1682,1462,"[""CAR_HDF_60_3""]","[2.216056, 49.2061612, 3.336189, 49.761172]",2026-10-09,
667005da13503ed936c4be66,arrets-horaires-et-parcours-theoriques-du-reseau-routier-regional-de-transport-scolaire-et-interurbain-60-oise-1,Réseau interurbain et scolaire - Oise (60),81821,https://geocatalogue.hautsdefrance.fr/gtfs/RHDF_GTFS_COM_SCO_60_P2.zip,"[{""type"": ""departement"", ""nom"": ""Oise"", ""insee"": ""60""}]",data/raw/gtfs/2026-10/667005da13503ed936c4be66/81821.zip,True,,2026-10-09,,,,,4,True,True,True,[],"[""agency.txt"", ""calendar.txt"", ""calendar_dates.txt"", ""routes.txt"", ""shapes.txt"", ""stop_times.txt"", ""stops.txt"", ""transfers.txt"", ""trips.txt""]",False,False,2026-09-01,2027-08-31,False,1326,1359,"[""CAR_HDF_60_2""]","[2.1091737, 49.0106834, 2.8540283, 49.4220942]",2026-10-09,
607862167487e5d490677f13,reseau-interurbain-cars-region-loire-42,Réseau interurbain - Loire (42),83114,https://api.oura3.cityway.fr/dataflow/offre-tc/download?provider=CARS_REGION_LOIRE&dataFormat=GTFS&dataProfil=OPENDATA,"[{""type"": ""departement"", ""nom"": ""Loire"", ""insee"": ""42""}]",data/raw/gtfs/2026-10/607862167487e5d490677f13/83114.zip,True,,2026-10-09,,,,,1,False,True,True,[],"[""agency.txt"", ""calendar.txt"", ""calendar_dates.txt"", ""feed_info.txt"", ""routes.txt"", ""shapes.txt"", ""stop_times.txt"", ""stops.txt"", ""transfers.txt"", ""trips.txt""]",False,False,2026-10-08,2027-08-31,False,4173,2170,"[""REGION - cars Région Loire""]","[3.69514, 45.241327, 4.8714112, 46.20834]",2026-10-09,
63b4c3d374694a83b49dde9d,offre-de-transport-du-reseau-fluo-grand-est-haut-rhin-68,Réseau interurbain Fluo Grand-Est - Haut-Rhin (68),80419,https://api.grandest2.cityway.fr/exs/GTFS?Key=OPENDATA&OperatorCode=CG68,"[{""type"": ""departement"", ""nom"": ""Haut-Rhin"", ""insee"": ""68""}]",data/raw/gtfs/2026-10/63b4c3d374694a83b49dde9d/80419.zip,True,,2026-10-09,,,,,1,False,True,True,[],"[""agency.txt"", ""calendar.txt"", ""calendar_dates.txt"", ""feed_info.txt"", ""routes.txt"", ""shapes.txt"", ""stop_times.txt"", ""stops.txt"", ""transfers.txt"", ""trips.txt""]",False,False,2026-09-01,2026-12-31,False,2826,2327,"[""REGION GRAND EST""]","[6.876037, 47.4405199, 7.8766323, 48.2830159]",2026-10-09,
63b4c3d274694a83b49dde9b,offre-de-transport-du-reseau-fluo-grand-est-meurthe-et-moselle-54,Réseau interurbain Fluo Grand-Est - Meurthe-et-Moselle (54),80423,https://api.grandest2.cityway.fr/exs/GTFS?Key=OPENDATA&OperatorCode=TED,"[{""type"": ""departement"", ""nom"": ""Meurthe-et-Moselle"", ""insee"": ""54""}]",data/raw/gtfs/2026-10/63b4c3d274694a83b49dde9b/80423.zip,True,,2026-10-09,,,,,1,False,True,True,[],"[""agency.txt"", ""calendar.txt"", ""calendar_dates.txt"", ""feed_info.txt"", ""routes.txt"", ""shapes.txt"", ""stop_times.txt"", ""stops.txt"", ""transfers.txt"", ""trips.txt""]",False,False,2026-10-08,2027-06-30,False,2708,981,"[""Fluo Grand Est 54""]","[5.3586011, 48.3336079, 7.001012, 49.5447723]",2026-10-09,
632a56a70dfc531954eacfa5,arrets-horaires-et-parcours-theoriques-des-reseaux-naq-pat-nva-m-1,Réseau interurbain - Pyrénées-Atlantiques (64),82346,https://www.pigma.org/public/opendata/nouvelle_aquitaine_mobilites/publication/pyrenees_atlantiques-aggregated-gtfs.zip,"[{""type"": ""departement"", ""nom"": ""Pyrénées-Atlantiques"", ""insee"": ""64""}]",data/raw/gtfs/2026-10/632a56a70dfc531954eacfa5/82346.zip,True,,2026-10-09,,,,,1,False,True,True,[],"[""agency.txt"", ""calendar.txt"", ""calendar_dates.txt"", ""routes.txt"", ""shapes.txt"", ""stop_times.txt"", ""stops.txt"", ""trips.txt""]",False,False,2026-09-09,2027-09-11,False,763,174,"[""Cars Régionaux 64 - Pyrénées Atlantiques""]","[-1.035116, 42.751541, 0.619559, 44.208275]",2026-10-09,
685d9000ec5a7481ab634360,reseau-de-transports-collectifs-naolib,Réseau urbain Naolib,84101,https://data.nantesmetropole.fr/explore/dataset/244400404_transports_commun_naolib_nantes_metropole_gtfs/files/0cc0469a72de54ee045cb66d1a21de9e/download/,"[{""type"": ""epci"", ""nom"": ""Nantes Métropole"", ""insee"": ""244400404""}]",data/raw/gtfs/2026-10/685d9000ec5a7481ab634360/84101.zip,True,,2026-10-09,,,,,1,False,True,True,[],"[""agency.txt"", ""calendar.txt"", ""calendar_dates.txt"", ""fare_attributes.txt"", ""fare_rules.txt"", ""routes.txt"", ""shapes.txt"", ""stop_times.txt"", ""stops.txt"", ""trips.txt""]",False,False,2026-09-28,2026-12-28,False,3649,188065,"[""Naolib""]","[-1.778301, 47.122986, -1.347233, 47.339466]",2026-10-09,
60784f6022a1bbe2484cf248,reseau-interurbain-cars-region-ain-01,Réseau interurbain - Ain (01),83113,https://api.oura3.cityway.fr/dataflow/offre-tc/download?provider=CARS_REGION_AIN&dataFormat=GTFS&dataProfil=OPENDATA,"[{""type"": ""departement"", ""nom"": ""Ain"", ""insee"": ""01""}]",data/raw/gtfs/2026-10/60784f6022a1bbe2484cf248/83113.zip,True,,2026-10-09,,,,,1,False,True,True,[],"[""agency.txt"", ""calendar.txt"", ""calendar_dates.txt"", ""feed_info.txt"", ""routes.txt"", ""shapes.txt"", ""stop_times.txt"", ""stops.txt"", ""transfers.txt"", ""trips.txt""]",False,False,2026-09-10,2027-08-31,False,1374,711,"[""REGION - cars Région Ain""]","[4.7184144, 45.5649777, 6.0598852, 46.4973346]",2026-10-09,
6082dacfd1d05e89970795f5,reseau-interurbain-cars-region-puy-de-dome-63,Réseau interurbain - Puy-de-Dôme (63),38888,https://api.oura3.cityway.fr/dataflow/offre-tc/download?provider=PUY_DE_DOME&dataFormat=GTFS&dataProfil=OPENDATA,"[{""type"": ""departement"", ""nom"": ""Puy-de-Dôme"", ""insee"": ""63""}]",data/raw/gtfs/2026-10/6082dacfd1d05e89970795f5/38888.zip,True,,2026-10-09,,,,,1,False,True,True,[],"[""agency.txt"", ""calendar.txt"", ""calendar_dates.txt"", ""feed_info.txt"", ""routes.txt"", ""shapes.txt"", ""stop_times.txt"", ""stops.txt"", ""transfers.txt"", ""trips.txt""]",False,False,2026-09-10,2027-08-31,False,3144,2095,"[""REGION - cars Région Puy-de-Dôme""]","[2.307976, 45.213552, 4.065991, 46.338699]",2026-10-09,
632a56a7052625d602eacfa7,arrets-horaires-et-parcours-theoriques-des-reseaux-naq-cma-nva-m-1,Réseau interurbain - Charente-Maritime (17),82326,https://www.pigma.org/public/opendata/nouvelle_aquitaine_mobilites/publication/charente_maritime-aggregated-gtfs.zip,"[{""type"": ""departement"", ""nom"": ""Charente-Maritime"", ""insee"": ""17""}]",data/raw/gtfs/2026-10/632a56a7052625d602eacfa7/82326.zip,True,,2026-10-09,,,,,1,False,True,True,[],"[""agency.txt"", ""calendar.txt"", ""calendar_dates.txt"", ""routes.txt"", ""shapes.txt"", ""stop_times.txt"", ""stops.txt"", ""trips.txt""]",False,False,2026-09-16,2027-09-18,False,560,740,"[""Cars Régionaux 17 - Charente Maritime"", ""keolis_Fouras_Aix""]","[-1.555172, 45.159599, -0.016753, 46.332325]",2026-10-09,
6153ad37bdd43d6e72b0681a,horaires-theoriques-des-lignes-m-covoit-ligne-plus,Lignes de covoiturage M covoit' Lignes+,81617,https://data.mobilites-m.fr/api/gtfs/MCO,"[{""type"": ""epci"", ""nom"": ""CA du Pays Voironnais"", ""insee"": ""243800984""}, {""type"": ""epci"", ""nom"": ""CC Le Grésivaudan"", ""insee"": ""200018166""}, {""type"": ""epci"", ""nom"": ""Grenoble-Alpes-Métropole"", ""insee"": ""200040715""}]",data/raw/gtfs/2026-10/6153ad37bdd43d6e72b0681a/81617.zip,True,,2026-10-09,,,,,1,False,True,True,[],"[""agency.txt"", ""booking_rules.txt"", ""calendar.txt"", ""calendar_dates.txt"", ""fare_attributes.txt"", ""fare_rules.txt"", ""feed_info.txt"", ""frequencies.txt"", ""routes.txt"", ""shapes.txt"", ""stop_times.txt"", ""stops.txt"", ""transfers.txt"", ""trips.txt""]",False,True,2026-05-15,2027-05-31,False,92,276,"[""Mobilités M - Covoit Lignes +""]","[5.47738, 45.07365, 5.99389, 45.42581]",2026-10-09,
655f627575e63eb0982e5eb2,transports-a-la-demande-en-pays-de-la-loire-gtfs-flex-aleop,TAD zonal réseau Aléop - Pays de la Loire,81394,https://app.mecatran.com/utw/ws/gtfsfeed/static/pdlFlex?apiKey=19496e1c0c0e42607d54444b2a191b61533b3634,"[{""type"": ""epci"", ""nom"": ""CA Clisson Sèvre et Maine Agglo"", ""insee"": ""200067635""}, {""type"": ""epci"", ""nom"": ""CA Pornic Agglo Pays de Retz"", ""insee"": ""200067346""}, {""type"": ""epci"", ""nom"": ""CC Châteaubriant-Derval"", ""insee"": ""200072726""}, {""type"": ""epci"", ""nom"": ""CC Estuaire et Sillon"", ""insee"": ""200072734""}, {""type"": ""epci"", ""nom"": ""CC Grand Lieu Communauté"", ""insee"": ""244400438""}, {""type"": ""epci"", ""nom"": ""CC Loir-Lucé-Bercé"", ""insee"": ""200070373""}, {""type"": ""epci"", ""nom"": ""CC Mayenne Communauté"", ""insee"": ""200055887""}, {""type"": ""epci"", ""nom"": ""CC Sud Retz Atlantique"", ""insee"": ""200071546""}, {""type"": ""epci"", ""nom"": ""CC d'Erdre et Gesvres"", ""insee"": ""244400503""}, {""type"": ""epci"", ""nom"": ""CC des Coëvrons"", ""insee"": ""200033298""}, {""type"": ""epci"", ""nom"": ""CC du Bocage Mayennais"", ""insee"": ""245300389""}, {""type"": ""epci"", ""nom"": ""CC du Mont des Avaloirs"", ""insee"": ""200042182""}, {""type"": ""epci"", ""nom"": ""CC du Pays d'Ancenis"", ""insee"": ""244400552""}, {""type"": ""epci"", ""nom"": ""CC du Pays de Château-Gontier"", ""insee"": ""245300447""}, {""type"": ""epci"", ""nom"": ""CC du Pays de Craon"", ""insee"": ""200048551""}, {""type"": ""epci"", ""nom"": ""CC du Pays de Meslay-Grez"", ""insee"": ""245300223""}, {""type"": ""epci"", ""nom"": ""CC du Pays de Pontchâteau St-Gildas-des-Bois"", ""insee"": ""200000438""}]",data/raw/gtfs/2026-10/655f627575e63eb0982e5eb2/81394.zip,True,,2026-10-09,,,,,1,False,True,True,[],"[""agency.txt"", ""booking_rules.txt"", ""calendar.txt"", ""calendar_dates.txt"", ""feed_info.txt"", ""location_group_stops.txt"", ""location_groups.txt"", ""locations.geojson"", ""networks.txt"", ""route_networks.txt"", ""routes.txt"", ""stop_times.txt"", ""stops.txt"", ""trips.txt""]",True,True,2026-10-06,2026-10-28,False,2144,55914,"[""Aleop à la demande""]","[-2.2663022, 46.325135, 0.191056, 48.542377]",2026-10-09,
685181f3733800e180c475fa,donnees-statiques-et-dynamiques-du-reseau-de-transport-lignes-dazur,Réseau urbain Lignes d'Azur,83178,https://chouette.enroute.mobi/api/v1/datas/OpendataRLA/gtfs.zip,"[{""type"": ""epci"", ""nom"": ""Métropole Nice Côte d'Azur"", ""insee"": ""200030195""}]",data/raw/gtfs/2026-10/685181f3733800e180c475fa/83178.zip,True,,2026-10-09,,,,,1,False,True,True,[],"[""agency.txt"", ""calendar.txt"", ""calendar_dates.txt"", ""fare_attributes.txt"", ""feed_info.txt"", ""routes.txt"", ""shapes.txt"", ""stop_times.txt"", ""stops.txt"", ""trips.txt""]",False,False,2026-10-08,2026-12-31,False,4521,23850,"[""Lignes d'Azur""]","[6.866431, 43.651165, 7.382698, 44.28372]",2026-10-09,
66970a3d58c639f7658e70c8,arrets-horaires-et-parcours-theoriques-gtfs-du-reseau-routier-regional-de-transport-interurbain-80-somme,Réseau interurbain - Somme (80),82277,https://sig.hautsdefrance.fr/ext/opendata/Transport/GTFS/80/RHDF_GTFS_COM_80.zip,"[{""type"": ""departement"", ""nom"": ""Somme"", ""insee"": ""80""}]",data/raw/gtfs/2026-10/66970a3d58c639f7658e70c8/82277.zip,True,,2026-10-09,,,,,1,False,True,True,[],"[""agency.txt"", ""agency_trips.txt"", ""calendar.txt"", ""calendar_dates.txt"", ""routes.txt"", ""shapes.txt"", ""stop_times.txt"", ""stops.txt"", ""trips.txt""]",False,False,2026-01-01,2026-12-31,False,978,1184,"[""CAP"", ""CAR_HDF_80_COM"", ""Cars Perdigeon"", ""KEOLIS"", ""Mixte CAP & Oiseau Bleu"", ""Oiseau bleu"", ""TAQUET (RATPDev)"", ""Voyages DUMONT""]","[1.361553, 49.607075, 3.298251, 50.43106]",2026-10-09,
67bfac30a579323e42e26099,arrets-horaires-et-parcours-theoriques-gtfs-du-reseau-routier-regional-de-transport-scolaire-80-somme-1,Réseau scolaire de la Somme (80),84110,https://geocatalogue.hautsdefrance.fr/gtfs/RHDF_GTFS_SCO_80.zip,"[{""type"": ""departement"", ""nom"": ""Somme"", ""insee"": ""80""}]",data/raw/gtfs/2026-10/67bfac30a579323e42e26099/84110.zip,True,,2026-10-09,,,,,1,False,True,True,[],"[""agency.txt"", ""calendar.txt"", ""calendar_dates.txt"", ""routes.txt"", ""shapes.txt"", ""stop_times.txt"", ""stops.txt"", ""trips.txt"", ""trips_extensions.txt""]",False,False,2026-01-01,2026-12-18,False,3242,1519,"[""RHDF-80-SCO""]","[1.39261, 49.59092, 3.21281, 50.3568]",2026-10-09,
63b4c3d2998fd84635a80dc8,offre-de-transport-du-reseau-fluo-grand-est-marne-51,Réseau interurbain Fluo Grand-Est - Marne (51),80421,https://api.grandest2.cityway.fr/exs/GTFS?Key=OPENDATA&OperatorCode=C51,"[{""type"": ""departement"", ""nom"": ""Marne"", ""insee"": ""51""}]",data/raw/gtfs/2026-10/63b4c3d2998fd84635a80dc8/80421.zip,True,,2026-10-09,,,,,1,False,True,True,[],"[""agency.txt"", ""calendar.txt"", ""calendar_dates.txt"", ""feed_info.txt"", ""routes.txt"", ""shapes.txt"", ""stop_times.txt"", ""stops.txt"", ""transfers.txt"", ""trips.txt""]",False,False,2026-10-07,2027-06-30,False,181,130,"[""Fluo Grand Est 51""]","[3.6794941, 48.5144329, 5.3799041, 49.1661102]",2026-10-09,
66d25e446c064cce497093a1,arrets-horaires-et-parcours-theoriques-gtfs-du-reseau-routier-regional-de-transport-interurbain-02-aisne,Réseau interurbain - Aisne (02),82170,https://geocatalogue.hautsdefrance.fr/gtfs/RHDF_GTFS_COM_02.zip,"[{""type"": ""departement"", ""nom"": ""Aisne"", ""insee"": ""02""}]",data/raw/gtfs/2026-10/66d25e446c064cce497093a1/82170.zip,True,,2026-10-09,,,,,1,False,True,True,[],"[""agency.txt"", ""calendar.txt"", ""calendar_dates.txt"", ""routes.txt"", ""shapes.txt"", ""stop_times.txt"", ""stops.txt"", ""trips.txt"", ""trips_extensions.txt""]",False,False,2026-08-17,2026-12-31,False,2249,934,"[""RHDF-02-COM""]","[3.00955, 48.89557, 4.27913, 50.10811]",2026-10-09,
667005d113503ed936c4be56,arrets-horaires-et-parcours-theoriques-gtfs-du-reseau-routier-regional-de-transport-scolaire-02-aisne,Réseau scolaire de l'Aisne (02),82276,https://geocatalogue.hautsdefrance.fr/gtfs/RHDF_GTFS_SCO_02.zip,"[{""type"": ""departement"", ""nom"": ""Aisne"", ""insee"": ""02""}]",data/raw/gtfs/2026-10/667005d113503ed936c4be56/82276.zip,True,,2026-10-09,,,,,1,False,True,True,[],"[""agency.txt"", ""calendar.txt"", ""calendar_dates.txt"", ""routes.txt"", ""shapes.txt"", ""stop_times.txt"", ""stops.txt"", ""trips.txt"", ""trips_extensions.txt""]",False,False,2026-01-01,2026-12-18,False,3979,1693,"[""RHDF-02-SCO""]","[3.00955, 48.86339, 4.23659, 50.12784]",2026-10-09,
607860847e79b65f245982db,reseau-interurbain-et-scolaire-cars-region-drome-26,Réseau interurbain et scolaire - Drôme (26),80960,https://api.oura3.cityway.fr/dataflow/offre-tc/download?provider=DROME&dataFormat=GTFS&dataProfil=OPENDATA,"[{""type"": ""departement"", ""nom"": ""Drôme"", ""insee"": ""26""}]",data/raw/gtfs/2026-10/607860847e79b65f245982db/80960.zip,True,,2026-10-09,,,,,1,False,True,True,[],"[""agency.txt"", ""calendar.txt"", ""calendar_dates.txt"", ""feed_info.txt"", ""routes.txt"", ""shapes.txt"", ""stop_times.txt"", ""stops.txt"", ""transfers.txt"", ""trips.txt""]",False,False,2026-09-10,2027-08-31,False,2298,1420,"[""REGION - cars Région Drôme""]","[4.64506, 44.05056, 6.09014, 45.3692415]",2026-10-09,
5ae1715488ee384c8ba0342b,donnees-theoriques-gtfs-et-temps-reel-siri-lite-du-reseau-cts,Réseau urbain CTS,79220,https://opendata.cts-strasbourg.eu/google_transit.zip,"[{""type"": ""epci"", ""nom"": ""Eurométropole de Strasbourg"", ""insee"": ""246700488""}]",data/raw/gtfs/2026-10/5ae1715488ee384c8ba0342b/79220.zip,True,,2026-10-09,,,,,1,False,True,True,[],"[""agency.txt"", ""calendar.txt"", ""calendar_dates.txt"", ""fare_leg_rules.txt"", ""fare_media.txt"", ""fare_products.txt"", ""fare_transfer_rules.txt"", ""rider_categories.txt"", ""routes.txt"", ""stop_times.txt"", ""stops.txt"", ""trips.txt""]",False,False,2026-10-08,2027-04-06,False,1350,36348,"[""CTS""]","[7.5864937946, 48.4656293195, 7.8312664479, 48.6851140577]",2026-10-09,
662ba9a3f7d9ff84a3060d0a,offre-de-transport-tam-en-temps-reel-gtfs-rt-urbain-et-suburbain,Réseau urbain TaM,84199,https://gtfsproxy.e-tam.fr/COMMON/GTFS.zip,"[{""type"": ""epci"", ""nom"": ""Montpellier Méditerranée Métropole"", ""insee"": ""243400017""}]",data/raw/gtfs/2026-10/662ba9a3f7d9ff84a3060d0a/84199.zip,True,,2026-10-09,,,,,1,False,True,True,[],"[""VALIDATION.txt"", ""agency.txt"", ""calendar_dates.txt"", ""fare_attributes.txt"", ""fare_leg_rules.txt"", ""fare_products.txt"", ""fare_transfer_rules.txt"", ""routes.txt"", ""stop_times.txt"", ""stops.txt"", ""ticketing_deep_links.txt"", ""trips.txt""]",False,False,2026-09-28,2027-01-03,False,1462,39193,"[""TaM""]","[3.700952474964781, 43.52428661736799, 4.040797544550798, 43.75180876361738]",2026-10-09,
5cd4321f8b4c4137d1244318,donnees-statiques-et-temps-reel-du-reseau-astuce-metropole-rouen-normandie,Réseau urbain Astuce,64973,https://api.mrn.cityway.fr/dataflow/offre-tc/download?provider=ASTUCE&dataFormat=gtfs&dataProfil=ASTUCE,"[{""type"": ""epci"", ""nom"": ""Métropole Rouen Normandie"", ""insee"": ""200023414""}]",data/raw/gtfs/2026-10/5cd4321f8b4c4137d1244318/64973.zip,True,,2026-10-09,,,,,1,False,True,True,[],"[""agency.txt"", ""calendar_dates.txt"", ""feed_info.txt"", ""routes.txt"", ""shapes.txt"", ""stop_times.txt"", ""stops.txt"", ""transfers.txt"", ""trips.txt""]",False,False,2026-10-09,2027-08-29,False,3703,15166,"[""Astuce"", ""Astuce (interurbain)"", ""Elbeuf"", ""Service TAD FLEXO""]","[0.728486, 49.262402, 1.259097, 49.53909]",2026-10-09,
580defb1a3a7292dcfa9d33f,versions-des-horaires-theoriques-des-lignes-de-bus-et-de-metro-du-reseau-star-dans-les-formats-gtfs-et-netex-ainsi-que-les-urls-dacces-au-gtfs-rt-1,Réseau urbain STAR,83282,https://eu.ftp.opendatasoft.com/star/gtfs/GTFS_STAR_BUS_METRO_A_VENIR.zip,"[{""type"": ""epci"", ""nom"": ""Rennes Métropole"", ""insee"": ""243500139""}]",data/raw/gtfs/2026-10/580defb1a3a7292dcfa9d33f/83282.zip,True,,2026-10-09,,,,,2,True,True,True,[],"[""agency.txt"", ""calendar.txt"", ""calendar_dates.txt"", ""fare_attributes.txt"", ""feed_info.txt"", ""routes.txt"", ""shapes.txt"", ""stop_times.txt"", ""stops.txt"", ""trips.txt""]",False,False,2026-10-19,2026-11-01,False,1566,53772,"[""STAR""]","[-1.94536, 47.95925, -1.478292, 48.299796]",2026-10-09,
580defb1a3a7292dcfa9d33f,versions-des-horaires-theoriques-des-lignes-de-bus-et-de-metro-du-reseau-star-dans-les-formats-gtfs-et-netex-ainsi-que-les-urls-dacces-au-gtfs-rt-1,Réseau urbain STAR,83281,https://eu.ftp.opendatasoft.com/star/gtfs/GTFS_STAR_BUS_METRO_EN_COURS.zip,"[{""type"": ""epci"", ""nom"": ""Rennes Métropole"", ""insee"": ""243500139""}]",data/raw/gtfs/2026-10/580defb1a3a7292dcfa9d33f/83281.zip,True,,2026-10-09,,,,,2,True,True,True,[],"[""agency.txt"", ""calendar.txt"", ""calendar_dates.txt"", ""fare_attributes.txt"", ""feed_info.txt"", ""routes.txt"", ""shapes.txt"", ""stop_times.txt"", ""stops.txt"", ""trips.txt""]",False,False,2026-10-06,2026-10-18,False,1802,61717,"[""STAR""]","[-1.946498, 47.939335, -1.478292, 48.299796]",2026-10-09,
5b6c1650634f4160a32d2a77,reseau-de-transport-urbain-de-la-metropole-toulon-provence-mediterranee,Réseau urbain Mistral,79560,https://s3.eu-west-1.amazonaws.com/files.orchestra.ratpdev.com/networks/rd-toulon/exports/gtfs-complet.zip,"[{""type"": ""epci"", ""nom"": ""Métropole Toulon-Provence-Méditerranée"", ""insee"": ""248300543""}]",data/raw/gtfs/2026-10/5b6c1650634f4160a32d2a77/79560.zip,True,,2026-10-09,,,,,1,False,True,True,[],"[""agency.txt"", ""calendar.txt"", ""calendar_dates.txt"", ""feed_info.txt"", ""routes.txt"", ""shapes.txt"", ""stop_times.txt"", ""stops.txt"", ""trips.txt""]",False,False,2026-10-01,2026-12-24,False,2015,11782,"[""Réseau Mistral"", ""Téléphérique Faron""]","[5.794589, 43.027769, 6.199596, 43.195558]",2026-10-09,
5af03701b595081c1880a8a4,horaires-theoriques-du-reseau-tag,Réseau urbain TAG,83459,https://data.mobilites-m.fr/api/gtfs/SEM,"[{""type"": ""epci"", ""nom"": ""Grenoble-Alpes-Métropole"", ""insee"": ""200040715""}]",data/raw/gtfs/2026-10/5af03701b595081c1880a8a4/83459.zip,True,,2026-10-09,,,,,1,False,True,True,[],"[""agency.txt"", ""booking_rules.txt"", ""calendar.txt"", ""calendar_dates.txt"", ""fare_attributes.txt"", ""fare_rules.txt"", ""feed_info.txt"", ""frequencies.txt"", ""routes.txt"", ""shapes.txt"", ""stop_times.txt"", ""stops.txt"", ""transfers.txt"", ""trips.txt""]",False,True,2026-09-30,2026-12-31,False,2568,19462,"[""M Réso - Métropole Grenobloise""]","[5.59479, 44.97016, 5.88748, 45.29462]",2026-10-09,
607862da7487e5d490677f14,reseau-interurbain-cars-region-savoie-73,Réseau interurbain - Savoie (73),81244,https://api.oura3.cityway.fr/dataflow/offre-tc/download?provider=SAVOIE&dataFormat=GTFS&dataProfil=OPENDATA,"[{""type"": ""departement"", ""nom"": ""Savoie"", ""insee"": ""73""}]",data/raw/gtfs/2026-10/607862da7487e5d490677f14/81244.zip,True,,2026-10-09,,,,,1,False,True,True,[],"[""agency.txt"", ""calendar.txt"", ""calendar_dates.txt"", ""feed_info.txt"", ""routes.txt"", ""shapes.txt"", ""stop_times.txt"", ""stops.txt"", ""transfers.txt"", ""trips.txt""]",False,False,2026-09-10,2027-08-31,False,259,111,"[""REGION - cars Région Savoie""]","[5.607827, 45.415215, 6.215296, 45.7647723]",2026-10-09,
62955cfa91ea46c59fc7fd48,arrets-horaires-et-parcours-theoriques-des-reseaux-naq-vie-nva-m-1,Réseau interurbain - Vienne (86),82332,https://www.pigma.org/public/opendata/nouvelle_aquitaine_mobilites/publication/vienne-aggregated-gtfs.zip,"[{""type"": ""departement"", ""nom"": ""Vienne"", ""insee"": ""86""}]",data/raw/gtfs/2026-10/62955cfa91ea46c59fc7fd48/82332.zip,True,,2026-10-09,,,,,1,False,True,True,[],"[""agency.txt"", ""calendar.txt"", ""calendar_dates.txt"", ""routes.txt"", ""shapes.txt"", ""stop_times.txt"", ""stops.txt"", ""trips.txt""]",False,False,2026-09-28,2027-09-30,False,1083,285,"[""Cars Régionaux 86 - Vienne""]","[-0.213268, 46.004223, 0.876258, 47.165794]",2026-10-09,
632a56a7052625d602eacfa6,arrets-horaires-et-parcours-theoriques-des-reseaux-naq-lan-nva-m-1,Réseau interurbain - Landes (40),82342,https://www.pigma.org/public/opendata/nouvelle_aquitaine_mobilites/publication/landes-aggregated-gtfs.zip,"[{""type"": ""departement"", ""nom"": ""Landes"", ""insee"": ""40""}]",data/raw/gtfs/2026-10/632a56a7052625d602eacfa6/82342.zip,True,,2026-10-09,,,,,1,False,True,True,[],"[""agency.txt"", ""calendar.txt"", ""calendar_dates.txt"", ""routes.txt"", ""shapes.txt"", ""stop_times.txt"", ""stops.txt"", ""trips.txt""]",False,False,2026-09-09,2027-03-31,False,226,151,"[""Cars Régionaux 40 - Landes""]","[-1.469808, 43.496529, -0.260083, 44.64019]",2026-10-09,
632a56a74916728dc7eacfa5,arrets-horaires-et-parcours-theoriques-des-reseaux-naq-dor-nva-m-1,Réseau interurbain - Dordogne (24),82336,https://www.pigma.org/public/opendata/nouvelle_aquitaine_mobilites/publication/dordogne-aggregated-gtfs.zip,"[{""type"": ""departement"", ""nom"": ""Dordogne"", ""insee"": ""24""}]",data/raw/gtfs/2026-10/632a56a74916728dc7eacfa5/82336.zip,True,,2026-10-09,,,,,1,False,True,True,[],"[""agency.txt"", ""calendar.txt"", ""calendar_dates.txt"", ""routes.txt"", ""shapes.txt"", ""stop_times.txt"", ""stops.txt"", ""trips.txt""]",False,False,2026-09-09,2027-09-11,False,859,487,"[""Cars régionaux 24 - Dordogne""]","[-0.04391, 44.400978, 1.535107, 45.653587]",2026-10-09,
68d266d252e129fe5f600b5d,horaires-des-traversees-brittany-ferries,Réseau maritime Brittany Ferries,83427,https://static.data.gouv.fr/resources/horaires-des-traversees-brittany-ferries/20261007-213100/gtfs-brittanyferries.zip,"[{""type"": ""commune"", ""nom"": ""Caen"", ""insee"": ""14118""}, {""type"": ""commune"", ""nom"": ""Cherbourg-en-Cotentin"", ""insee"": ""50129""}, {""type"": ""commune"", ""nom"": ""Le Havre"", ""insee"": ""76351""}, {""type"": ""commune"", ""nom"": ""Ouistreham"", ""insee"": ""14488""}, {""type"": ""commune"", ""nom"": ""Saint-Malo"", ""insee"": ""35288""}]",data/raw/gtfs/2026-10/68d266d252e129fe5f600b5d/83427.zip,True,,2026-10-09,,,,,1,False,True,True,[],"[""agency.txt"", ""calendar_dates.txt"", ""routes.txt"", ""stop_times.txt"", ""stops.txt"", ""trips.txt""]",False,False,2026-10-07,2027-10-12,False,12,6753,"[""Brittany Ferries""]","[-8.323345, 43.35378, 0.114563, 52.2542]",2026-10-09,
5c34c93f8b4c4104b817fb3a,horaires-du-reseau-stas,Réseau urbain STAS,81023,https://bus-prod.saint-etienne-metropole.fr/Public/stas/api/gtfs.aspx,"[{""type"": ""epci"", ""nom"": ""Saint-Étienne Métropole"", ""insee"": ""244200770""}]",data/raw/gtfs/2026-10/5c34c93f8b4c4104b817fb3a/81023.zip,True,,2026-10-09,,,,,1,False,True,True,[],"[""agency.txt"", ""calendar.txt"", ""calendar_dates.txt"", ""routes.txt"", ""shapes.txt"", ""stop_times.txt"", ""stops.txt"", ""transfers.txt"", ""trips.txt""]",False,False,2026-10-09,2026-12-20,False,2274,40138,"[""SAINT-ETIENNE – STAS""]","[-3.4045606, 27.1409683, 4.6845799, 45.6354215]",2026-10-09,
632a56a644e491b8ebeacfa5,arrets-horaires-et-parcours-theoriques-des-reseaux-naq-dse-nva-m-1,Réseau interurbain - Deux-Sèvres (79),82334,https://www.pigma.org/public/opendata/nouvelle_aquitaine_mobilites/publication/deux_sevres-aggregated-gtfs.zip,"[{""type"": ""departement"", ""nom"": ""Deux-Sèvres"", ""insee"": ""79""}]",data/raw/gtfs/2026-10/632a56a644e491b8ebeacfa5/82334.zip,True,,2026-10-09,,,,,1,False,True,True,[],"[""agency.txt"", ""calendar.txt"", ""calendar_dates.txt"", ""routes.txt"", ""shapes.txt"", ""stop_times.txt"", ""stops.txt"", ""trips.txt""]",False,False,2026-09-09,2027-09-11,False,544,496,"[""Cars régionaux 79 - Deux Sèvres""]","[-1.542367, 45.632252, 0.381524, 47.217964]",2026-10-09,
632a56a74561af3796eacfa7,arrets-horaires-et-parcours-theoriques-des-reseaux-naq-hvi-nva-m-1,Réseau interurbain - Haute-Vienne (87),82340,https://www.pigma.org/public/opendata/nouvelle_aquitaine_mobilites/publication/haute_vienne-aggregated-gtfs.zip,"[{""type"": ""departement"", ""nom"": ""Haute-Vienne"", ""insee"": ""87""}]",data/raw/gtfs/2026-10/632a56a74561af3796eacfa7/82340.zip,True,,2026-10-09,,,,,1,False,True,True,[],"[""agency.txt"", ""calendar.txt"", ""calendar_dates.txt"", ""routes.txt"", ""shapes.txt"", ""stop_times.txt"", ""stops.txt"", ""trips.txt""]",False,False,2026-09-09,2027-09-11,False,1107,308,"[""Cars Régionaux 87 - Haute Vienne""]","[0.165026, 45.506187, 2.193622, 46.319881]",2026-10-09,
66c5292d8731e820140565b7,gtfs-du-reseau-maritime-de-martinique,Réseau maritime de Martinique,82139,https://static.data.gouv.fr/resources/gtfs-du-reseau-maritime-de-martinique/20251218-214039/gtfs-maritime-bluelines.zip,"[{""type"": ""region"", ""nom"": ""Martinique"", ""insee"": ""02""}]",data/raw/gtfs/2026-10/66c5292d8731e820140565b7/82139.zip,True,,2026-10-09,,,,,1,False,True,True,[],"[""agency.txt"", ""calendar.txt"", ""calendar_dates.txt"", ""routes.txt"", ""shapes.txt"", ""stop_times.txt"", ""stops.txt"", ""trips.txt"", ""trips_extensions.txt""]",False,False,2025-12-01,2026-12-31,False,10,209,"[""Maritime""]","[-61.070788, 14.540437, -61.035908, 14.602085]",2026-10-09,
66ec3c0c709063a99cb03d00,gtfs-du-transport-scolaire-en-martinique,Réseau scolaire de Martinique,82289,https://static.data.gouv.fr/resources/gtfs-du-transport-scolaire-en-martinique/20250905-181503/gtfs-scolaire-mt.zip,"[{""type"": ""region"", ""nom"": ""Martinique"", ""insee"": ""02""}]",data/raw/gtfs/2026-10/66ec3c0c709063a99cb03d00/82289.zip,True,,2026-10-09,,,,,1,False,True,True,[],"[""agency.txt"", ""calendar.txt"", ""calendar_dates.txt"", ""routes.txt"", ""shapes.txt"", ""stop_times.txt"", ""stops.txt"", ""trips.txt"", ""trips_extensions.txt""]",False,False,2025-09-01,2026-07-04,True,4514,1735,"[""SCO972""]","[-61.22878424, 0.0, 0.0, 14.87710593]",2026-10-09,
63b4c3d3d7857ab0c49dde9d,offre-de-transport-du-reseau-fluo-grand-est-vosges-88,Réseau interurbain Fluo Grand-Est - Vosges (88),80429,https://api.grandest2.cityway.fr/exs/GTFS?Key=OPENDATA&OperatorCode=LIVO,"[{""type"": ""departement"", ""nom"": ""Vosges"", ""insee"": ""88""}]",data/raw/gtfs/2026-10/63b4c3d3d7857ab0c49dde9d/80429.zip,True,,2026-10-09,,,,,1,False,True,True,[],"[""agency.txt"", ""calendar.txt"", ""calendar_dates.txt"", ""feed_info.txt"", ""routes.txt"", ""shapes.txt"", ""stop_times.txt"", ""stops.txt"", ""transfers.txt"", ""trips.txt""]",False,False,2026-10-08,2027-06-30,False,2751,1285,"[""Fluo Grand Est 88""]","[5.1332391, 47.8490168, 7.1374305, 48.5294386]",2026-10-09,
63b4c3d300fbf8e5ed9dde9d,fr-200052264-t0039-0000-1,Réseau urbain SUB - Nancy,80431,https://api.grandest2.cityway.fr/exs/GTFS?Key=OPENDATA&OperatorCode=LESUB,"[{""type"": ""epci"", ""nom"": ""CC Moselle et Madon"", ""insee"": ""245400171""}, {""type"": ""epci"", ""nom"": ""CC des Pays du Sel et du Vermois"", ""insee"": ""245400189""}, {""type"": ""epci"", ""nom"": ""CC du Bassin de Pompey"", ""insee"": ""245400601""}, {""type"": ""epci"", ""nom"": ""Métropole du Grand Nancy"", ""insee"": ""245400676""}]",data/raw/gtfs/2026-10/63b4c3d300fbf8e5ed9dde9d/80431.zip,True,,2026-10-09,,,,,1,False,True,True,[],"[""agency.txt"", ""calendar.txt"", ""calendar_dates.txt"", ""feed_info.txt"", ""routes.txt"", ""shapes.txt"", ""stop_times.txt"", ""stops.txt"", ""transfers.txt"", ""trips.txt""]",False,False,2026-10-01,2026-12-31,False,572,2956,"[""SUB Nancy""]","[6.0767718, 48.5996439, 6.352883, 48.7945759]",2026-10-09,
64106d7aad276449cf02fb0a,offre-transport-du-reseau-txik-txak,Réseau interurbain TXIK TXAK,80701,https://app.mecatran.com/utw/ws/gtfsfeed/static/txiktxak?apiKey=0f64273f070b7d4621002040646e180d374e5373,"[{""type"": ""epci"", ""nom"": ""CA du Pays Basque"", ""insee"": ""200067106""}, {""type"": ""commune"", ""nom"": ""Ondres"", ""insee"": ""40209""}, {""type"": ""commune"", ""nom"": ""Saint-Martin-de-Seignanx"", ""insee"": ""40273""}, {""type"": ""commune"", ""nom"": ""Tarnos"", ""insee"": ""40312""}]",data/raw/gtfs/2026-10/64106d7aad276449cf02fb0a/80701.zip,True,,2026-10-09,,,,,1,False,True,True,[],"[""agency.txt"", ""calendar.txt"", ""calendar_dates.txt"", ""feed_info.txt"", ""route_directions.txt"", ""routes.txt"", ""shapes.txt"", ""stop_times.txt"", ""stops.txt"", ""trips.txt""]",False,False,2026-09-01,2027-07-04,False,2775,6011,"[""TXIK TXAK""]","[-1.79019, 43.0704712, -0.864263, 43.576383]",2026-10-09,
63eb6d550f2b31a8efe618fe,simouv-horaires-theoriques-format-gtfs-et-temps-reel-format-siri-transvilles-valenciennes,Réseau urbain Transvilles,84121,https://static.data.gouv.fr/resources/simouv-horaires-theoriques-format-gtfs-et-temps-reel-format-siri-transvilles-valenciennes/20260819-075543/google-transit.zip,"[{""type"": ""epci"", ""nom"": ""CA Valenciennes Métropole"", ""insee"": ""245901160""}, {""type"": ""epci"", ""nom"": ""CA de la Porte du Hainaut"", ""insee"": ""200042190""}]",data/raw/gtfs/2026-10/63eb6d550f2b31a8efe618fe/84121.zip,True,,2026-10-09,,,,,1,False,True,True,[],"[""agency.txt"", ""calendar.txt"", ""calendar_dates.txt"", ""routes.txt"", ""shapes.txt"", ""stop_times.txt"", ""stops.txt"", ""trips.txt""]",False,False,2026-08-14,2026-12-31,False,1958,14819,"[""Transvilles""]","[3.254264, 50.24471, 3.686519, 50.513608]",2026-10-09,
632a56a75dfc2ff050eacfa5,arrets-horaires-et-parcours-theoriques-des-reseaux-naq-cha-nva-m-1,Réseau interurbain - Charente (16),82324,https://www.pigma.org/public/opendata/nouvelle_aquitaine_mobilites/publication/charente-aggregated-gtfs.zip,"[{""type"": ""departement"", ""nom"": ""Charente"", ""insee"": ""16""}]",data/raw/gtfs/2026-10/632a56a75dfc2ff050eacfa5/82324.zip,True,,2026-10-09,,,,,1,False,True,True,[],"[""agency.txt"", ""calendar.txt"", ""calendar_dates.txt"", ""routes.txt"", ""shapes.txt"", ""stop_times.txt"", ""stops.txt"", ""trips.txt""]",False,False,2026-10-05,2027-10-07,False,137,32,"[""Cars Régionaux 16 - Charente""]","[0.149392, 45.427589, 0.30661, 46.031918]",2026-10-09,
6425dda513316bf1ecaf7e4a,gtfs-transport-via-strada,Réseau interurbain - Corse,83200,https://static.data.gouv.fr/resources/gtfs-transport-via-strada/20260707-125009/via-strada.zip,"[{""type"": ""region"", ""nom"": ""Corse"", ""insee"": ""94""}]",data/raw/gtfs/2026-10/6425dda513316bf1ecaf7e4a/83200.zip,True,,2026-10-09,,,,,1,False,True,True,[],"[""agency.txt"", ""calendar.txt"", ""calendar_dates.txt"", ""routes.txt"", ""shapes.txt"", ""stop_times.txt"", ""stops.txt"", ""trips.txt"", ""trips_extensions.txt""]",False,False,2024-10-25,2030-12-27,False,320,83,"[""Via Strada""]","[8.596104, 41.38946, 9.54854, 42.70337]",2026-10-09,
6425def83ddb5f9cfd9652b2,gtfs-transport-horaires-chemins-de-fer-corse-1,Réseau interurbain des Chemins de fer Corse,83882,https://static.data.gouv.fr/resources/gtfs-transport-horaires-chemins-de-fer-corse-1/20260303-151209/chemin-de-fer-de-la-corse.zip,"[{""type"": ""region"", ""nom"": ""Corse"", ""insee"": ""94""}]",data/raw/gtfs/2026-10/6425def83ddb5f9cfd9652b2/83882.zip,True,,2026-10-09,,,,,1,False,True,True,[],"[""agency.txt"", ""blocks_extension.txt"", ""calendar.txt"", ""calendar_dates.txt"", ""feed_info.txt"", ""log_GTFS.txt"", ""routes.txt"", ""shapes.txt"", ""stop_times.txt"", ""stop_times_hlp_extension.txt"", ""stops.txt"", ""trips.txt"", ""trips_hlp_extension.txt""]",False,False,2026-03-03,2026-03-09,True,267,629,"[""Chemin de Fer de la Corse""]","[8.739061, 41.927631, 9.448641, 42.702164]",2026-10-09,
66ab49530d2102183d769ad2,programme-des-rotations-corsica-ferries,Réseau maritime Corsica Ferries,81996,https://static.data.gouv.fr/resources/programme-des-rotations-corsica-ferries/20251226-152616/gtfs-updated.zip,"[{""type"": ""region"", ""nom"": ""Corse"", ""insee"": ""94""}]",data/raw/gtfs/2026-10/66ab49530d2102183d769ad2/81996.zip,True,,2026-10-09,,,,,1,False,True,True,[],"[""agency.txt"", ""calendar_dates.txt"", ""routes.txt"", ""stop_times.txt"", ""stops.txt"", ""trips.txt""]",False,False,2026-01-01,2026-12-30,False,18,5020,"[""Corsica Ferries""]","[3.1387, 39.835021, 14.305573, 44.2661]",2026-10-09,
68ecbc51dc2d43b3f829a37e,programme-des-rotations-corsica-linea,Réseau maritime Corsica Linea,83510,https://static.data.gouv.fr/resources/programme-des-rotations-corsica-linea/20261008-205003/gtfszipuyygoy.zip,"[{""type"": ""region"", ""nom"": ""Corse"", ""insee"": ""94""}]",data/raw/gtfs/2026-10/68ecbc51dc2d43b3f829a37e/83510.zip,True,,2026-10-09,,,,,1,False,True,True,[],"[""agency.txt"", ""calendar_dates.txt"", ""routes.txt"", ""stop_times.txt"", ""stops.txt"", ""trips.txt""]",False,False,2026-10-09,2027-09-12,False,9,1676,"[""Corsica Linea""]","[3.061988720729638, 36.7524995535597, 10.297489, 43.404493058476795]",2026-10-09,
5ef1f091c37ec97bc6c53cf5,horaires-theoriques-et-temps-reel-du-reseau-bordeaux-navettes-aeroport-30-direct-gtfs-gtfs-rt,Navette Aéroport de Bordeaux,10230,https://zenbus.net/gtfs/static/download.zip?dataset=bordeaux-navettes-aeroport,"[{""type"": ""commune"", ""nom"": ""Bordeaux"", ""insee"": ""33063""}, {""type"": ""commune"", ""nom"": ""Mérignac"", ""insee"": ""33281""}]",data/raw/gtfs/2026-10/5ef1f091c37ec97bc6c53cf5/10230.zip,True,,2026-10-09,,,,,1,False,True,True,[],"[""agency.txt"", ""calendar.txt"", ""calendar_dates.txt"", ""feed_info.txt"", ""frequencies.txt"", ""routes.txt"", ""shapes.txt"", ""stop_times.txt"", ""stops.txt"", ""trips.txt""]",False,False,2026-03-30,2026-11-01,False,2,108,"[""Keolis""]","[-0.700815, 44.826015, -0.556914, 44.830345]",2026-10-09,
6082da3e17667def63f6d47f,reseau-interurbain-cars-region-allier-03,Réseau interurbain - Allier (03),38889,https://api.oura3.cityway.fr/dataflow/offre-tc/download?provider=ALLIER&dataFormat=GTFS&dataProfil=OPENDATA,"[{""type"": ""departement"", ""nom"": ""Allier"", ""insee"": ""03""}]",data/raw/gtfs/2026-10/6082da3e17667def63f6d47f/38889.zip,True,,2026-10-09,,,,,1,False,True,True,[],"[""agency.txt"", ""calendar.txt"", ""calendar_dates.txt"", ""feed_info.txt"", ""routes.txt"", ""shapes.txt"", ""stop_times.txt"", ""stops.txt"", ""transfers.txt"", ""trips.txt""]",False,False,2026-09-10,2027-08-31,False,1535,929,"[""REGION - cars Région Allier""]","[2.1961328, 46.0308935, 4.061995, 46.8371212]",2026-10-09,
60785d62ee7e37e2041a9c6a,reseau-interurbain-cars-region-ardeche-07,Réseau interurbain - Ardèche (07),80961,https://api.oura3.cityway.fr/dataflow/offre-tc/download?provider=ARDECHE&dataFormat=GTFS&dataProfil=OPENDATA,"[{""type"": ""departement"", ""nom"": ""Ardèche"", ""insee"": ""07""}]",data/raw/gtfs/2026-10/60785d62ee7e37e2041a9c6a/80961.zip,True,,2026-10-09,,,,,1,False,True,True,[],"[""agency.txt"", ""calendar.txt"", ""calendar_dates.txt"", ""feed_info.txt"", ""routes.txt"", ""shapes.txt"", ""stop_times.txt"", ""stops.txt"", ""transfers.txt"", ""trips.txt""]",False,False,2026-09-10,2027-08-31,False,4635,1758,"[""REGION - cars Région Ardèche""]","[-3.404560614973407, 27.140968318322884, 4.8946609, 45.371933]",2026-10-09,
632a56a78a907ff3d4eacfa6,arrets-horaires-et-parcours-theoriques-des-reseaux-naq-lga-nva-m-1,Réseau interurbain - Lot-et-Garonne (47),82344,https://www.pigma.org/public/opendata/nouvelle_aquitaine_mobilites/publication/lot_et_garonne-aggregated-gtfs.zip,"[{""type"": ""departement"", ""nom"": ""Lot-et-Garonne"", ""insee"": ""47""}]",data/raw/gtfs/2026-10/632a56a78a907ff3d4eacfa6/82344.zip,True,,2026-10-09,,,,,1,False,True,True,[],"[""agency.txt"", ""calendar.txt"", ""calendar_dates.txt"", ""routes.txt"", ""shapes.txt"", ""stop_times.txt"", ""stops.txt"", ""trips.txt""]",False,False,2026-09-09,2027-09-11,False,348,135,"[""Cars Régionaux 47 - Lot et Garonne""]","[-0.505757, 43.884789, 0.985433, 44.506023]",2026-10-09,
63b4c3d25a09dd67fc9dde9b,offre-de-transport-du-reseau-fluo-grand-est-aube-10,Réseau interurbain Fluo Grand-Est - Aube (10),80415,https://api.grandest2.cityway.fr/exs/GTFS?Key=OPENDATA&OperatorCode=AUBE,"[{""type"": ""departement"", ""nom"": ""Aube"", ""insee"": ""10""}]",data/raw/gtfs/2026-10/63b4c3d25a09dd67fc9dde9b/80415.zip,True,,2026-10-09,,,,,1,False,True,True,[],"[""agency.txt"", ""calendar.txt"", ""calendar_dates.txt"", ""feed_info.txt"", ""routes.txt"", ""shapes.txt"", ""stop_times.txt"", ""stops.txt"", ""transfers.txt"", ""trips.txt""]",False,False,2026-10-08,2027-06-30,False,161,135,"[""Fluo Grand Est 10""]","[3.3024524, 47.8643401, 4.7935873, 48.6746421]",2026-10-09,
6178cee254e3b3f0744a1318,angers-loire-metropole-reseau-irigo-gtfs-gtfs-rt-siri,Réseau urbain Irigo,80036,https://chouette.enroute.mobi/api/v1/datas/Irigo/gtfs.zip,"[{""type"": ""epci"", ""nom"": ""CU Angers Loire Métropole"", ""insee"": ""244900015""}]",data/raw/gtfs/2026-10/6178cee254e3b3f0744a1318/80036.zip,True,,2026-10-09,,,,,1,False,True,True,[],"[""agency.txt"", ""calendar.txt"", ""calendar_dates.txt"", ""feed_info.txt"", ""routes.txt"", ""shapes.txt"", ""stop_times.txt"", ""stops.txt"", ""trips.txt""]",False,False,2026-09-23,2027-07-02,False,1779,9094,"[""IRIGO""]","[-0.751186, 47.34288, -0.296042, 47.616506]",2026-10-09,
63b4c3d106d317f5caa80dca,offre-de-transport-du-reseau-temob-syndicat-mixte-des-transports-urbains-thionville-fensch,Réseau urbain TeMo'b,80459,https://api.grandest2.cityway.fr/exs/GTFS?Key=OPENDATA&OperatorCode=CITELINE,"[{""type"": ""epci"", ""nom"": ""CA Portes de France-Thionville"", ""insee"": ""245701362""}, {""type"": ""epci"", ""nom"": ""CA du Val de Fensch"", ""insee"": ""245701222""}, {""type"": ""epci"", ""nom"": ""CC Rives de Moselle"", ""insee"": ""200039949""}, {""type"": ""epci"", ""nom"": ""CC de Cattenom et Environs"", ""insee"": ""245700695""}, {""type"": ""epci"", ""nom"": ""CC de l'Arc Mosellan"", ""insee"": ""245701354""}, {""type"": ""epci"", ""nom"": ""CC du Pays Haut Val d'Alzette"", ""insee"": ""245701404""}]",data/raw/gtfs/2026-10/63b4c3d106d317f5caa80dca/80459.zip,True,,2026-10-09,,,,,1,False,True,True,[],"[""agency.txt"", ""calendar.txt"", ""calendar_dates.txt"", ""feed_info.txt"", ""routes.txt"", ""shapes.txt"", ""stop_times.txt"", ""stops.txt"", ""transfers.txt"", ""trips.txt""]",False,False,2026-09-07,2027-08-29,False,1459,4149,"[""Keolis Thionville Fensch""]","[5.9179321, 49.2866313, 6.2601971, 49.4989923]",2026-10-09,
638157af7f6b7cd00e2908e1,fil-bleu-syndicat-des-mobilites-gtfs-gtfs-rt,Réseau urbain et périurbain Fil Bleu,80694,https://data.tours-metropole.fr/api/v2/catalog/datasets/horaires-temps-reel-gtfsrt-reseau-filbleu-tmvl/alternative_exports/filbleu_gtfszip,"[{""type"": ""epci"", ""nom"": ""Tours Métropole Val de Loire"", ""insee"": ""243700754""}]",data/raw/gtfs/2026-10/638157af7f6b7cd00e2908e1/80694.zip,True,,2026-10-09,,,,,1,False,True,True,[],"[""agency.txt"", ""booking_rules.txt"", ""calendar.txt"", ""calendar_dates.txt"", ""feed_infos.txt"", ""routes.txt"", ""shapes.txt"", ""stop_times.txt"", ""stops.txt"", ""trips.txt""]",False,True,2026-10-05,2027-01-01,False,2274,16276,"[""Fil Bleu (Tours)""]","[0.48671878, 47.307411, 0.85018675, 47.49329774]",2026-10-09,
63b4c3d200fbf8e5ed9dde9a,offre-de-transport-du-reseau-grand-reims-mobilites-communaute-urbaine-du-grand-reims,Réseau urbain Grand Reims Mobilités,80594,https://api.grandest2.cityway.fr/exs/GTFS?Key=OPENDATA&OperatorCode=REI,"[{""type"": ""epci"", ""nom"": ""CU du Grand Reims"", ""insee"": ""200067213""}]",data/raw/gtfs/2026-10/63b4c3d200fbf8e5ed9dde9a/80594.zip,True,,2026-10-09,,,,,1,False,True,True,[],"[""agency.txt"", ""calendar.txt"", ""calendar_dates.txt"", ""feed_info.txt"", ""routes.txt"", ""shapes.txt"", ""stop_times.txt"", ""stops.txt"", ""transfers.txt"", ""trips.txt""]",False,False,2026-10-07,2026-11-01,False,1205,9869,"[""Transdev Reims""]","[3.6783871, 49.1652382, 4.3678021, 49.3862943]",2026-10-09,
6397c0fb7612df845fc8cd1f,syndicat-mixte-des-transports-en-commun-de-lagglomeration-clermontoise-smtc-ac-reseau-t2c-gtfs-gtfs-rt,Réseau urbain T2C,83465,https://opendata.clermontmetropole.eu/api/v2/catalog/datasets/gtfs-smtc/alternative_exports/gtfs,"[{""type"": ""epci"", ""nom"": ""Clermont Auvergne Métropole"", ""insee"": ""246300701""}]",data/raw/gtfs/2026-10/6397c0fb7612df845fc8cd1f/83465.zip,True,,2026-10-09,,,,,1,False,True,True,[],"[""agency.txt"", ""calendar.txt"", ""calendar_dates.txt"", ""frequencies.txt"", ""routes.txt"", ""shapes.txt"", ""stop_times.txt"", ""stops.txt"", ""trips.txt""]",False,False,2026-08-31,2026-12-31,False,2028,6127,"[""T2C""]","[2.965246448, 45.69182054, 3.265781609, 45.87230321]",2026-10-09,
61fb1b864ba517c310952886,gtfs-netex-et-gtfs-rt-reseau-tao-orleans-metropole,Réseau urbain TAO,83751,https://chouette.enroute.mobi/api/v1/datas/keolis_orleans/gtfs.zip,"[{""type"": ""epci"", ""nom"": ""Orléans Métropole"", ""insee"": ""244500468""}]",data/raw/gtfs/2026-10/61fb1b864ba517c310952886/83751.zip,True,,2026-10-09,,,,,1,False,True,True,[],"[""agency.txt"", ""attributions.txt"", ""calendar_dates.txt"", ""feed_info.txt"", ""routes.txt"", ""shapes.txt"", ""stop_times.txt"", ""stops.txt"", ""trips.txt""]",False,False,2026-09-18,2027-01-03,False,1395,75076,"[""TAO (Orléans)""]","[1.801197, 47.804367, 2.0709, 47.972282]",2026-10-09,
6569252ddf850d55eca3e3d9,description-de-loffre-tad-tao-gtfs-flex-orleans-metropole,TAD zonal réseau TAO Orléans,83784,https://data.orleans-metropole.fr/api/v2/catalog/datasets/om-mobilite-tao-tad-gtfsflex/alternative_exports/gtfs_flex_tao_012026_062026_zip,"[{""type"": ""epci"", ""nom"": ""Orléans Métropole"", ""insee"": ""244500468""}]",data/raw/gtfs/2026-10/6569252ddf850d55eca3e3d9/83784.zip,True,,2026-10-09,,,,,2,True,True,True,[],"[""agency.txt"", ""booking_rules.txt"", ""calendar.txt"", ""calendar_dates.txt"", ""feed_info.txt"", ""location_group_stops.txt"", ""location_groups.txt"", ""routes.txt"", ""stop_times.txt"", ""stops.txt"", ""trips.txt""]",False,True,2026-01-06,2026-06-30,True,1367,7569,"[""Résatao Orl""]","[1.780268, 47.804448, 2.06891762799075, 47.9778946]",2026-10-09,
6569252ddf850d55eca3e3d9,description-de-loffre-tad-tao-gtfs-flex-orleans-metropole,TAD zonal réseau TAO Orléans,81413,https://data.orleans-metropole.fr/api/explore/v2.1/catalog/datasets/om-mobilite-tao-tad-gtfsflex/alternative_exports/gtfs_flex_tao_012026_062026_zip/,"[{""type"": ""epci"", ""nom"": ""Orléans Métropole"", ""insee"": ""244500468""}]",data/raw/gtfs/2026-10/6569252ddf850d55eca3e3d9/81413.zip,True,,2026-10-09,,,,,2,True,True,True,[],"[""agency.txt"", ""booking_rules.txt"", ""calendar.txt"", ""calendar_dates.txt"", ""feed_info.txt"", ""location_group_stops.txt"", ""location_groups.txt"", ""routes.txt"", ""stop_times.txt"", ""stops.txt"", ""trips.txt""]",False,True,2026-01-06,2026-06-30,True,1367,7569,"[""Résatao Orl""]","[1.780268, 47.804448, 2.06891762799075, 47.9778946]",2026-10-09,
615fd9d5bbb0c1c35fe86fe3,gtfs-sankeo,Réseau urbain et scolaire Sankéo,83735,https://static.data.gouv.fr/resources/gtfs-sankeo/20260724-111849/gtfssankeo.zip,"[{""type"": ""epci"", ""nom"": ""CU Perpignan Méditerranée Métropole"", ""insee"": ""200027183""}]",data/raw/gtfs/2026-10/615fd9d5bbb0c1c35fe86fe3/83735.zip,True,,2026-10-09,,,,,3,True,True,True,[],"[""agency.txt"", ""calendar.txt"", ""calendar_dates.txt"", ""routes.txt"", ""shapes.txt"", ""stop_times.txt"", ""stops.txt"", ""trips.txt""]",False,False,2026-07-24,2026-12-31,False,1052,13029,"[""Sankéo""]","[2.61143947, 42.616804817749134, 3.03958154, 42.869746992834976]",2026-10-09,
615fd9d5bbb0c1c35fe86fe3,gtfs-sankeo,Réseau urbain et scolaire Sankéo,82900,https://eur.mecatran.com/utw/ws/gtfsfeed/static/perpignan?apiKey=612f606b5e3b0a3e6e1f441a2c4a050f6a345b55,"[{""type"": ""epci"", ""nom"": ""CU Perpignan Méditerranée Métropole"", ""insee"": ""200027183""}]",data/raw/gtfs/2026-10/615fd9d5bbb0c1c35fe86fe3/82900.zip,True,,2026-10-09,,,,,3,True,True,True,[],"[""agency.txt"", ""calendar.txt"", ""calendar_dates.txt"", ""feed_info.txt"", ""routes.txt"", ""shapes.txt"", ""stop_times.txt"", ""stops.txt"", ""trips.txt""]",False,False,2026-10-09,2026-10-18,False,1695,7355,"[""Sankéo""]","[2.6114395, 42.6113269, 3.0395815, 42.869747]",2026-10-09,
615fd9d5bbb0c1c35fe86fe3,gtfs-sankeo,Réseau urbain et scolaire Sankéo,83734,https://static.data.gouv.fr/resources/gtfs-sankeo/20261006-071559/gtfssankeo.zip,"[{""type"": ""epci"", ""nom"": ""CU Perpignan Méditerranée Métropole"", ""insee"": ""200027183""}]",data/raw/gtfs/2026-10/615fd9d5bbb0c1c35fe86fe3/83734.zip,True,,2026-10-09,,,,,3,True,True,True,[],"[""agency.txt"", ""calendar.txt"", ""calendar_dates.txt"", ""routes.txt"", ""shapes.txt"", ""stop_times.txt"", ""stops.txt"", ""trips.txt""]",False,False,2026-10-07,2027-07-02,False,655,981,"[""Sankéo""]","[2.61143947, 42.616804817749134, 3.039914, 42.869746992834976]",2026-10-09,
63b4c3d300fbf8e5ed9dde9e,fr-200052264-t0014-0000-1,Réseau urbain Solea,80787,https://api.grandest2.cityway.fr/exs/GTFS?Key=OPENDATA&OperatorCode=SITRAM,"[{""type"": ""epci"", ""nom"": ""CA Mulhouse Alsace Agglomération"", ""insee"": ""200066009""}]",data/raw/gtfs/2026-10/63b4c3d300fbf8e5ed9dde9e/80787.zip,True,,2026-10-09,,,,,1,False,True,True,[],"[""agency.txt"", ""calendar.txt"", ""calendar_dates.txt"", ""feed_info.txt"", ""routes.txt"", ""shapes.txt"", ""stop_times.txt"", ""stops.txt"", ""transfers.txt"", ""trips.txt""]",False,False,2026-10-08,2027-06-25,False,1513,22149,"[""SOLEA""]","[7.092992, 47.6747339, 7.548896, 47.8722659]",2026-10-09,
63c02bbf4059d43863de0c81,offre-de-transport-solea-et-tram-train-en-format-gtfs-1,Réseau urbain Soléa,80492,https://eu.ftp.opendatasoft.com/mulhouse/TRANSPORT_GTFS/SOLEA.GTFS_current.zip,"[{""type"": ""epci"", ""nom"": ""CA Mulhouse Alsace Agglomération"", ""insee"": ""200066009""}]",data/raw/gtfs/2026-10/63c02bbf4059d43863de0c81/80492.zip,True,,2026-10-09,,,,,1,False,True,True,[],"[""agency.txt"", ""calendar.txt"", ""calendar_dates.txt"", ""routes.txt"", ""shapes.txt"", ""stop_times.txt"", ""stops.txt"", ""trips.txt""]",False,False,2026-10-09,2027-06-25,False,1086,30394,"[""SOLEA""]","[7.092992, 47.674734, 7.548896, 47.872266]",2026-10-09,
63b4c3d206d317f5caa80dcb,offre-de-transport-du-reseau-fluo-grand-est-ardennes-08,Réseau interurbain Fluo Grand-Est - Ardennes (08),80413,https://api.grandest2.cityway.fr/exs/GTFS?Key=OPENDATA&OperatorCode=ARDENNES,"[{""type"": ""departement"", ""nom"": ""Ardennes"", ""insee"": ""08""}]",data/raw/gtfs/2026-10/63b4c3d206d317f5caa80dcb/80413.zip,True,,2026-10-09,,,,,1,False,True,True,[],"[""agency.txt"", ""calendar.txt"", ""calendar_dates.txt"", ""feed_info.txt"", ""routes.txt"", ""shapes.txt"", ""stop_times.txt"", ""stops.txt"", ""transfers.txt"", ""trips.txt""]",False,False,2026-10-08,2027-06-30,False,1411,831,"[""Fluo Grand Est 08""]","[4.0347444, 49.2515583, 5.3513901, 50.1384984]",2026-10-09,
617c12b7f9aaa6853cf6d303,reseau-de-transport-en-commun-lia-gtfs-siri,Réseau urbain LiA,84037,https://opendata.transports-lia.fr/gtfs/GTFS.zip,"[{""type"": ""epci"", ""nom"": ""CU Le Havre Seine Métropole"", ""insee"": ""200084952""}]",data/raw/gtfs/2026-10/617c12b7f9aaa6853cf6d303/84037.zip,True,,2026-10-09,,,,,1,False,True,True,[],"[""agency.txt"", ""calendar_dates.txt"", ""routes.txt"", ""stop_times.txt"", ""stops.txt"", ""trips.txt""]",False,False,2026-10-08,2027-01-03,False,1095,10289,"[""LIA""]","[0.069242, 49.459106, 0.432748, 49.704922]",2026-10-09,
5c642379634f41657e9b5ea4,offre-de-transport-du-reseau-tango-de-nimes-metropole-gtfs-gtfs-rt,Réseau urbain Tango,82911,https://static.data.gouv.fr/resources/offre-de-transport-du-reseau-tango-de-nimes-metropole-gtfs-gtfs-rt/20260915-035239/gtfs-production.zip,"[{""type"": ""epci"", ""nom"": ""CA de Nîmes Métropole"", ""insee"": ""243000643""}]",data/raw/gtfs/2026-10/5c642379634f41657e9b5ea4/82911.zip,True,,2026-10-09,,,,,1,False,True,True,[],"[""agency.txt"", ""calendar.txt"", ""calendar_dates.txt"", ""routes.txt"", ""shapes.txt"", ""stop_times.txt"", ""stops.txt"", ""trips.txt""]",False,False,2026-09-01,2026-12-31,False,1134,28968,"[""TANGO""]","[4.125444, 43.67123, 4.565333, 43.976132]",2026-10-09,
5d31d8b69ce2e703da90b699,gtfs-diviamobilites,Réseau urbain DiviaMobilités,80742,https://static.data.gouv.fr/resources/gtfs-diviamobilites/20260929-113816/gtfs-diviamobilites-current.zip,"[{""type"": ""epci"", ""nom"": ""Dijon Métropole"", ""insee"": ""242100410""}]",data/raw/gtfs/2026-10/5d31d8b69ce2e703da90b699/80742.zip,True,,2026-10-09,,,,,1,False,True,True,[],"[""agency.txt"", ""calendar.txt"", ""calendar_dates.txt"", ""routes.txt"", ""shapes.txt"", ""stop_times.txt"", ""stops.txt"", ""trips.txt""]",False,False,2026-09-29,2026-12-20,False,1095,21868,"[""KEOLIS DIJON""]","[4.916306, 47.23035, 5.182949, 47.368587]",2026-10-09,
63b4c3d2d7857ab0c49dde9a,fr-200052264-t0034-0000-1,Réseau urbain Stan,83710,https://api.grandest2.cityway.fr/exs/GTFS?Key=OPENDATA&OperatorCode=STAN,"[{""type"": ""epci"", ""nom"": ""Métropole du Grand Nancy"", ""insee"": ""245400676""}]",data/raw/gtfs/2026-10/63b4c3d2d7857ab0c49dde9a/83710.zip,True,,2026-10-09,,,,,1,False,True,True,[],"[""agency.txt"", ""calendar.txt"", ""calendar_dates.txt"", ""feed_info.txt"", ""routes.txt"", ""shapes.txt"", ""stop_times.txt"", ""stops.txt"", ""transfers.txt"", ""trips.txt""]",False,False,2026-09-07,2026-12-30,False,1466,37975,"[""STAN Nancy""]","[6.1084771, 48.6103859, 6.27393, 48.7316629]",2026-10-09,
600ee0e9d319b4c4b84bd748,gtfs-tadao,Réseau urbain TADAO,83643,https://chouette.enroute.mobi/api/v1/datas/opendata/gtfs.zip,"[{""type"": ""epci"", ""nom"": ""CA de Lens - Liévin"", ""insee"": ""246200364""}]",data/raw/gtfs/2026-10/600ee0e9d319b4c4b84bd748/83643.zip,True,,2026-10-09,,,,,1,False,True,True,[],"[""agency.txt"", ""calendar.txt"", ""calendar_dates.txt"", ""feed_info.txt"", ""routes.txt"", ""shapes.txt"", ""stop_times.txt"", ""stops.txt"", ""trips.txt""]",False,False,2026-08-21,2027-01-03,False,3398,9250,"[""TADAO""]","[2.321316017510821, 50.36814174180917, 3.070860071729508, 50.63285494832237]",2026-10-09,
632a56a65dfc2ff050eacfa4,arrets-horaires-et-parcours-theoriques-des-reseaux-naq-cor-nva-m-1,Réseau interurbain - Corrèze (19),82328,https://www.pigma.org/public/opendata/nouvelle_aquitaine_mobilites/publication/correze-aggregated-gtfs.zip,"[{""type"": ""departement"", ""nom"": ""Corrèze"", ""insee"": ""19""}]",data/raw/gtfs/2026-10/632a56a65dfc2ff050eacfa4/82328.zip,True,,2026-10-09,,,,,1,False,True,True,[],"[""agency.txt"", ""calendar.txt"", ""calendar_dates.txt"", ""routes.txt"", ""shapes.txt"", ""stop_times.txt"", ""stops.txt"", ""trips.txt""]",False,False,2026-09-08,2027-09-10,False,707,180,"[""Cars Régionaux 19 - Correze""]","[1.224332, 44.953098, 2.380228, 45.835915]",2026-10-09,
546609c1c751df1a6f6c8d07,fichiers-gtfs-eurometropole-de-metz,Réseau urbain Le Met',80725,https://data.lemet.fr/documents/LEMET-gtfs.zip,"[{""type"": ""epci"", ""nom"": ""Metz Métropole"", ""insee"": ""200039865""}]",data/raw/gtfs/2026-10/546609c1c751df1a6f6c8d07/80725.zip,True,,2026-10-09,,,,,1,False,True,True,[],"[""agency.txt"", ""calendar.txt"", ""calendar_dates.txt"", ""routes.txt"", ""shapes.txt"", ""stop_times.txt"", ""stops.txt"", ""transfers.txt"", ""trips.txt""]",False,False,2026-10-08,2026-11-07,False,1670,31621,"[""LE MET'""]","[6.0031229, 48.9757411, 6.3244844, 49.2036605]",2026-10-09,
6082db303e52f13729b5e124,reseau-interurbain-cars-region-haute-loire-43,Réseau interurbain - Haute-Loire (43),38881,https://api.oura3.cityway.fr/dataflow/offre-tc/download?provider=HAUTE_LOIRE&dataFormat=GTFS&dataProfil=OPENDATA,"[{""type"": ""departement"", ""nom"": ""Haute-Loire"", ""insee"": ""43""}]",data/raw/gtfs/2026-10/6082db303e52f13729b5e124/38881.zip,True,,2026-10-09,,,,,1,False,True,True,[],"[""agency.txt"", ""calendar.txt"", ""calendar_dates.txt"", ""feed_info.txt"", ""routes.txt"", ""shapes.txt"", ""stop_times.txt"", ""stops.txt"", ""transfers.txt"", ""trips.txt""]",False,False,2026-09-10,2027-08-31,False,570,247,"[""REGION - cars Région Haute-Loire""]","[3.2404416, 44.72618, 4.40191, 45.5495589]",2026-10-09,
649c3cc8d773e2df916455c7,ce-jeu-de-donnees-contient-la-liste-des-arrets-des-horaires-et-des-parcours-theoriques-du-reseau-de-transport-urbain-et-interurbain-de-vrm,Réseau urbain Citéa,82148,https://static.data.gouv.fr/resources/ce-jeu-de-donnees-contient-la-liste-des-arrets-des-horaires-et-des-parcours-theoriques-du-reseau-de-transport-urbain-et-interurbain-de-vrm/20260518-071358/gtfs-citea-20260517-20260628.zip,"[{""type"": ""epci"", ""nom"": ""CA Valence Romans Agglo"", ""insee"": ""200068781""}]",data/raw/gtfs/2026-10/649c3cc8d773e2df916455c7/82148.zip,True,,2026-10-09,,,,,1,False,True,True,[],"[""agency.txt"", ""calendar.txt"", ""calendar_dates.txt"", ""routes.txt"", ""shapes.txt"", ""stop_times.txt"", ""stops.txt"", ""transfers.txt"", ""trips.txt""]",False,False,2026-05-17,2026-06-28,True,2664,11199,"[""Valence Romans Mobilités""]","[4.6471044, 44.8020467, 5.2253532, 45.2189445]",2026-10-09,
601a4e7aa7c110b68de1b2b1,reseau-karouest,Réseau urbain Kar'Ouest,81116,https://static.data.gouv.fr/resources/reseau-karouest/20260817-142540/gtfs-koa1808.zip,"[{""type"": ""epci"", ""nom"": ""CA Territoire de la Côte Ouest (TCO)"", ""insee"": ""249740101""}]",data/raw/gtfs/2026-10/601a4e7aa7c110b68de1b2b1/81116.zip,True,,2026-10-09,,,,,1,False,True,True,[],"[""agency.txt"", ""calendar.txt"", ""calendar_dates.txt"", ""routes.txt"", ""shapes.txt"", ""stop_times.txt"", ""stops.txt"", ""trips.txt""]",False,False,2026-08-17,2026-12-31,False,2283,4297,"[""KAROUEST""]","[55.218778, -21.250535, 55.39446, -20.922835]",2026-10-09,
67d9595a0a0c002ca694c072,horaire-du-reseau-citalis,Réseau urbain CITALIS,82879,https://static.data.gouv.fr/resources/horaire-du-reseau-citalis/20260716-064515/15072026-au-31122026-pysae.zip,"[{""type"": ""epci"", ""nom"": ""CA Intercommunale du Nord de la Réunion (CINOR)"", ""insee"": ""249740119""}]",data/raw/gtfs/2026-10/67d9595a0a0c002ca694c072/82879.zip,True,,2026-10-09,,,,,1,False,True,True,[],"[""agency.txt"", ""calendar.txt"", ""calendar_dates.txt"", ""routes.txt"", ""shapes.txt"", ""stop_times.txt"", ""stops.txt"", ""trips.txt""]",False,False,2026-07-15,2026-12-31,False,1618,12782,"[""Citalis""]","[55.39138896620376, -20.97427249495247, 55.64343710012366, -20.87469642034174]",2026-10-09,
67daaa80d0f0a30eef26b90f,citalis-telepherique-papang,Téléphérique Papang,82880,https://static.data.gouv.fr/resources/citalis-telepherique-papang/20251229-113508/pap1-gtfs-2025-12-02-2028-03-01.zip,"[{""type"": ""epci"", ""nom"": ""CA Intercommunale du Nord de la Réunion (CINOR)"", ""insee"": ""249740119""}]",data/raw/gtfs/2026-10/67daaa80d0f0a30eef26b90f/82880.zip,True,,2026-10-09,,,,,1,False,True,True,[],"[""agency.txt"", ""calendar.txt"", ""frequencies.txt"", ""routes.txt"", ""stop_times.txt"", ""stops.txt"", ""trips.txt""]",False,False,2025-12-01,2028-03-01,False,15,2,"[""CITALIS-TELEPHERIQUE""]","[55.47799, -20.915283, 55.487555, -20.893682]",2026-10-09,
55ffbe0888ee387348ccb97d,horaires-theoriques-et-temps-reel-des-bus-et-tramways-circulant-sur-le-territoire-de-brest-metropole,Réseau urbain Bibus,43286,https://s3.eu-west-1.amazonaws.com/files.orchestra.ratpdev.com/networks/bibus/exports/medias.zip,"[{""type"": ""epci"", ""nom"": ""Brest Métropole"", ""insee"": ""242900314""}]",data/raw/gtfs/2026-10/55ffbe0888ee387348ccb97d/43286.zip,True,,2026-10-09,,,,,1,False,True,True,[],"[""agency.txt"", ""calendar.txt"", ""calendar_dates.txt"", ""feed_info.txt"", ""routes.txt"", ""shapes.txt"", ""stop_times.txt"", ""stops.txt"", ""trips.txt""]",False,False,2026-10-06,2026-12-20,False,1076,7665,"[""Bibus"", ""TAD Bibus""]","[-4.623287, 48.341685, -4.339396, 48.457162]",2026-10-09,
5bd9843e634f413220f7f04a,offre-de-transports-sibra-a-annecy-gtfs,Réseau urbain Sibra,80100,https://static.data.gouv.fr/resources/offre-de-transports-sibra-a-annecy-gtfs/20261001-085638/gtfs-sibra.zip,"[{""type"": ""epci"", ""nom"": ""CA du Grand Annecy"", ""insee"": ""200066793""}]",data/raw/gtfs/2026-10/5bd9843e634f413220f7f04a/80100.zip,True,,2026-10-09,,,,,1,False,True,True,[],"[""agency.txt"", ""calendar.txt"", ""calendar_dates.txt"", ""routes.txt"", ""shapes.txt"", ""stop_times.txt"", ""stops.txt"", ""trips.txt""]",False,False,2026-10-01,2026-12-20,False,1861,18597,"[""SIBRA""]","[5.9476862, 45.6874086, 6.3268681, 46.0368608]",2026-10-09,
5acb75f0c751df341652c886,gtfs-du-reseau-des-transports-bus-et-tramway-setram-circulant-sur-le-territoire-le-mans-metropole,Réseau urbain SETRAM,84170,https://eur.mecatran.com/utw/ws/gtfsfeed/static/lemans?apiKey=73334a124f3a1654141d6979113106450f291d15&type=gtfs_setram_urbsco,"[{""type"": ""epci"", ""nom"": ""CU Le Mans Métropole"", ""insee"": ""247200132""}]",data/raw/gtfs/2026-10/5acb75f0c751df341652c886/84170.zip,True,,2026-10-09,,,,,3,True,True,True,[],"[""agency.txt"", ""calendar.txt"", ""calendar_dates.txt"", ""feed_info.txt"", ""routes.txt"", ""shapes.txt"", ""stop_times.txt"", ""stops.txt"", ""trips.txt""]",False,False,2026-09-30,2026-11-02,False,1596,9074,"[""SETRAM""]","[0.068706, 47.906174, 0.348865, 48.07777]",2026-10-09,
5acb75f0c751df341652c886,gtfs-du-reseau-des-transports-bus-et-tramway-setram-circulant-sur-le-territoire-le-mans-metropole,Réseau urbain SETRAM,79601,https://static.data.gouv.fr/resources/gtfs-du-reseau-des-transports-bus-et-tramway-setram-circulant-sur-le-territoire-le-mans-metropole/20260831-081252/lemans-8080-gtfs-setram-urbsco.zip,"[{""type"": ""epci"", ""nom"": ""CU Le Mans Métropole"", ""insee"": ""247200132""}]",data/raw/gtfs/2026-10/5acb75f0c751df341652c886/79601.zip,True,,2026-10-09,,,,,3,True,True,True,[],"[""agency.txt"", ""calendar.txt"", ""calendar_dates.txt"", ""feed_info.txt"", ""location_group_stops.txt"", ""location_groups.txt"", ""routes.txt"", ""shapes.txt"", ""stop_times.txt"", ""stops.txt"", ""trips.txt""]",False,False,2026-08-31,2026-11-28,False,1799,9715,"[""SETRAM""]","[0.068706, 47.90204036, 0.349941, 48.07777]",2026-10-09,
5acb75f0c751df341652c886,gtfs-du-reseau-des-transports-bus-et-tramway-setram-circulant-sur-le-territoire-le-mans-metropole,Réseau urbain SETRAM,84233,https://eur.mecatran.com/utw/ws/gtfsfeed/static/lemans?apiKey=73334a124f3a1654141d6979113106450f291d15&type=gtfs_setram_flex,"[{""type"": ""epci"", ""nom"": ""CU Le Mans Métropole"", ""insee"": ""247200132""}]",data/raw/gtfs/2026-10/5acb75f0c751df341652c886/84233.zip,True,,2026-10-09,,,,,3,True,True,True,[],"[""agency.txt"", ""booking_rules.txt"", ""calendar.txt"", ""calendar_dates.txt"", ""feed_info.txt"", ""location_group_stops.txt"", ""location_groups.txt"", ""routes.txt"", ""stop_times.txt"", ""stops.txt"", ""trips.txt""]",False,True,2026-10-09,2027-01-07,False,256,140,"[""SETRAM""]","[0.14085, 47.90204036, 0.349941, 48.045222]",2026-10-09,
61c97dd9a3499a9c8e8b8ea0,horaires-theoriques-du-reseau-izilo-format-gtfs-de-lorient-agglomeration,Réseau urbain Izilo,80611,https://s3.eu-west-1.amazonaws.com/files.orchestra.ratpdev.com/networks/rdla-lorient/exports/medias.zip,"[{""type"": ""epci"", ""nom"": ""CA Lorient Agglomération"", ""insee"": ""200042174""}]",data/raw/gtfs/2026-10/61c97dd9a3499a9c8e8b8ea0/80611.zip,True,,2026-10-09,,,,,1,False,True,True,[],"[""agency.txt"", ""calendar.txt"", ""calendar_dates.txt"", ""feed_info.txt"", ""routes.txt"", ""shapes.txt"", ""stop_times.txt"", ""stops.txt"", ""transfers.txt"", ""trips.txt""]",False,False,2026-09-18,2026-12-31,False,2077,3365,"[""IZILO""]","[-3.526621, 47.627059, -3.065159, 48.018682]",2026-10-09,
632a56a6a0eb7f886aeacfa5,arrets-horaires-et-parcours-theoriques-des-reseaux-naq-lim-nva-m-1,Réseau urbain TCL,82348,https://www.pigma.org/public/opendata/nouvelle_aquitaine_mobilites/publication/ca_limoges_metropole-aggregated-gtfs.zip,"[{""type"": ""epci"", ""nom"": ""CU Limoges Métropole"", ""insee"": ""248719312""}]",data/raw/gtfs/2026-10/632a56a6a0eb7f886aeacfa5/82348.zip,True,,2026-10-09,,,,,1,False,True,True,[],"[""agency.txt"", ""calendar.txt"", ""calendar_dates.txt"", ""routes.txt"", ""shapes.txt"", ""stop_times.txt"", ""stops.txt"", ""trips.txt""]",False,False,2026-09-16,2027-01-03,False,1646,10106,"[""STCLM (Limoges Métropole)""]","[1.078107, 45.750645, 1.415737, 45.9702]",2026-10-09,
5b5b090988ee385b10198107,gtfs-et-siri-du-reseau-ginko-besancon-lignes-urbaines-et-periurbaines,Réseau urbain Ginko,80590,https://api.ginko.voyage/gtfs-ginko.zip,"[{""type"": ""epci"", ""nom"": ""CU Grand Besançon Métropole"", ""insee"": ""242500361""}]",data/raw/gtfs/2026-10/5b5b090988ee385b10198107/80590.zip,True,,2026-10-09,,,,,1,False,True,True,[],"[""agency.txt"", ""calendar.txt"", ""calendar_dates.txt"", ""feed_info.txt"", ""routes.txt"", ""shapes.txt"", ""stop_times.txt"", ""stops.txt"", ""trips.txt""]",False,False,2026-09-01,2026-11-27,False,2028,27778,"[""Ginko""]","[5.790387, 47.11553955078125, 6.201003, 47.37154]",2026-10-09,
5ae2e01d88ee381811e691b5,reseau-orizo-grand-avignon,Réseau urbain Orizo,84115,https://api.maas-fr.cityway.fr/dataflow/offre-tc/download?provider=ORIZO&dataFormat=GTFS&dataProfil=OPENDATA,"[{""type"": ""epci"", ""nom"": ""CA du Grand Avignon (COGA)"", ""insee"": ""248400251""}]",data/raw/gtfs/2026-10/5ae2e01d88ee381811e691b5/84115.zip,True,,2026-10-09,,,,,1,False,True,True,[],"[""agency.txt"", ""calendar.txt"", ""calendar_dates.txt"", ""routes.txt"", ""shapes.txt"", ""stop_times.txt"", ""stops.txt"", ""transfers.txt"", ""trips.txt""]",False,False,2026-10-08,2026-12-20,False,973,5409,"[""TECELYS SPL""]","[4.666373, 43.88605, 5.029943, 44.052708]",2026-10-09,
58ef2cefa3a7293d49c4e178,mobilite-offre-de-transport-du-reseau-bus-gtfs-gtfs-rt,Réseau urbain Vitalis,83389,https://data.grandpoitiers.fr/data-fair/api/v1/datasets/offre-de-transport-du-reseau-vitalis/metadata-attachments/gtfs.zip,"[{""type"": ""epci"", ""nom"": ""CU du Grand Poitiers"", ""insee"": ""200069854""}]",data/raw/gtfs/2026-10/58ef2cefa3a7293d49c4e178/83389.zip,True,,2026-10-09,,,,,1,False,True,True,[],"[""agency.txt"", ""calendar.txt"", ""calendar_dates.txt"", ""routes.txt"", ""shapes.txt"", ""stop_times.txt"", ""stops.txt"", ""trips.txt""]",False,False,2026-10-05,2026-12-13,False,2673,4508,"[""FLEX'E-BUS (Grand Poitiers)"", ""VITALIS (Grand Poitiers)""]","[-0.012882, 46.312984, 0.753241, 46.74892]",2026-10-09,
5c123acf634f417c2d2e8ab4,offre-de-transports-reseau-dk-bus-de-la-communaute-urbaine-de-dunkerque-gtfs,Réseau urbain DK'BUS,82683,https://static.data.gouv.fr/resources/offre-de-transports-reseau-dk-bus-de-la-communaute-urbaine-de-dunkerque-gtfs/20260706-085929/gtfs-20260624-110758-dkbus.zip,"[{""type"": ""epci"", ""nom"": ""CU de Dunkerque"", ""insee"": ""245900428""}]",data/raw/gtfs/2026-10/5c123acf634f417c2d2e8ab4/82683.zip,True,,2026-10-09,,,,,1,False,True,True,[],"[""agency.txt"", ""calendar.txt"", ""calendar_dates.txt"", ""routes.txt"", ""shapes.txt"", ""stop_times.txt"", ""stops.txt"", ""trips.txt""]",False,False,2026-01-01,2026-12-31,False,790,9734,"[""DKBUS""]","[2.099884, 50.940872, 2.601023, 51.082111]",2026-10-09,
5be2ce698b4c414a99f9d84c,arrets-horaires-et-parcours-theoriques-des-bus-du-reseau-des-transports-publics-envibus,Réseau urbain ENVIBUS,79342,https://open-share.agglo-casa.fr/s/34FS2SWg36NEZk4/download,"[{""type"": ""epci"", ""nom"": ""CA de Sophia Antipolis"", ""insee"": ""240600585""}]",data/raw/gtfs/2026-10/5be2ce698b4c414a99f9d84c/79342.zip,True,,2026-10-09,,,,,1,False,True,True,[],"[""agency.txt"", ""calendar.txt"", ""calendar_dates.txt"", ""routes.txt"", ""shapes.txt"", ""stop_times.txt"", ""stops.txt"", ""trips.txt""]",False,False,2026-10-05,2026-10-18,False,736,2380,"[""ENVIBUS"", ""KEOLIS SOPHIA ANTIPOLIS"", ""STCAR"", ""TUA TRANSDEV""]","[6.971752, 43.54654, 7.147823, 43.70257]",2026-10-09,
5cb7170d634f414f552323c7,donnees-du-reseau-alterneo,Réseau urbain Alternéo,80676,https://static.data.gouv.fr/resources/donnees-du-reseau-alterneo/20260825-092437/gtfs-cineo-20260825-20270825.zip,"[{""type"": ""epci"", ""nom"": ""CA CIVIS (Communauté Intercommunale des Villes Solidaires)"", ""insee"": ""249740077""}]",data/raw/gtfs/2026-10/5cb7170d634f414f552323c7/80676.zip,True,,2026-10-09,,,,,1,False,True,True,[],"[""agency.txt"", ""calendar.txt"", ""calendar_dates.txt"", ""routes.txt"", ""shapes.txt"", ""stop_times.txt"", ""stops.txt"", ""transfers.txt"", ""trips.txt""]",False,False,2026-08-25,2027-02-28,False,3640,10483,"[""ALTERNEO""]","[55.3228162, -21.370994, 55.5882896, -21.1171267]",2026-10-09,
6033a87b4e276fd6499986bf,ametis,Réseau urbain Ametis,80223,https://static.data.gouv.fr/resources/ametis/20260914-120020/gtfs-fusion-20260914-1352.zip,"[{""type"": ""epci"", ""nom"": ""CA Amiens Métropole"", ""insee"": ""248000531""}]",data/raw/gtfs/2026-10/6033a87b4e276fd6499986bf/80223.zip,True,,2026-10-09,,,,,2,True,True,True,[],"[""agency.txt"", ""calendar.txt"", ""calendar_dates.txt"", ""object_codes_extension.txt"", ""routes.txt"", ""shapes.txt"", ""stop_times.txt"", ""stops.txt"", ""transfers.txt"", ""trips.txt""]",False,False,2026-09-13,2027-03-13,False,1223,7172,"[""Keolis Amiens""]","[2.107003, 49.782146, 2.436031, 49.970084]",2026-10-09,
6033a87b4e276fd6499986bf,ametis,Réseau urbain Ametis,80705,https://static.data.gouv.fr/resources/ametis/20261009-121100/sae-20261009-1409.zip,"[{""type"": ""epci"", ""nom"": ""CA Amiens Métropole"", ""insee"": ""248000531""}]",data/raw/gtfs/2026-10/6033a87b4e276fd6499986bf/80705.zip,True,,2026-10-09,,,,,2,True,True,True,[],"[""agency.txt"", ""calendar.txt"", ""calendar_dates.txt"", ""routes.txt"", ""stop_times.txt"", ""stops.txt"", ""trips.txt""]",False,False,2026-10-09,2026-11-19,False,740,6531,"[""KEOLIS AMIENS""]","[2.21235, 49.815884, 2.423115, 49.970081]",2026-10-09,
5ed0810bd421221e098ce41c,reseau-taneo-1,Réseau urbain Tanéo,84147,https://api.taneo.nc/v1/gtfs/download,"[{""type"": ""commune"", ""nom"": ""Dumbéa"", ""insee"": ""98805""}, {""type"": ""commune"", ""nom"": ""Le Mont-Dore"", ""insee"": ""98817""}, {""type"": ""commune"", ""nom"": ""Nouméa"", ""insee"": ""98818""}, {""type"": ""commune"", ""nom"": ""Païta"", ""insee"": ""98821""}]",data/raw/gtfs/2026-10/5ed0810bd421221e098ce41c/84147.zip,True,,2026-10-09,,,,,1,False,True,True,[],"[""agency.txt"", ""calendar.txt"", ""calendar_dates.txt"", ""routes.txt"", ""shapes.txt"", ""stop_times.txt"", ""stops.txt"", ""trips.txt""]",False,False,2026-10-09,2026-12-31,False,831,2662,"[""Carsud"", ""Néobus"", ""TAD""]","[166.33846, -22.3076924, 166.6637328, -22.1141027]",2026-10-09,
63b4c3d35e8da006139dde9c,offre-de-transport-du-reseau-fluo-grand-est-meuse-55,Réseau interurbain Fluo Grand-Est - Meuse (55),80425,https://api.grandest2.cityway.fr/exs/GTFS?Key=OPENDATA&OperatorCode=RITM,"[{""type"": ""departement"", ""nom"": ""Meuse"", ""insee"": ""55""}]",data/raw/gtfs/2026-10/63b4c3d35e8da006139dde9c/80425.zip,True,,2026-10-09,,,,,1,False,True,True,[],"[""agency.txt"", ""calendar.txt"", ""calendar_dates.txt"", ""feed_info.txt"", ""routes.txt"", ""shapes.txt"", ""stop_times.txt"", ""stops.txt"", ""transfers.txt"", ""trips.txt""]",False,False,2026-10-08,2027-06-30,False,1682,1154,"[""Fluo Grand Est 55""]","[4.8982497, 48.4394499, 5.8657941, 49.5829233]",2026-10-09,
632a56a68a907ff3d4eacfa4,arrets-horaires-et-parcours-theoriques-des-reseaux-naq-lro-nva-m-1,Réseau urbain Yélo,82350,https://www.pigma.org/public/opendata/nouvelle_aquitaine_mobilites/publication/ca_la_rochelle-aggregated-gtfs.zip,"[{""type"": ""epci"", ""nom"": ""CA de La Rochelle"", ""insee"": ""241700434""}]",data/raw/gtfs/2026-10/632a56a68a907ff3d4eacfa4/82350.zip,True,,2026-10-09,,,,,1,False,True,True,[],"[""agency.txt"", ""calendar.txt"", ""calendar_dates.txt"", ""routes.txt"", ""shapes.txt"", ""stop_times.txt"", ""stops.txt"", ""trips.txt""]",False,False,2026-09-21,2027-04-30,False,1520,4475,"[""YELO (La Rochelle)""]","[-1.220466, 46.017185, -0.923319, 46.252171]",2026-10-09,
667d7d9f6ca66f624e3facbf,telepherique-du-mont-faron,Téléphérique du Mont Faron,83739,https://static.data.gouv.fr/resources/telepherique-du-mont-faron/20260828-131706/tel-a-to-n.zip,"[{""type"": ""commune"", ""nom"": ""Toulon"", ""insee"": ""83137""}]",data/raw/gtfs/2026-10/667d7d9f6ca66f624e3facbf/83739.zip,True,,2026-10-09,,,,,1,False,True,True,[],"[""agency.txt"", ""calendar.txt"", ""calendar_dates.txt"", ""routes.txt"", ""shapes.txt"", ""stop_times.txt"", ""stops.txt"", ""trips.txt""]",False,False,2026-08-01,2026-11-30,False,2,280,"[""Téléphérique du Faron""]","[5.930214, 43.137293, 5.93441, 43.149344]",2026-10-09,
63451c30ca900b76c684eabe,horaires-theoriques-et-en-temps-reel-des-bus-et-autocars-circulant-sur-le-reseau-cap-cotentin,Réseau urbain Cap Cotentin,79831,https://static.data.gouv.fr/resources/horaires-theoriques-et-en-temps-reel-des-bus-et-autocars-circulant-sur-le-reseau-cap-cotentin/20261005-092656/gtfs-capcotentin-250926-au-27062027.zip,"[{""type"": ""epci"", ""nom"": ""CA du Cotentin"", ""insee"": ""200067205""}]",data/raw/gtfs/2026-10/63451c30ca900b76c684eabe/79831.zip,True,,2026-10-09,,,,,1,False,True,True,[],"[""agency.txt"", ""calendar.txt"", ""calendar_dates.txt"", ""fare_attributes.txt"", ""fare_rules.txt"", ""routes.txt"", ""shapes.txt"", ""stop_times.txt"", ""stops.txt"", ""trips.txt""]",False,False,2026-09-25,2027-06-27,False,620,11595,"[""Cap Cotentin""]","[-1.944424, 48.104003, -1.259287, 49.715702]",2026-10-09,
5a6f2ae8c751df6d2358936b,reseau-urbain-kiceo,Réseau urbain Kicéo,82553,https://static.data.gouv.fr/resources/reseau-urbain-kiceo/20260929-172152/gtfs-20260929-191913-kiceo.zip,"[{""type"": ""epci"", ""nom"": ""CA Golfe du Morbihan - Vannes Agglomération"", ""insee"": ""200067932""}]",data/raw/gtfs/2026-10/5a6f2ae8c751df6d2358936b/82553.zip,True,,2026-10-09,,,,,1,False,True,True,[],"[""agency.txt"", ""attributions.txt"", ""calendar.txt"", ""calendar_dates.txt"", ""fare_attributes.txt"", ""fare_rules.txt"", ""feed_info.txt"", ""routes.txt"", ""shapes.txt"", ""stop_times.txt"", ""stops.txt"", ""trips.txt""]",False,False,2026-08-31,2027-07-02,False,2590,2569,"[""Kicéo""]","[-2.952535, 47.490644, -2.525686, 47.825011]",2026-10-09,
5c0933e88b4c4177a394acd1,donnees-tcat-troyes-champagne-metropole-1,Réseau urbain TCAT,79847,https://static.data.gouv.fr/resources/donnees-tcat-troyes-champagne-metropole-1/20261005-091208/gtfsnavineo.zip,"[{""type"": ""epci"", ""nom"": ""CA Troyes Champagne Métropole"", ""insee"": ""200069250""}]",data/raw/gtfs/2026-10/5c0933e88b4c4177a394acd1/79847.zip,True,,2026-10-09,,,,,1,False,True,True,[],"[""agency.txt"", ""calendar.txt"", ""calendar_dates.txt"", ""routes.txt"", ""shapes.txt"", ""stop_times.txt"", ""stops.txt"", ""trips.txt""]",False,False,2026-10-05,2026-11-01,False,1747,6172,"[""MASQUE"", ""TCAT""]","[3.905314, 48.183986, 4.244121, 48.3988783]",2026-10-09,
66a7bb5fa635ff6dd82ec2a5,offre-de-transport-du-reseau-fluo-grand-est-haute-marne-52,Réseau interurbain Fluo Grand-Est - Haute-Marne (52),81989,https://api.grandest2.cityway.fr/exs/GTFS?Key=OPENDATA&OperatorCode=C52,"[{""type"": ""departement"", ""nom"": ""Haute-Marne"", ""insee"": ""52""}]",data/raw/gtfs/2026-10/66a7bb5fa635ff6dd82ec2a5/81989.zip,True,,2026-10-09,,,,,1,False,True,True,[],"[""agency.txt"", ""calendar.txt"", ""calendar_dates.txt"", ""feed_info.txt"", ""routes.txt"", ""shapes.txt"", ""stop_times.txt"", ""stops.txt"", ""transfers.txt"", ""trips.txt""]",False,False,2026-10-06,2027-06-30,False,1126,571,"[""Fluo Grand Est 52""]","[4.7453001, 47.6026899, 5.867619, 48.6455329]",2026-10-09,
60c1562cdcedc99af52fcb48,fichier-des-donnees-theoriques-du-reseau-scolaris-au-format-gtfs,Réseau scolaire Scolaris,83631,https://opendata.idelis.fr/?file=GTFS_Scolaris/Data.GTFS.zip,"[{""type"": ""epci"", ""nom"": ""CA Pau Béarn Pyrénées"", ""insee"": ""200067254""}]",data/raw/gtfs/2026-10/60c1562cdcedc99af52fcb48/83631.zip,True,,2026-10-09,,,,,1,False,True,True,[],"[""agency.txt"", ""calendar.txt"", ""calendar_dates.txt"", ""routes.txt"", ""shapes.txt"", ""stop_times.txt"", ""stops.txt"", ""trips.txt"", ""trips_extensions.txt""]",False,False,2026-09-01,2027-07-02,False,909,215,"[""Scolaris""]","[-0.5100873124, 43.160005, -0.237621917, 43.42872038]",2026-10-09,
5f0ec2f7771991bd9dd05ffd,fichier-des-donnees-theoriques-du-reseau-idelis-au-format-gtfs,Réseau urbain Idelis,83632,https://opendata.idelis.fr/?file=GTFS_MultiRoutes/Data.GTFS.zip,"[{""type"": ""epci"", ""nom"": ""CA Pau Béarn Pyrénées"", ""insee"": ""200067254""}]",data/raw/gtfs/2026-10/5f0ec2f7771991bd9dd05ffd/83632.zip,True,,2026-10-09,,,,,1,False,True,True,[],"[""agency.txt"", ""calendar.txt"", ""calendar_dates.txt"", ""fare_attributes.txt"", ""fare_rules.txt"", ""feed_info.txt"", ""routes.txt"", ""shapes.txt"", ""stop_times.txt"", ""stops.txt"", ""transfers.txt"", ""trips.txt""]",False,False,2026-09-14,2027-07-04,False,823,4580,"[""IDELIS (Pau)""]","[-0.477045175888, 43.217906, -0.240241203498354, 43.405834981242]",2026-10-09,
5fbd322e32bda59e482719f4,syndicat-mixte-des-transports-du-petit-cul-de-sac-marin,Réseau urbain KARU'LIS,82727,https://static.data.gouv.fr/resources/syndicat-mixte-des-transports-du-petit-cul-de-sac-marin/20260102-170300/karulis-2026.zip,"[{""type"": ""epci"", ""nom"": ""CA CAP Excellence"", ""insee"": ""200018653""}, {""type"": ""epci"", ""nom"": ""CA La Riviéra du Levant"", ""insee"": ""200041507""}]",data/raw/gtfs/2026-10/5fbd322e32bda59e482719f4/82727.zip,True,,2026-10-09,,,,,1,False,True,True,[],"[""agency.txt"", ""calendar_dates.txt"", ""feed_info.txt"", ""routes.txt"", ""shapes.txt"", ""stop_times.txt"", ""stops.txt"", ""trips.txt""]",False,False,2026-01-02,2026-12-31,False,913,3504,"[""step""]","[-61.651967, 16.205391, -61.177185, 16.342426]",2026-10-09,
64d0d79d00f3062c1e41a3b7,gtfs-transport-maritime-via-mare,Réseau maritime de Corse du Sud,82305,https://static.data.gouv.fr/resources/gtfs-transport-maritime-via-mare/20260707-130622/via-mare.zip,"[{""type"": ""departement"", ""nom"": ""Corse-du-Sud"", ""insee"": ""2A""}]",data/raw/gtfs/2026-10/64d0d79d00f3062c1e41a3b7/82305.zip,True,,2026-10-09,,,,,1,False,True,True,[],"[""agency.txt"", ""calendar.txt"", ""calendar_dates.txt"", ""routes.txt"", ""shapes.txt"", ""stop_times.txt"", ""stops.txt"", ""trips.txt"", ""trips_extensions.txt""]",False,False,2023-04-01,2026-09-30,True,8,24,"[""Via Mare""]","[8.613335, 42.268108, 8.69276, 42.415433]",2026-10-09,
64269d3ffdf344361a751199,gtfs-transport-horaires-des-lignes-de-la-communaute-de-communes-corse-du-sud-a-berlina,Réseau urbain A Berlina,82995,https://static.data.gouv.fr/resources/gtfs-transport-horaires-des-lignes-de-la-communaute-de-communes-corse-du-sud-a-berlina/20260707-092242/a-berlina.zip,"[{""type"": ""departement"", ""nom"": ""Corse-du-Sud"", ""insee"": ""2A""}]",data/raw/gtfs/2026-10/64269d3ffdf344361a751199/82995.zip,True,,2026-10-09,,,,,1,False,True,True,[],"[""agency.txt"", ""calendar.txt"", ""calendar_dates.txt"", ""routes.txt"", ""shapes.txt"", ""stop_times.txt"", ""stops.txt"", ""trips.txt""]",False,False,2026-01-02,2030-12-31,False,82,28,"[""A Berlina""]","[9.0132, 41.389398, 9.347567, 41.698915]",2026-10-09,
6153ad370c072cfd9db0681a,horaires-theoriques-du-telepherique-de-la-bastille,Téléphérique de la Bastille - Bulles de Grenoble,81618,https://data.mobilites-m.fr/api/gtfs/BUL,"[{""type"": ""commune"", ""nom"": ""Grenoble"", ""insee"": ""38185""}]",data/raw/gtfs/2026-10/6153ad370c072cfd9db0681a/81618.zip,True,,2026-10-09,,,,,1,False,True,True,[],"[""agency.txt"", ""calendar.txt"", ""calendar_dates.txt"", ""fare_attributes.txt"", ""feed_info.txt"", ""frequencies.txt"", ""pathways.txt"", ""routes.txt"", ""stop_times.txt"", ""stops.txt"", ""trips.txt""]",False,False,2025-12-02,2027-01-03,False,4,50,"[""OT Grenoble""]","[5.724519, 45.192984, 5.726084, 45.198644]",2026-10-09,
5c65bad88b4c4143d45c9d5c,horaires-theoriques-et-temps-reel-gtfs-gtfs-rt-du-reseau-palmbus-cannes-pays-de-lerins,Réseau urbain Palmbus,79420,https://static.data.gouv.fr/resources/horaires-theoriques-et-temps-reel-gtfs-gtfs-rt-du-reseau-palmbus-cannes-pays-de-lerins/20261009-064937/palmbus-cannes-fr.zip,"[{""type"": ""epci"", ""nom"": ""CA Cannes Pays de Lérins"", ""insee"": ""200039915""}]",data/raw/gtfs/2026-10/5c65bad88b4c4143d45c9d5c/79420.zip,True,,2026-10-09,,,,,1,False,True,True,[],"[""agency.txt"", ""booking_rules.txt"", ""calendar_dates.txt"", ""fare_attributes.txt"", ""fare_leg_rules.txt"", ""fare_media.txt"", ""fare_products.txt"", ""fare_rules.txt"", ""fare_transfer_rules.txt"", ""feed_info.txt"", ""rider_categories.txt"", ""routes.txt"", ""shapes.txt"", ""stop_times.txt"", ""stops.txt"", ""trips.txt""]",False,True,2026-10-05,2026-12-31,False,1492,28325,"[""Palm à la demande"", ""Palmbus""]","[6.920097917318344, 43.480905133389065, 7.058013752102852, 43.62414939145257]",2026-10-09,
5acb317988ee381778cbecf0,gtfs-du-reseau-de-transports-publics-de-saint-brieuc-armor-agglomeration,Réseau urbain TUB,67655,https://static.data.gouv.fr/resources/gtfs-du-reseau-de-transports-publics-de-saint-brieuc-armor-agglomeration/20261001-115455/gtfs.zip,"[{""type"": ""epci"", ""nom"": ""CA Saint-Brieuc Armor Agglomération"", ""insee"": ""200069409""}]",data/raw/gtfs/2026-10/5acb317988ee381778cbecf0/67655.zip,True,,2026-10-09,,,,,1,False,True,True,[],"[""agency.txt"", ""calendar.txt"", ""calendar_dates.txt"", ""feed_info.txt"", ""routes.txt"", ""shapes.txt"", ""stop_times.txt"", ""stops.txt"", ""trips.txt""]",False,False,2026-09-25,2026-12-31,False,2604,1663,"[""TUB""]","[-3.03629, 48.307588, -2.631844, 48.666517]",2026-10-09,
615c0b5448c0d2789eb0681b,agence-agglobus,Réseau urbain Agglobus,81705,https://static.data.gouv.fr/resources/agence-agglobus/20250806-142142/agglobus-peri-urbain-25-agglo-bus-inter-gtfs-2025-07-23-07-58-11-2-.zip,"[{""type"": ""epci"", ""nom"": ""CA du Centre Littoral"", ""insee"": ""249730045""}]",data/raw/gtfs/2026-10/615c0b5448c0d2789eb0681b/81705.zip,True,,2026-10-09,,,,,3,True,True,True,[],"[""agency.txt"", ""calendar.txt"", ""calendar_dates.txt"", ""routes.txt"", ""shapes.txt"", ""stop_times.txt"", ""stops.txt"", ""trips.txt"", ""trips_extensions.txt""]",False,False,2019-09-02,2027-12-31,False,312,455,"[""AGGLOBUS PERI URBAIN""]","[-52.56675328128, 4.498318, -52.052472, 5.0710991537198]",2026-10-09,
615c0b5448c0d2789eb0681b,agence-agglobus,Réseau urbain Agglobus,83304,https://static.data.gouv.fr/resources/agence-agglobus/20260709-120019/gtfsl7et10.zip,"[{""type"": ""epci"", ""nom"": ""CA du Centre Littoral"", ""insee"": ""249730045""}]",data/raw/gtfs/2026-10/615c0b5448c0d2789eb0681b/83304.zip,True,,2026-10-09,,,,,3,True,True,True,[],"[""agency.txt"", ""attributions.txt"", ""calendar.txt"", ""calendar_dates.txt"", ""routes.txt"", ""shapes.txt"", ""stop_times.txt"", ""stops.txt"", ""trips.txt""]",False,False,2021-01-01,2026-12-31,False,191,189,"[""CACL - L7/10""]","[-52.365129, 4.822652, 52.296379, 4.9354710874831]",2026-10-09,
615c0b5448c0d2789eb0681b,agence-agglobus,Réseau urbain Agglobus,83781,https://static.data.gouv.fr/resources/agence-agglobus/20260226-105258/gtfs-agglobus-2026-oe-v2.zip,"[{""type"": ""epci"", ""nom"": ""CA du Centre Littoral"", ""insee"": ""249730045""}]",data/raw/gtfs/2026-10/615c0b5448c0d2789eb0681b/83781.zip,True,,2026-10-09,,,,,3,True,True,True,[],"[""agency.txt"", ""attributions.txt"", ""calendar.txt"", ""calendar_dates.txt"", ""feed_info.txt"", ""log_GTFS.txt"", ""routes.txt"", ""shapes.txt"", ""stop_times.txt"", ""stops.txt"", ""trips.txt""]",False,False,2025-12-29,2026-12-31,False,536,2799,"[""CACL-SEMOP""]","[-52.354443, 4.880191, -52.274483, 4.94787]",2026-10-09,
636a99741450998eb73032df,gtfs-urbain-de-la-zone-centre,Réseau urbain de la zone Centre (CACEM),79898,https://static.data.gouv.fr/resources/gtfs-urbain-de-la-zone-centre/20260825-132222/gtfs-centre-rtm.zip,"[{""type"": ""epci"", ""nom"": ""CA du Centre de la Martinique"", ""insee"": ""249720061""}]",data/raw/gtfs/2026-10/636a99741450998eb73032df/79898.zip,True,,2026-10-09,,,,,1,False,True,True,[],"[""agency.txt"", ""calendar.txt"", ""calendar_dates.txt"", ""routes.txt"", ""shapes.txt"", ""stop_times.txt"", ""stops.txt"", ""transfers.txt"", ""trips.txt"", ""trips_extensions.txt""]",False,False,2026-08-21,2026-12-31,False,2255,11146,"[""Régie des Transports de Martinique""]","[-61.1179, 14.5955, -60.9455, 14.6906]",2026-10-09,
5cdbefd68b4c41178efda275,horaires-theoriques-des-lignes-urbaines-et-interurbaines-sur-le-reseau-alesy-gtfs,Réseau urbain Alesy,75062,https://static.data.gouv.fr/resources/horaires-theoriques-des-lignes-urbaines-et-interurbaines-sur-le-reseau-alesy-gtfs/20261009-123021/gtfs-is-20261012.zip,"[{""type"": ""epci"", ""nom"": ""CA Alès Agglomération"", ""insee"": ""200066918""}, {""type"": ""commune"", ""nom"": ""Allègre-les-Fumades"", ""insee"": ""30008""}, {""type"": ""commune"", ""nom"": ""Bessèges"", ""insee"": ""30037""}, {""type"": ""commune"", ""nom"": ""Bouquet"", ""insee"": ""30048""}, {""type"": ""commune"", ""nom"": ""Cardet"", ""insee"": ""30068""}, {""type"": ""commune"", ""nom"": ""Gagnières"", ""insee"": ""30120""}, {""type"": ""commune"", ""nom"": ""Lédignan"", ""insee"": ""30146""}, {""type"": ""commune"", ""nom"": ""Meyrannes"", ""insee"": ""30167""}, {""type"": ""commune"", ""nom"": ""Molières-sur-Cèze"", ""insee"": ""30171""}, {""type"": ""commune"", ""nom"": ""Navacelles"", ""insee"": ""30187""}, {""type"": ""commune"", ""nom"": ""Robiac-Rochessadoule"", ""insee"": ""30216""}, {""type"": ""commune"", ""nom"": ""Saint-Ambroix"", ""insee"": ""30227""}, {""type"": ""commune"", ""nom"": ""Saint-Dézéry"", ""insee"": ""30248""}]",data/raw/gtfs/2026-10/5cdbefd68b4c41178efda275/75062.zip,True,,2026-10-09,,,,,1,False,True,True,[],"[""agency.txt"", ""calendar.txt"", ""calendar_dates.txt"", ""routes.txt"", ""shapes.txt"", ""stop_times.txt"", ""stops.txt"", ""trips.txt""]",False,False,2026-01-01,2028-12-31,False,2595,1603,"[""ALES'Y(SMTBA)""]","[3.826701068, 43.910552, 4.3545786, 44.4008504]",2026-10-09,
5fff2eb33452677715ff8fe6,eveole-douai-reseau-bus-du-syndicat-mixte-des-transports-du-douaisis-smtd,Réseau urbain Eveole,79544,https://static.data.gouv.fr/resources/eveole-douai-reseau-bus-du-syndicat-mixte-des-transports-du-douaisis-smtd/20260930-102244/version-2-du-1409-au-03012027-corrections-v01.zip,"[{""type"": ""epci"", ""nom"": ""CA Douaisis Agglo"", ""insee"": ""200044618""}]",data/raw/gtfs/2026-10/5fff2eb33452677715ff8fe6/79544.zip,True,,2026-10-09,,,,,1,False,True,True,[],"[""agency.txt"", ""calendar.txt"", ""calendar_dates.txt"", ""fare_attributes.txt"", ""feed_info.txt"", ""routes.txt"", ""shapes.txt"", ""stop_times.txt"", ""stops.txt"", ""trips.txt""]",False,False,2026-09-14,2027-01-03,False,1448,5767,"[""EVEOLE""]","[3.00059, 50.257587, 3.340375, 50.443732]",2026-10-09,
6082bcd3f3187a37252532bd,reseau-interurbain-cars-region-cantal-15,Réseau interurbain - Cantal (15),81245,https://api.oura3.cityway.fr/dataflow/offre-tc/download?provider=CAR_REGION_CANTAL&dataFormat=GTFS&dataProfil=OPENDATA,"[{""type"": ""departement"", ""nom"": ""Cantal"", ""insee"": ""15""}]",data/raw/gtfs/2026-10/6082bcd3f3187a37252532bd/81245.zip,True,,2026-10-09,,,,,1,False,True,True,[],"[""agency.txt"", ""calendar.txt"", ""calendar_dates.txt"", ""feed_info.txt"", ""routes.txt"", ""shapes.txt"", ""stop_times.txt"", ""stops.txt"", ""transfers.txt"", ""trips.txt""]",False,False,2026-09-10,2027-08-31,False,375,238,"[""REGION - cars Région Cantal""]","[2.190845, 44.6854426, 3.310229, 45.7782]",2026-10-09,
6038d0cdcb69d16225b11e23,horaires-theoriques-et-temps-reel-reseau-mobius,Réseau urbain Möbius,82093,https://static.data.gouv.fr/resources/horaires-theoriques-et-temps-reel-reseau-mobius/20260902-073820/gtfs-mobius-saison26-27-20260825-tad.zip,"[{""type"": ""epci"", ""nom"": ""CA du Grand Angoulême"", ""insee"": ""200071827""}]",data/raw/gtfs/2026-10/6038d0cdcb69d16225b11e23/82093.zip,True,,2026-10-09,,,,,1,False,True,True,[],"[""agency.txt"", ""calendar.txt"", ""calendar_dates.txt"", ""feed_info.txt"", ""routes.txt"", ""shapes.txt"", ""stop_times.txt"", ""stops.txt"", ""trips.txt""]",False,False,2026-08-31,2027-08-31,False,2117,12172,"[""Mobius (Grand Angoulême)""]","[-0.018949, 45.511338, 0.391091, 45.784996]",2026-10-09,
5bae8c2806e3e75b699dc606,arrets-et-horaires-theoriques-bus-temps-reel,Réseau urbain Synchro Bus,82272,https://mwe.mecatran.com/utw/ws/gtfsfeed/static/chambery?apiKey=223f2f102c1242570d3f0231326a271940774f72&type=gtfs_urbain,"[{""type"": ""epci"", ""nom"": ""CA du Grand Chambéry"", ""insee"": ""200069110""}]",data/raw/gtfs/2026-10/5bae8c2806e3e75b699dc606/82272.zip,True,,2026-10-09,,,,,1,False,True,True,[],"[""agency.txt"", ""calendar.txt"", ""calendar_dates.txt"", ""feed_info.txt"", ""routes.txt"", ""shapes.txt"", ""stop_times.txt"", ""stops.txt"", ""trips.txt""]",False,False,2026-10-06,2026-12-20,False,1256,22856,"[""Synchro Bus""]","[5.8441531, 45.5238858, 6.1664372, 45.7494354]",2026-10-09,
5e5e62548b4c415ab68ec380,evolity-horaires-theoriques-de-transport-public,Réseau urbain évolitY,81944,https://static.data.gouv.fr/resources/evolity-horaires-theoriques-de-transport-public/20260709-133238/2026-07-13-au-2027-06-11-gtfs-mpm-rs-v2.zip,"[{""type"": ""epci"", ""nom"": ""CA Pays de Montbéliard Agglomération"", ""insee"": ""200065647""}]",data/raw/gtfs/2026-10/5e5e62548b4c415ab68ec380/81944.zip,True,,2026-10-09,,,,,1,False,True,True,[],"[""agency.txt"", ""calendar.txt"", ""calendar_dates.txt"", ""frequencies.txt"", ""routes.txt"", ""shapes.txt"", ""stop_times.txt"", ""stops.txt"", ""trips.txt""]",False,False,2026-07-13,2027-06-11,False,666,2378,"[""evolitY""]","[6.707555309192643, 47.38347023991724, 6.9258928298950195, 47.633481417480205]",2026-10-09,
5d307087634f4152aca84a8b,reseau-filibus,Réseau urbain Filibus,80587,https://static.data.gouv.fr/resources/reseau-filibus/20260929-093257/gtfs-filibus-20260919-20270702.zip,"[{""type"": ""epci"", ""nom"": ""CA Chartres Métropole"", ""insee"": ""200033181""}]",data/raw/gtfs/2026-10/5d307087634f4152aca84a8b/80587.zip,True,,2026-10-09,,,,,1,False,True,True,[],"[""agency.txt"", ""calendar.txt"", ""calendar_dates.txt"", ""routes.txt"", ""shapes.txt"", ""stop_times.txt"", ""stops.txt"", ""transfers.txt"", ""trips.txt""]",False,False,2026-09-19,2027-07-02,False,1294,11015,"[""Filibus""]","[1.2377102, 48.264299, 1.7077922, 48.5890493]",2026-10-09,
6929bcf1f8e17f7057966df0,rubis-grand-bourg-mobilites-offre-de-transport-theorique-et-temps-reel,Réseau urbain Rubis,84243,https://static.data.gouv.fr/resources/rubis-grand-bourg-mobilites-offre-de-transport-theorique-et-temps-reel/20261001-155520/gtfs-saeiv-v2.zip,"[{""type"": ""epci"", ""nom"": ""CA du Bassin de Bourg-en-Bresse"", ""insee"": ""200071751""}]",data/raw/gtfs/2026-10/6929bcf1f8e17f7057966df0/84243.zip,True,,2026-10-09,,,,,2,True,True,True,[],"[""agency.txt"", ""calendar.txt"", ""calendar_dates.txt"", ""routes.txt"", ""shapes.txt"", ""stop_times.txt"", ""stops.txt"", ""trips.txt""]",False,False,2026-09-21,2027-12-31,False,1216,1528,"[""Rubis""]","[5.024617, 46.040765, 5.48929, 46.501919]",2026-10-09,
6929bcf1f8e17f7057966df0,rubis-grand-bourg-mobilites-offre-de-transport-theorique-et-temps-reel,Réseau urbain Rubis,84244,https://static.data.gouv.fr/resources/rubis-grand-bourg-mobilites-offre-de-transport-theorique-et-temps-reel/20260827-075517/gtfs-standard-20260825-175057-oskar-paragon-is-prod-du-250826-au-311227.zip,"[{""type"": ""epci"", ""nom"": ""CA du Bassin de Bourg-en-Bresse"", ""insee"": ""200071751""}]",data/raw/gtfs/2026-10/6929bcf1f8e17f7057966df0/84244.zip,True,,2026-10-09,,,,,2,True,True,True,[],"[""agency.txt"", ""calendar.txt"", ""calendar_dates.txt"", ""feed_info.txt"", ""routes.txt"", ""stop_times.txt"", ""stops.txt"", ""trips.txt""]",False,False,2026-08-25,2027-12-31,False,669,2721,"[""BOURG-EN-BRESSE - Rubis""]","[5.067633, 5.245074, 46.250268, 46.501919]",2026-10-09,
6389a514fb8c393c7d69aa99,rubis-horaires-theoriques-du-reseau-de-transport-urbain-de-grand-bourg-agglomeration,Réseau urbain Rubis,80147,https://api.oura3.cityway.fr/dataflow/offre-tc/download?provider=RUBIS&dataFormat=GTFS&dataProfil=OPENDATA,"[{""type"": ""epci"", ""nom"": ""CA du Bassin de Bourg-en-Bresse"", ""insee"": ""200071751""}]",data/raw/gtfs/2026-10/6389a514fb8c393c7d69aa99/80147.zip,True,,2026-10-09,,,,,1,False,True,True,[],"[""agency.txt"", ""calendar.txt"", ""calendar_dates.txt"", ""feed_info.txt"", ""routes.txt"", ""shapes.txt"", ""stop_times.txt"", ""stops.txt"", ""transfers.txt"", ""trips.txt""]",False,False,2026-09-21,2027-12-31,False,641,1121,"[""BOURG-EN-BRESSE - Rubis""]","[5.067633, 46.1717495, 5.3893361, 46.501919]",2026-10-09,
638a2bd69c7bba6c44d36efa,reseau-urbain-illygo,Réseau urbain Illygo,80586,https://static.data.gouv.fr/resources/reseau-urbain-illygo/20260817-101157/gtfs-20260806-183657-illygo.zip,"[{""type"": ""epci"", ""nom"": ""CC Le Gesnois Bilurien"", ""insee"": ""200072684""}, {""type"": ""epci"", ""nom"": ""CC Maine Coeur de Sarthe"", ""insee"": ""200068963""}, {""type"": ""epci"", ""nom"": ""CC Orée de Bercé - Belinois"", ""insee"": ""247200447""}, {""type"": ""epci"", ""nom"": ""CC de la Champagne Conlinoise et du Pays de Sillé"", ""insee"": ""200072718""}, {""type"": ""epci"", ""nom"": ""CC du Sud Est Manceau"", ""insee"": ""247200421""}, {""type"": ""epci"", ""nom"": ""CC du Val de Sarthe"", ""insee"": ""247200629""}]",data/raw/gtfs/2026-10/638a2bd69c7bba6c44d36efa/80586.zip,True,,2026-10-09,,,,,1,False,True,True,[],"[""agency.txt"", ""calendar.txt"", ""calendar_dates.txt"", ""fare_attributes.txt"", ""fare_rules.txt"", ""feed_info.txt"", ""routes.txt"", ""shapes.txt"", ""stop_times.txt"", ""stops.txt"", ""trips.txt""]",False,False,2026-07-04,2026-12-31,False,159,448,"[""illyGO""]","[-0.150787, 47.817246, 0.5391, 48.212808]",2026-10-09,
5fc4bb07daf796b0fc95272a,referentiel-topologique-reseau-carsud,Réseau urbain CarSud,81183,https://static.data.gouv.fr/resources/referentiel-topologique-reseau-carsud/20260820-092019/gtfs-20-aout-2026-v2.zip,"[{""type"": ""epci"", ""nom"": ""CA du Sud"", ""insee"": ""249740085""}]",data/raw/gtfs/2026-10/5fc4bb07daf796b0fc95272a/81183.zip,True,,2026-10-09,,,,,1,False,True,True,[],"[""agency.txt"", ""calendar.txt"", ""calendar_dates.txt"", ""routes.txt"", ""shapes.txt"", ""stop_times.txt"", ""stops.txt"", ""trips.txt""]",False,False,2026-08-20,2027-08-31,False,2141,1352,"[""carSud""]","[55.460252, -21.387115, 55.801908, -21.182288]",2026-10-09,
667e891f8e6b8d7da738991c,offre-de-transport-communaute-dagglomeration-le-grand-narbonne,Réseau urbain Citibus,82661,https://s3.eu-west-1.amazonaws.com/files.orchestra.ratpdev.com/networks/narbonne/exports/scolaires-sans-tad.zip,"[{""type"": ""epci"", ""nom"": ""CA Le Grand Narbonne"", ""insee"": ""241100593""}]",data/raw/gtfs/2026-10/667e891f8e6b8d7da738991c/82661.zip,True,,2026-10-09,,,,,1,False,True,True,[],"[""agency.txt"", ""calendar.txt"", ""calendar_dates.txt"", ""feed_info.txt"", ""routes.txt"", ""shapes.txt"", ""stop_times.txt"", ""stops.txt"", ""transfers.txt"", ""trips.txt""]",False,False,2026-10-02,2027-07-02,False,711,5083,"[""Citibus""]","[2.823394, 42.841064, 3.229647, 43.317834]",2026-10-09,
5b6c30668b4c412a8de5191e,horaires-theoriques-et-temps-reel-du-reseau-de-transports-beemob-beziers-mediterranee,Réseau urbain beeMob,83368,https://s3.eu-west-1.amazonaws.com/files.orchestra.ratpdev.com/networks/rdbm/exports/gtfs-pour-le-pan.zip,"[{""type"": ""epci"", ""nom"": ""CA de Béziers-Méditerranée"", ""insee"": ""243400769""}]",data/raw/gtfs/2026-10/5b6c30668b4c412a8de5191e/83368.zip,True,,2026-10-09,,,,,1,False,True,True,[],"[""agency.txt"", ""calendar.txt"", ""calendar_dates.txt"", ""feed_info.txt"", ""routes.txt"", ""shapes.txt"", ""stop_times.txt"", ""stops.txt"", ""trips.txt""]",False,False,2026-09-17,2026-11-01,False,611,2583,"[""RDBM""]","[3.1697804662704288, 43.23550259076341, 3.3753045622529454, 43.47077973282346]",2026-10-09,
66fb3be4370262b757436db9,yceo-arrets-horaires-et-lignes-urbaines-et-scolaires-gtfs-1,Réseau urbain et scolaire Ycéo,83881,https://app.mecatran.com/utw/ws/gtfsfeed/static/stran-merge?apiKey=2e6071036d276153761f0c090b4a45420e047612,"[{""type"": ""epci"", ""nom"": ""CA de la Région Nazairienne et de l'Estuaire (CARENE)"", ""insee"": ""244400644""}]",data/raw/gtfs/2026-10/66fb3be4370262b757436db9/83881.zip,True,,2026-10-09,,,,,1,False,True,True,[],"[""agency.txt"", ""attributions.txt"", ""calendar.txt"", ""calendar_dates.txt"", ""fare_attributes.txt"", ""fare_rules.txt"", ""feed_info.txt"", ""routes.txt"", ""shapes.txt"", ""stop_times.txt"", ""stops.txt"", ""transfers.txt"", ""trips.txt""]",False,False,2026-07-14,2027-07-02,False,2311,4146,"[""Aléop TER"", ""Aléop en Loire-Atlantique"", ""Lila Presqu'île"", ""Ycéo""]","[-2.50734, 47.11259114, 1.904242, 47.99587456]",2026-10-09,
5be9ad1c634f4170501cf093,reseau-bus-sete-agglopole-mobilite,Réseau urbain Sète Agglopole Mobilité,81575,https://drive.google.com/uc?export=download&id=1PUISUlg0tpVFTdr7NOzJ2w9KthNXpQNn,"[{""type"": ""epci"", ""nom"": ""CA Sète Agglopôle Méditerranée"", ""insee"": ""200066355""}]",data/raw/gtfs/2026-10/5be9ad1c634f4170501cf093/81575.zip,True,,2026-10-09,,,,,1,False,True,True,[],"[""agency.txt"", ""attributions.txt"", ""booking_rules.txt"", ""calendar.txt"", ""calendar_dates.txt"", ""fare_attributes.txt"", ""fare_leg_rules.txt"", ""fare_media.txt"", ""fare_products.txt"", ""fare_rules.txt"", ""fare_transfer_rules.txt"", ""feed_info.txt"", ""gtfs_daily_touch.txt"", ""networks.txt"", ""routes.txt"", ""shapes.txt"", ""stop_times.txt"", ""stops.txt"", ""trips.txt"", ""trips_extension.txt""]",False,True,2026-10-02,2027-04-04,False,508,1554,"[""Keolis Bassin de Thau""]","[3.522865, 43.311184, 3.808184, 43.515099]",2026-10-09,
64f045b4fab41cdd6b3edf36,jeu-de-donnee-spl-estival-2025,Réseau urbain Estival,83774,https://static.data.gouv.fr/resources/jeu-de-donnee-spl-estival-2025/20260127-034956/gtfs-esti-2026.zip,"[{""type"": ""epci"", ""nom"": ""CA Intercommunale de la Réunion Est (CIREST)"", ""insee"": ""249740093""}]",data/raw/gtfs/2026-10/64f045b4fab41cdd6b3edf36/83774.zip,True,,2026-10-09,,,,,1,False,True,True,[],"[""agency.txt"", ""calendar.txt"", ""calendar_dates.txt"", ""feed_info.txt"", ""log_GTFS.txt"", ""routes.txt"", ""shapes.txt"", ""stop_times.txt"", ""stops.txt"", ""trips.txt""]",False,False,2026-01-01,2026-12-31,False,1869,717,"[""ESTIVAL""]","[55.450825, -21.220153, 55.826856, -20.913762]",2026-10-09,
66a90f08e6c2ab26341817a9,horaires-theoriques-du-reseau-tarbes-lourdes-tlp-mobilites-gtfs,Réseau urbain TLP,83134,https://static.data.gouv.fr/resources/horaires-theoriques-du-reseau-tarbes-lourdes-tlp-mobilites-gtfs/20261006-141550/ktlp-gtfs-actoll-ps-pvs-051026-011126.zip,"[{""type"": ""epci"", ""nom"": ""CA Tarbes-Lourdes-Pyrénées"", ""insee"": ""200069300""}]",data/raw/gtfs/2026-10/66a90f08e6c2ab26341817a9/83134.zip,True,,2026-10-09,,,,,1,False,True,True,[],"[""agency.txt"", ""calendar.txt"", ""calendar_dates.txt"", ""routes.txt"", ""shapes.txt"", ""stop_times.txt"", ""stops.txt"", ""trips.txt""]",False,False,2026-10-05,2026-11-01,False,660,2713,"[""KEOLIS""]","[-0.078158, 43.083811, 0.122453, 43.294371]",2026-10-09,
632a56a6052625d602eacfa4,arrets-horaires-et-parcours-theoriques-des-reseaux-naq-nio-nva-m-1,Réseau urbain Tanlib,82352,https://www.pigma.org/public/opendata/nouvelle_aquitaine_mobilites/publication/ca_du_niortais-aggregated-gtfs.zip,"[{""type"": ""epci"", ""nom"": ""CA du Niortais"", ""insee"": ""200041317""}]",data/raw/gtfs/2026-10/632a56a6052625d602eacfa4/82352.zip,True,,2026-10-09,,,,,1,False,True,True,[],"[""agency.txt"", ""calendar.txt"", ""calendar_dates.txt"", ""routes.txt"", ""shapes.txt"", ""stop_times.txt"", ""stops.txt"", ""trips.txt""]",False,False,2026-10-03,2027-07-03,False,903,2794,"[""Tanlib (Niort)""]","[-0.713287, 46.153839, -0.361597, 46.391666]",2026-10-09,
6abcdca4928f582ed8af5b8c,lot-gtfs-stibus,Réseau urbain STIBUS,84240,https://static.data.gouv.fr/resources/lot-gtfs-stibus/20260930-095550/google-transit.zip,"[{""type"": ""epci"", ""nom"": ""CA Maubeuge Val de Sambre"", ""insee"": ""200043396""}]",data/raw/gtfs/2026-10/6abcdca4928f582ed8af5b8c/84240.zip,True,,2026-10-09,,,,,1,False,True,False,[],"[""agency.txt"", ""calendar.txt"", ""calendar_dates.txt"", ""routes.txt"", ""shapes.txt"", ""stop_times.txt"", ""stops.txt"", ""trips.txt""]",False,False,,,,,,[],,2026-10-09,"Invalid Input Error: Error when sniffing file ""C:\Users\VALENT~1.STU\AppData\Local\Temp\gtfs-check-81fypw1n\stops.txt"".
It was not possible to automatically detect the CSV parsing dialect
The search space used was:
Delimiter Candidates: ','
Quote/Escape Candidates: ['(no quote)','(no escape)'],['""','(no escape)'],['""','""'],['""','''],['""','\'],[''','(no escape)'],[''','''],[''','""'],[''','\']
Comment Candidates: '\0', '#'
Encoding: utf-8
Possible fixes:
* Disable the parser's strict mode (strict_mode=false) to allow reading rows that do not comply with the CSV standard.
* Make sure you are using the correct file encoding. If not, set it (e.g., encoding = 'utf-16').
* Delimiter is set to ','. Consider unsetting it.
* Set quote (e.g., quote='""')
* Set escape (e.g., escape='""')
* Set comment (e.g., comment='#')
* Set skip (skip=${n}) to skip ${n} lines at the top of the file
* Enable ignore errors (ignore_errors=true) to ignore potential errors
* Enable null padding (null_padding=true) to pad missing columns with NULL values
* Check you are using the correct file compression, otherwise set it (e.g., compression = 'zstd')
* Be sure that the maximum line size is set to an appropriate value, otherwise set it (e.g., max_line_size=10000000)
"
66f2e97fc41001275c716d9f,reseau-transport-urbain-le-bus,Réseau urbain Le Bus,82294,https://www.esterelcotedazur-lebus.fr/uploads/gtfs/,"[{""type"": ""epci"", ""nom"": ""CA Estérel Côte d'Azur Agglomération"", ""insee"": ""200035319""}]",data/raw/gtfs/2026-10/66f2e97fc41001275c716d9f/82294.zip,True,,2026-10-09,,,,,1,False,True,True,[],"[""agency.txt"", ""calendar.txt"", ""calendar_dates.txt"", ""routes.txt"", ""shapes.txt"", ""stop_times.txt"", ""stops.txt"", ""trips.txt""]",False,False,2026-04-25,2027-01-03,False,970,3132,"[""Le Bus""]","[6.63325405, 43.34137344, 6.93070889, 43.53482056]",2026-10-09,
63b4c3d206d317f5caa80dcd,fr-200052264-t0002-0000-1,Réseau urbain TAC,80451,https://api.grandest2.cityway.fr/exs/GTFS?Key=OPENDATA&OperatorCode=CHM,"[{""type"": ""epci"", ""nom"": ""CA Ardenne Métropole"", ""insee"": ""200041630""}]",data/raw/gtfs/2026-10/63b4c3d206d317f5caa80dcd/80451.zip,True,,2026-10-09,,,,,1,False,True,True,[],"[""agency.txt"", ""calendar.txt"", ""calendar_dates.txt"", ""feed_info.txt"", ""routes.txt"", ""shapes.txt"", ""stop_times.txt"", ""stops.txt"", ""transfers.txt"", ""trips.txt""]",False,False,2026-09-07,2027-07-11,False,891,766,"[""RD Ardennes Métropole""]","[4.6134811, 49.6500773, 4.9890661, 49.8602533]",2026-10-09,
5e6193349ce2e7207cf4c8f4,dreux-offre-theorique-mobilite-reseau-urbain,Réseau urbain Linead,83529,https://fr.ftp.opendatasoft.com/centrevaldeloire/OKINAGTFS/GTFS_AO/DREUX.zip,"[{""type"": ""epci"", ""nom"": ""CA Agglo du Pays de Dreux"", ""insee"": ""200040277""}]",data/raw/gtfs/2026-10/5e6193349ce2e7207cf4c8f4/83529.zip,True,,2026-10-09,,,,,1,False,True,True,[],"[""agency.txt"", ""calendar.txt"", ""calendar_dates.txt"", ""routes.txt"", ""stop_times.txt"", ""stops.txt"", ""trips.txt""]",False,False,2026-09-09,2027-07-04,False,1300,910,"[""Linéad (Dreux)""]","[0.9005, 48.52581, 1.555579, 48.933815]",2026-10-09,
632a56a60dfc531954eacfa4,arrets-horaires-et-parcours-theoriques-des-reseaux-naq-cre-nva-m-1,Réseau interurbain - Creuse (23),82330,https://www.pigma.org/public/opendata/nouvelle_aquitaine_mobilites/publication/creuse-aggregated-gtfs.zip,"[{""type"": ""departement"", ""nom"": ""Creuse"", ""insee"": ""23""}]",data/raw/gtfs/2026-10/632a56a60dfc531954eacfa4/82330.zip,True,,2026-10-09,,,,,1,False,True,True,[],"[""agency.txt"", ""calendar.txt"", ""calendar_dates.txt"", ""routes.txt"", ""shapes.txt"", ""stop_times.txt"", ""stops.txt"", ""trips.txt""]",False,False,2026-09-09,2027-09-11,False,389,167,"[""Cars Régionaux 23 - Creuse""]","[1.484626, 45.541405, 3.100622, 46.434147]",2026-10-09,
636a9af02a03225c607bc19e,gtfs-urbain-de-la-zone-sud,Réseau urbain de la zone Sud (CAESM),79897,https://static.data.gouv.fr/resources/gtfs-urbain-de-la-zone-sud/20260623-142336/gtfssudsudlib.zip,"[{""type"": ""epci"", ""nom"": ""CA de l'Espace Sud de la Martinique"", ""insee"": ""249720053""}]",data/raw/gtfs/2026-10/636a9af02a03225c607bc19e/79897.zip,True,,2026-10-09,,,,,1,False,True,True,[],"[""agency.txt"", ""attributions.txt"", ""calendar.txt"", ""calendar_dates.txt"", ""routes.txt"", ""shapes.txt"", ""stop_times.txt"", ""stops.txt"", ""trips.txt""]",False,False,2026-05-21,2026-12-31,False,851,2573,"[""mobilite_sud""]","[-61.089023805, 14.40277003, -60.831872782243, 14.65330188585593]",2026-10-09,
5bc493d08b4c416c84a69500,offre-de-transport-du-reseau-de-laval-agglomeration-gtfs,Réseau urbain TUL,81018,https://s3.eu-west-1.amazonaws.com/files.orchestra.ratpdev.com/networks/rd-laval/exports/pan.zip,"[{""type"": ""epci"", ""nom"": ""CA Laval Agglomération"", ""insee"": ""200083392""}]",data/raw/gtfs/2026-10/5bc493d08b4c416c84a69500/81018.zip,True,,2026-10-09,,,,,1,False,True,True,[],"[""agency.txt"", ""calendar.txt"", ""calendar_dates.txt"", ""feed_info.txt"", ""routes.txt"", ""shapes.txt"", ""stop_times.txt"", ""stops.txt"", ""trips.txt""]",False,False,2026-09-23,2027-01-03,False,706,5430,"[""TUL""]","[-1.067463, 47.986195, -0.630723, 48.18237]",2026-10-09,
6661b213e00b47a6f617e471,reseau-rtca,Réseau urbain RTCA,81876,https://static.data.gouv.fr/resources/reseau-rtca/20260910-145902/gtfs.zip,"[{""type"": ""epci"", ""nom"": ""CA Carcassonne Agglo"", ""insee"": ""200035715""}]",data/raw/gtfs/2026-10/6661b213e00b47a6f617e471/81876.zip,True,,2026-10-09,,,,,1,False,True,True,[],"[""agency.txt"", ""calendar.txt"", ""calendar_dates.txt"", ""routes.txt"", ""shapes.txt"", ""stop_times.txt"", ""stops.txt"", ""trips.txt""]",False,False,2026-09-01,2027-01-03,False,960,1199,"[""RTCA""]","[2.145236, 43.056489, 2.679862, 43.407739]",2026-10-09,
63b4c3d206d317f5caa80dce,fr-200052264-t0004-0000-1,Réseau urbain TRACE,80479,https://api.grandest2.cityway.fr/exs/GTFS?Key=OPENDATA&OperatorCode=CAC,"[{""type"": ""epci"", ""nom"": ""CA Colmar Agglomération"", ""insee"": ""246800726""}]",data/raw/gtfs/2026-10/63b4c3d206d317f5caa80dce/80479.zip,True,,2026-10-09,,,,,1,False,True,True,[],"[""agency.txt"", ""calendar.txt"", ""calendar_dates.txt"", ""feed_info.txt"", ""routes.txt"", ""shapes.txt"", ""stop_times.txt"", ""stops.txt"", ""transfers.txt"", ""trips.txt""]",False,False,2026-09-10,2026-11-15,False,467,1465,"[""TRACE""]","[7.223971, 48.0029829, 7.448601, 48.1276679]",2026-10-09,
6a8cdca6330a3c73f6d656db,lignes-scolaires-reseau-tedbus-dracenie-provence-verdon-agglomeration,Réseau scolaire TEDbus,84188,https://www.datasud.fr/fr/dataset/datasets/4918/resource/7154/download/,"[{""type"": ""epci"", ""nom"": ""CA Dracénie Provence Verdon Agglomération"", ""insee"": ""248300493""}]",data/raw/gtfs/2026-10/6a8cdca6330a3c73f6d656db/84188.zip,True,,2026-10-09,,,,,1,False,True,True,[],"[""agency.txt"", ""calendar.txt"", ""calendar_dates.txt"", ""companies.txt"", ""routes.txt"", ""shapes.txt"", ""stop_times.txt"", ""stops.txt"", ""trips.txt"", ""trips_extensions.txt""]",False,False,2026-06-09,2027-07-02,False,719,264,"[""TedBus""]","[6.154176, 43.373396, 6.6290274, 43.735438]",2026-10-09,
667cacc64be7d63d6436b548,reseau-tedbus-lignes-regulieres-dracenie-provence-verdon-agglomeration,Réseau urbain TEDbus,81907,https://www.datasud.fr/fr/dataset/datasets/1760/resource/2210/download/,"[{""type"": ""epci"", ""nom"": ""CA Dracénie Provence Verdon Agglomération"", ""insee"": ""248300493""}]",data/raw/gtfs/2026-10/667cacc64be7d63d6436b548/81907.zip,True,,2026-10-09,,,,,1,False,True,True,[],"[""agency.txt"", ""calendar.txt"", ""calendar_dates.txt"", ""companies.txt"", ""routes.txt"", ""shapes.txt"", ""stop_times.txt"", ""stops.txt"", ""trips.txt"", ""trips_extensions.txt""]",False,False,2026-06-09,2027-08-31,False,478,438,"[""TedBus""]","[6.3541546, 43.4149307, 6.5802567, 43.6070189]",2026-10-09,
61127204f7722f5b42a70586,reseauzoom-horaires-theoriques,Réseau urbain Zoom,82664,https://static.data.gouv.fr/resources/reseauzoom-horaires-theoriques/20251229-092806/gtfs-20251217-143039-stac-gc.zip,"[{""type"": ""epci"", ""nom"": ""CA Le Grand Chalon"", ""insee"": ""247100589""}]",data/raw/gtfs/2026-10/61127204f7722f5b42a70586/82664.zip,True,,2026-10-09,,,,,1,False,True,True,[],"[""agency.txt"", ""calendar.txt"", ""calendar_dates.txt"", ""routes.txt"", ""stop_times.txt"", ""stops.txt"", ""trips.txt""]",False,False,2026-01-01,2026-12-31,False,751,2693,"[""Société de Transport de l'Agglomération Chalonnais""]","[4.633575, 46.654786, 4.9936, 46.955736]",2026-10-09,
5b0d18ed88ee3836341f603d,horaires-theoriques-et-temps-reel-du-reseau-de-transport-marineo,Réseau urbain Marinéo,51449,https://s3.eu-west-1.amazonaws.com/files.orchestra.ratpdev.com/networks/boulogne/exports/medias.zip,"[{""type"": ""epci"", ""nom"": ""CA du Boulonnais"", ""insee"": ""246200729""}]",data/raw/gtfs/2026-10/5b0d18ed88ee3836341f603d/51449.zip,True,,2026-10-09,,,,,1,False,True,True,[],"[""agency.txt"", ""calendar.txt"", ""calendar_dates.txt"", ""feed_info.txt"", ""routes.txt"", ""shapes.txt"", ""stop_times.txt"", ""stops.txt"", ""trips.txt""]",False,False,2026-06-25,2027-07-03,False,664,2036,"[""Marineo""]","[1.57011, 50.58513, 1.737789, 50.786881]",2026-10-09,
63e0bc12aafe96e51fe925f7,transurbain-evreux-portes-de-normandie,Réseau urbain Transurbain,80613,https://static.data.gouv.fr/resources/transurbain-evreux-portes-de-normandie/20260903-072711/pt-th-offer-transurbain-gtfs-20260901-305-opendata.zip,"[{""type"": ""epci"", ""nom"": ""CA Evreux Portes de Normandie"", ""insee"": ""200071454""}]",data/raw/gtfs/2026-10/63e0bc12aafe96e51fe925f7/80613.zip,True,,2026-10-09,,,,,1,False,True,True,[],"[""agency.txt"", ""calendar.txt"", ""calendar_dates.txt"", ""routes.txt"", ""stop_amenities.txt"", ""stop_times.txt"", ""stops.txt"", ""transfers.txt"", ""trips.txt""]",False,False,2026-09-01,2027-07-04,False,357,3674,"[""Transurbain (Evreux Portes de Normandie)""]","[1.0641636, 48.9636695, 1.190589, 49.0773362]",2026-10-09,
5e6193339ce2e72071f4c8c2,agglobus-offre-theorique-mobilite-reseau-urbain-de-bourges,Réseau urbain AggloBus,83519,https://fr.ftp.opendatasoft.com/centrevaldeloire/OKINAGTFS/GTFS_AO/BOURGES-GTFS.zip,"[{""type"": ""epci"", ""nom"": ""CA Bourges Plus"", ""insee"": ""241800507""}, {""type"": ""commune"", ""nom"": ""Fussy"", ""insee"": ""18097""}, {""type"": ""commune"", ""nom"": ""Pigny"", ""insee"": ""18179""}, {""type"": ""commune"", ""nom"": ""Saint-Florent-sur-Cher"", ""insee"": ""18207""}]",data/raw/gtfs/2026-10/5e6193339ce2e72071f4c8c2/83519.zip,True,,2026-10-09,,,,,1,False,True,True,[],"[""agency.txt"", ""calendar_dates.txt"", ""routes.txt"", ""shapes.txt"", ""stop_times.txt"", ""stops.txt"", ""trips.txt""]",False,False,2026-10-03,2027-10-05,False,1254,4585,"[""Agglobus (Bourges)""]","[2.204658, 46.944756, 2.535418, 47.176311]",2026-10-09,
5c516a03634f412863c471bf,reseau-ruban,Réseau urbain Ruban,52937,https://api.pysae.com/api/v4/groups/keolis-9cc4/gtfs/6a5504d0f9fc74c03997b2dd,"[{""type"": ""epci"", ""nom"": ""CA Porte de l'Isère (CAPI)"", ""insee"": ""243800604""}]",data/raw/gtfs/2026-10/5c516a03634f412863c471bf/52937.zip,True,,2026-10-09,,,,,1,False,True,True,[],"[""agency.txt"", ""attributions.txt"", ""calendar.txt"", ""calendar_dates.txt"", ""routes.txt"", ""shapes.txt"", ""stop_times.txt"", ""stops.txt"", ""trips.txt""]",False,False,2023-07-10,2027-08-28,False,1047,1898,"[""Agence Ruban""]","[5.093956, 45.49838239, 5.381583, 45.695884]",2026-10-09,
63b4c3d2998fd84635a80dcb,fr-200052264-t0009-0000-1,Réseau urbain Imagine,80461,https://api.grandest2.cityway.fr/exs/GTFS?Key=OPENDATA&OperatorCode=IMAGINE,"[{""type"": ""epci"", ""nom"": ""CA d'Epinal"", ""insee"": ""200068757""}]",data/raw/gtfs/2026-10/63b4c3d2998fd84635a80dcb/80461.zip,True,,2026-10-09,,,,,1,False,True,True,[],"[""agency.txt"", ""calendar.txt"", ""calendar_dates.txt"", ""feed_info.txt"", ""routes.txt"", ""shapes.txt"", ""stop_times.txt"", ""stops.txt"", ""transfers.txt"", ""trips.txt""]",False,False,2026-09-22,2026-12-31,False,1763,1760,"[""KEOLIS""]","[6.039117, 47.9480999, 6.542488, 48.4087989]",2026-10-09,
68b169c0157d0b9b1d417479,reseau-de-transport-artis,Réseau urbain Artis,83372,https://static.data.gouv.fr/resources/reseau-de-transport-artis/20260918-084320/gtfs-18-09-26.zip,"[{""type"": ""epci"", ""nom"": ""CU d'Arras"", ""insee"": ""200033579""}]",data/raw/gtfs/2026-10/68b169c0157d0b9b1d417479/83372.zip,True,,2026-10-09,,,,,1,False,True,True,[],"[""agency.txt"", ""calendar.txt"", ""calendar_dates.txt"", ""feed_info.txt"", ""routes.txt"", ""shapes.txt"", ""stop_times.txt"", ""stops.txt"", ""trips.txt""]",False,False,2026-09-17,2027-08-29,False,1205,7806,"[""ARTIS""]","[2.64385, 50.200292, 2.902618, 50.366026]",2026-10-09,
632a56a687192cc1b58c0d3a,arrets-horaires-et-parcours-theoriques-des-reseaux-naq-bri-nva-m-1,Réseau urbain Libéo,82355,https://www.pigma.org/public/opendata/nouvelle_aquitaine_mobilites/publication/ca_bassin_de_brive-aggregated-gtfs.zip,"[{""type"": ""epci"", ""nom"": ""CA du Bassin de Brive"", ""insee"": ""200043172""}]",data/raw/gtfs/2026-10/632a56a687192cc1b58c0d3a/82355.zip,True,,2026-10-09,,,,,1,False,True,True,[],"[""agency.txt"", ""calendar_dates.txt"", ""routes.txt"", ""shapes.txt"", ""stop_times.txt"", ""stops.txt"", ""trips.txt""]",False,False,2026-06-29,2027-06-28,False,583,4179,"[""Libeo (Brive)""]","[1.413213, 45.092392, 1.59318, 45.196739]",2026-10-09,
5e6193349ce2e72071f4c8c4,agglopolys-offre-theorique-mobilite-reseau-urbain-azalys-de-blois,Réseau urbain Azalys,83526,https://fr.ftp.opendatasoft.com/centrevaldeloire/OKINAGTFS/GTFS_AO/BLOIS.zip,"[{""type"": ""epci"", ""nom"": ""CA de Blois ''Agglopolys''"", ""insee"": ""200030385""}]",data/raw/gtfs/2026-10/5e6193349ce2e72071f4c8c4/83526.zip,True,,2026-10-09,,,,,1,False,True,True,[],"[""agency.txt"", ""calendar.txt"", ""calendar_dates.txt"", ""routes.txt"", ""shapes.txt"", ""stop_times.txt"", ""stops.txt"", ""trips.txt""]",False,False,2026-10-07,2026-12-31,False,1173,2607,"[""Azalys (Blois)""]","[1.030837, 47.460381, 1.500264, 47.732346]",2026-10-09,
632a56a6375be9df218c0d3b,arrets-horaires-et-parcours-theoriques-des-reseaux-naq-per-nva-m-1,Réseau urbain Péribus,82357,https://www.pigma.org/public/opendata/nouvelle_aquitaine_mobilites/publication/ca_grand_perigueux-aggregated-gtfs.zip,"[{""type"": ""epci"", ""nom"": ""CA Le Grand Périgueux"", ""insee"": ""200040392""}]",data/raw/gtfs/2026-10/632a56a6375be9df218c0d3b/82357.zip,True,,2026-10-09,,,,,1,False,True,True,[],"[""agency.txt"", ""calendar.txt"", ""calendar_dates.txt"", ""routes.txt"", ""shapes.txt"", ""stop_times.txt"", ""stops.txt"", ""trips.txt""]",False,False,2026-08-29,2027-01-03,False,1314,2281,"[""Périmouv (Grand Perigueux)""]","[0.539762, 44.947273, 0.943088, 45.588989]",2026-10-09,
65a901970267d05025a905ec,transports-publics-urbains-sur-le-territoire-de-la-ca-du-pays-de-gex-1,Réseau urbain du Pays de Gex,81585,https://static.data.gouv.fr/resources/transports-publics-urbains-sur-le-territoire-de-la-ca-du-pays-de-gex-1/20260227-090024/gtfs.zip,"[{""type"": ""epci"", ""nom"": ""CA du Pays de Gex"", ""insee"": ""240100750""}]",data/raw/gtfs/2026-10/65a901970267d05025a905ec/81585.zip,True,,2026-10-09,,,,,1,False,True,True,[],"[""agency.txt"", ""calendar.txt"", ""calendar_dates.txt"", ""frequencies.txt"", ""routes.txt"", ""stop_times.txt"", ""stops.txt"", ""trips.txt""]",False,False,2025-12-14,2026-12-12,False,603,3332,"[""Transports Publics Genevois""]","[5.96066327, 46.14372972, 6.15563362, 46.33794795]",2026-10-09,
6294d9e0a420a2eb83a6c3b6,horaires-theoriques-reseau-choletbus,Réseau urbain Choletbus,79352,https://static.data.gouv.fr/resources/horaires-theoriques-reseau-choletbus/20260928-084113/gtfs.zip,"[{""type"": ""epci"", ""nom"": ""CA Cholet Agglomération"", ""insee"": ""200071678""}]",data/raw/gtfs/2026-10/6294d9e0a420a2eb83a6c3b6/79352.zip,True,,2026-10-09,,,,,1,False,True,True,[],"[""agency.txt"", ""calendar.txt"", ""calendar_dates.txt"", ""feed_info.txt"", ""routes.txt"", ""shapes.txt"", ""stop_times.txt"", ""stops.txt"", ""transfers.txt"", ""trips.txt""]",False,False,2026-09-14,2027-07-02,False,665,1978,"[""Choletbus""]","[-1.025292, 46.996525, -0.365312, 47.200306]",2026-10-09,
6670560d00478a9b4a2d0233,horaires-theoriques-et-temps-reel-aux-formats-gtfs-et-gtfs-rt-du-reseau-sitac,Réseau urbain SITAC,83807,https://zenbus.net/gtfs/static/download.zip?dataset=sitac-calais-rt&src=true,"[{""type"": ""epci"", ""nom"": ""CA Grand Calais Terres et Mers"", ""insee"": ""200090751""}, {""type"": ""commune"", ""nom"": ""Guînes"", ""insee"": ""62397""}]",data/raw/gtfs/2026-10/6670560d00478a9b4a2d0233/83807.zip,True,,2026-10-09,,,,,2,True,True,True,[],"[""agency.txt"", ""calendar.txt"", ""calendar_dates.txt"", ""feed_info.txt"", ""frequencies.txt"", ""routes.txt"", ""shapes.txt"", ""stop_times.txt"", ""stops.txt"", ""trips.txt""]",False,False,2026-09-17,2027-06-27,False,803,4436,"[""Zenbus""]","[1.713064, 50.862352, 1.979026, 50.985678]",2026-10-09,
6670560d00478a9b4a2d0233,horaires-theoriques-et-temps-reel-aux-formats-gtfs-et-gtfs-rt-du-reseau-sitac,Réseau urbain SITAC,82278,https://zenbus.net/gtfs/rt/poll.proto?dataset=sitac-calais-rt&src=true,"[{""type"": ""epci"", ""nom"": ""CA Grand Calais Terres et Mers"", ""insee"": ""200090751""}, {""type"": ""commune"", ""nom"": ""Guînes"", ""insee"": ""62397""}]",data/raw/gtfs/2026-10/6670560d00478a9b4a2d0233/82278.zip,True,,2026-10-09,,,,,2,True,False,False,[],[],False,False,,,,,,[],,2026-10-09,File is not a zip file
5ed7997e20371802a7ee1400,transports-en-commun-audomarois-1,Réseau urbain Mouvéo,83987,https://static.data.gouv.fr/resources/transports-en-commun-audomarois-1/20260430-132927/mouveo.zip,"[{""type"": ""epci"", ""nom"": ""CA du Pays de Saint-Omer"", ""insee"": ""200069037""}]",data/raw/gtfs/2026-10/5ed7997e20371802a7ee1400/83987.zip,True,,2026-10-09,,,,,1,False,True,True,[],"[""agency.txt"", ""calendar.txt"", ""calendar_dates.txt"", ""routes.txt"", ""shapes.txt"", ""stop_times.txt"", ""stops.txt"", ""trips.txt""]",False,False,2026-01-05,2030-12-31,False,294,407,"[""Mouvéo Commercial""]","[2.208217, 50.6079, 2.488208, 50.769533]",2026-10-09,
60e324396e9514171898339c,reseau-urbain-dinamo,Réseau urbain Dinamo,79545,https://static.data.gouv.fr/resources/reseau-urbain-dinamo/20260821-140452/gtfs-20260821-092934-dinamo.zip,"[{""type"": ""epci"", ""nom"": ""CA Dinan Agglomération"", ""insee"": ""200068989""}]",data/raw/gtfs/2026-10/60e324396e9514171898339c/79545.zip,True,,2026-10-09,,,,,1,False,True,True,[],"[""agency.txt"", ""calendar.txt"", ""calendar_dates.txt"", ""fare_attributes.txt"", ""fare_rules.txt"", ""feed_info.txt"", ""routes.txt"", ""shapes.txt"", ""stop_times.txt"", ""stops.txt"", ""trips.txt""]",False,False,2026-07-04,2026-12-31,False,390,731,"[""Dinamo!""]","[-2.291973, 48.311242, -1.996778, 48.637947]",2026-10-09,
64c3da6eae50f397e3d8d099,donnees-theoriques-et-temps-reel-du-reseau-corolis-interurbain-communaute-dagglomeration-du-beauvaisis,Réseau interurbain et TAD zonal Corolis,81138,https://api.oisemob.cityway.fr/dataflow/offre-tc/download?provider=COROLIS_INT&dataFormat=GTFS&dataProfil=OPENDATA,"[{""type"": ""epci"", ""nom"": ""CA du Beauvaisis"", ""insee"": ""200067999""}]",data/raw/gtfs/2026-10/64c3da6eae50f397e3d8d099/81138.zip,True,,2026-10-09,,,,,2,True,True,True,[],"[""agency.txt"", ""calendar.txt"", ""calendar_dates.txt"", ""routes.txt"", ""shapes.txt"", ""stop_times.txt"", ""stops.txt"", ""transfers.txt"", ""trips.txt""]",False,False,2026-10-08,2026-12-31,False,251,463,"[""Corolis C.A. du Beauvaisis - Interurbain""]","[1.952699, 49.340329, 2.33168, 49.609404]",2026-10-09,
64c3da6eae50f397e3d8d099,donnees-theoriques-et-temps-reel-du-reseau-corolis-interurbain-communaute-dagglomeration-du-beauvaisis,Réseau interurbain et TAD zonal Corolis,81650,https://api.oisemob.cityway.fr/dataflow/tad/download?provider=COROLIS_INT&dataFormat=gtfs,"[{""type"": ""epci"", ""nom"": ""CA du Beauvaisis"", ""insee"": ""200067999""}]",data/raw/gtfs/2026-10/64c3da6eae50f397e3d8d099/81650.zip,True,,2026-10-09,,,,,2,True,True,True,[],"[""agency.txt"", ""calendar.txt"", ""calendar_dates.txt"", ""location_groups.txt"", ""routes.txt"", ""stop_times.txt"", ""stops.txt"", ""trips.txt""]",False,False,2022-09-01,9999-12-31,False,122,20,"[""Corolis C.A. du Beauvaisis - Interurbain""]","[1.95086059672248, 49.3414635787, 2.3316714593397, 49.6341493388995]",2026-10-09,
64a707c2e0c46980035f5e78,donnees-theoriques-et-temps-reel-du-reseau-corolis-urbain-communaute-dagglomeration-du-beauvaisis,Réseau urbain Corolis,81074,https://api.oisemob.cityway.fr/dataflow/offre-tc/download?provider=COROLIS_URB&dataFormat=GTFS&dataProfil=OPENDATA,"[{""type"": ""epci"", ""nom"": ""CA du Beauvaisis"", ""insee"": ""200067999""}]",data/raw/gtfs/2026-10/64a707c2e0c46980035f5e78/81074.zip,True,,2026-10-09,,,,,1,False,True,True,[],"[""agency.txt"", ""calendar.txt"", ""calendar_dates.txt"", ""routes.txt"", ""shapes.txt"", ""stop_times.txt"", ""stops.txt"", ""transfers.txt"", ""trips.txt""]",False,False,2026-09-30,2026-12-31,False,247,816,"[""Corolis C.A. du Beauvaisis - Urbain""]","[2.049785, 49.408366, 2.11782, 49.464347]",2026-10-09,
66da461b80f91630d0227702,reseau-transport-mouv-enbus-agglomeration-provence-verte,Réseau urbain Mouv'enbus,83429,https://www.datasud.fr/fr/dataset/datasets/1311/resource/5230/download/,"[{""type"": ""epci"", ""nom"": ""CA de la Provence Verte"", ""insee"": ""200068104""}]",data/raw/gtfs/2026-10/66da461b80f91630d0227702/83429.zip,True,,2026-10-09,,,,,1,False,True,True,[],"[""agency.txt"", ""attributions.txt"", ""calendar.txt"", ""calendar_dates.txt"", ""routes.txt"", ""shapes.txt"", ""stop_times.txt"", ""stops.txt"", ""trips.txt""]",False,False,2026-08-01,2027-08-31,False,1043,483,"[""MOUVENBUS 2""]","[5.71157, 43.280934, 6.259883, 43.537131]",2026-10-09,
5eb3510a4efd8f649ffe1b9f,horaires-theoriques-du-reseau-tougo,Réseau urbain Tougo,81794,https://data.mobilites-m.fr/api/gtfs/GSV,"[{""type"": ""epci"", ""nom"": ""CC Le Grésivaudan"", ""insee"": ""200018166""}]",data/raw/gtfs/2026-10/5eb3510a4efd8f649ffe1b9f/81794.zip,True,,2026-10-09,,,,,1,False,True,True,[],"[""agency.txt"", ""booking_rules.txt"", ""calendar.txt"", ""calendar_dates.txt"", ""fare_attributes.txt"", ""fare_rules.txt"", ""feed_info.txt"", ""frequencies.txt"", ""routes.txt"", ""shapes.txt"", ""stop_times.txt"", ""stops.txt"", ""transfers.txt"", ""trips.txt""]",False,True,2026-08-20,2027-08-31,False,1344,1630,"[""M Réso - Grésivaudan""]","[5.7143, 45.10313, 6.12907, 45.4781]",2026-10-09,
63ce63e875b5484b930b83b7,semo-val-de-reuil-louviers-seine-eure-agglo,Réseau urbain et scolaire SEMO,81338,https://static.data.gouv.fr/resources/semo-val-de-reuil-louviers-seine-eure-agglo/20260903-140015/pt-th-offer-semo-gtfs-20260903-911-opendata.zip,"[{""type"": ""epci"", ""nom"": ""CA Seine-Eure"", ""insee"": ""200089456""}]",data/raw/gtfs/2026-10/63ce63e875b5484b930b83b7/81338.zip,True,,2026-10-09,,,,,1,False,True,True,[],"[""agency.txt"", ""attributions.txt"", ""calendar.txt"", ""calendar_dates.txt"", ""routes.txt"", ""shapes.txt"", ""stop_amenities.txt"", ""stop_times.txt"", ""stops.txt"", ""transfers.txt"", ""trips.txt""]",False,False,2026-09-03,2027-06-30,False,451,5541,"[""Semo (Val-de-Reuil, Louviers, Seine Eure Agglo)""]","[1.0101051, 49.1545143, 1.3530313, 49.3247954]",2026-10-09,
61fd32feaa59c5ebde258f2d,horaires-theoriques-et-du-reseau-de-transports-qub-transports-urbains-de-quimper-bretagne-occidentale,Réseau urbain Qub,83408,https://s3.eu-west-1.amazonaws.com/files.orchestra.ratpdev.com/networks/qbo/exports/medias.zip,"[{""type"": ""epci"", ""nom"": ""CA Quimper Bretagne Occidentale"", ""insee"": ""200068120""}]",data/raw/gtfs/2026-10/61fd32feaa59c5ebde258f2d/83408.zip,True,,2026-10-09,,,,,1,False,True,True,[],"[""agency.txt"", ""calendar.txt"", ""calendar_dates.txt"", ""feed_info.txt"", ""routes.txt"", ""shapes.txt"", ""stop_times.txt"", ""stops.txt"", ""trips.txt""]",False,False,2026-10-01,2026-12-31,False,1124,2075,"[""QUB""]","[-4.229707, 47.910764, -3.869734, 48.151912]",2026-10-09,
685572caa318890ea3139e64,hop-bus-le-reseau-100-gratuit-du-coeur-de-flandre,Réseau urbain Hop Bus,83202,https://gtfs-rt.infra-hubup.fr/hopbus/current/revision/gtfs,"[{""type"": ""epci"", ""nom"": ""CA Coeur de Flandre"", ""insee"": ""200040947""}]",data/raw/gtfs/2026-10/685572caa318890ea3139e64/83202.zip,True,,2026-10-09,,,,,1,False,True,True,[],"[""agency.txt"", ""calendar.txt"", ""calendar_dates.txt"", ""routes.txt"", ""shapes.txt"", ""stop_times.txt"", ""stops.txt"", ""trips.txt""]",False,False,2026-01-19,2027-01-30,False,389,2140,"[""Inglard""]","[2.355325, 50.67392162, 2.859464, 50.846364]",2026-10-09,
5bc59247634f417c808580b3,lignes-regulieres-de-transports-sillages-en-pays-de-grasse-urbain-et-scolaire,Réseau urbain et scolaire Sillages,79821,https://static.data.gouv.fr/resources/lignes-regulieres-de-transports-sillages-en-pays-de-grasse-urbain-et-scolaire/20260907-140548/2026-gtfs-scolaire.zip,"[{""type"": ""epci"", ""nom"": ""CA du Pays de Grasse"", ""insee"": ""200039857""}]",data/raw/gtfs/2026-10/5bc59247634f417c808580b3/79821.zip,True,,2026-10-09,,,,,2,True,True,True,[],"[""agency.txt"", ""attributions.txt"", ""calendar.txt"", ""calendar_dates.txt"", ""feed_info.txt"", ""route_directions.txt"", ""routes.txt"", ""shapes.txt"", ""stop_times.txt"", ""stops.txt"", ""transfers.txt"", ""trips.txt""]",False,False,2026-09-01,2027-07-02,False,1201,221,"[""Grasse Sillages Réseau scolaire""]","[6.641745, 43.56928997, 6.99847186, 43.8824131]",2026-10-09,
5bc59247634f417c808580b3,lignes-regulieres-de-transports-sillages-en-pays-de-grasse-urbain-et-scolaire,Réseau urbain et scolaire Sillages,79822,https://static.data.gouv.fr/resources/lignes-regulieres-de-transports-sillages-en-pays-de-grasse-urbain-et-scolaire/20260907-140608/2026-gtfs-urbain.zip,"[{""type"": ""epci"", ""nom"": ""CA du Pays de Grasse"", ""insee"": ""200039857""}]",data/raw/gtfs/2026-10/5bc59247634f417c808580b3/79822.zip,True,,2026-10-09,,,,,2,True,True,True,[],"[""agency.txt"", ""attributions.txt"", ""calendar.txt"", ""calendar_dates.txt"", ""feed_info.txt"", ""route_directions.txt"", ""routes.txt"", ""shapes.txt"", ""stop_times.txt"", ""stops.txt"", ""transfers.txt"", ""trips.txt""]",False,False,2026-07-01,2027-08-31,False,882,582,"[""Réseau urbain 2023""]","[6.6423514, 43.5726529, 6.979752, 43.8470147]",2026-10-09,
63569ccdc500506e15d60045,star-horaires-theoriques-et-temps-reel-du-reseau-de-transport-urbain-de-roannais-agglomeration,Réseau urbain Star,79861,https://api.oura3.cityway.fr/dataflow/offre-tc/download?provider=STAR&dataFormat=GTFS&dataProfil=OPENDATA,"[{""type"": ""epci"", ""nom"": ""CA Roannais Agglomération"", ""insee"": ""200035731""}]",data/raw/gtfs/2026-10/63569ccdc500506e15d60045/79861.zip,True,,2026-10-09,,,,,1,False,True,True,[],"[""agency.txt"", ""calendar.txt"", ""calendar_dates.txt"", ""feed_info.txt"", ""routes.txt"", ""shapes.txt"", ""stop_times.txt"", ""stops.txt"", ""transfers.txt"", ""trips.txt""]",False,False,2026-08-31,2026-11-01,False,648,4086,"[""ROANNE - Star""]","[3.798006, 45.976994, 4.249164, 46.206243]",2026-10-09,
5ff729169eef497ad3507b9c,agen-gtfs-urbain,Réseau urbain Tempo Bus,80245,https://static.data.gouv.fr/resources/agen-gtfs-urbain/20261009-081718/280926-gtfs-agen-v7.zip,"[{""type"": ""epci"", ""nom"": ""CA Agglomération d'Agen"", ""insee"": ""200096956""}]",data/raw/gtfs/2026-10/5ff729169eef497ad3507b9c/80245.zip,True,,2026-10-09,,,,,1,False,True,True,[],"[""agency.txt"", ""attributions.txt"", ""calendar_dates.txt"", ""routes.txt"", ""shapes.txt"", ""stop_times.txt"", ""stops.txt"", ""trips.txt""]",False,False,2026-08-24,2027-08-31,False,1326,1955,"[""KEOLIS""]","[0.48322, 44.063117, 0.891355, 44.305942]",2026-10-09,
5b11435b88ee387a7f45434c,arrets-circuits-et-horaires-du-reseau-optymo-de-belfort,Réseau urbain Optymo,79374,https://static.data.gouv.fr/resources/arrets-circuits-et-horaires-du-reseau-optymo-de-belfort/20260831-104611/gtfs.zip,"[{""type"": ""epci"", ""nom"": ""CA Grand Belfort"", ""insee"": ""200069052""}]",data/raw/gtfs/2026-10/5b11435b88ee387a7f45434c/79374.zip,True,,2026-10-09,,,,,1,False,True,True,[],"[""agency.txt"", ""calendar.txt"", ""calendar_dates.txt"", ""feed_info.txt"", ""routes.txt"", ""shapes.txt"", ""stop_times.txt"", ""stops.txt"", ""transfers.txt"", ""trips.txt""]",False,False,2026-01-01,2026-12-31,False,1583,6885,"[""OPTYMO suburbain"", ""OPTYMO urbain""]","[6.77158, 47.445607, 7.117168, 47.820923]",2026-10-09,
66512dc2e8c9915204e5a98b,tilt-lannion-tregor-communaute,Réseau urbain Tilt,81770,https://www.korrigo.bzh/ftp/OPENDATA/TILT.gtfs.zip,"[{""type"": ""epci"", ""nom"": ""CA Lannion-Trégor Communauté"", ""insee"": ""200065928""}]",data/raw/gtfs/2026-10/66512dc2e8c9915204e5a98b/81770.zip,True,,2026-10-09,,,,,1,False,True,True,[],"[""agency.txt"", ""calendar.txt"", ""calendar_dates.txt"", ""routes.txt"", ""shapes.txt"", ""stop_times.txt"", ""stops.txt"", ""transfers.txt"", ""trips.txt""]",False,False,2026-09-01,2027-07-03,False,319,162,"[""TILT (Lannion)""]","[-3.834531, 48.577213, -3.297218, 48.836352]",2026-10-09,
63b4c3d2d7857ab0c49dde9c,fr-200052264-t0008-0000-1,Réseau urbain Ritmo,80449,https://api.grandest2.cityway.fr/exs/GTFS?Key=OPENDATA&OperatorCode=Haguenau,"[{""type"": ""epci"", ""nom"": ""CA de Haguenau"", ""insee"": ""200067874""}]",data/raw/gtfs/2026-10/63b4c3d2d7857ab0c49dde9c/80449.zip,True,,2026-10-09,,,,,1,False,True,True,[],"[""agency.txt"", ""calendar.txt"", ""calendar_dates.txt"", ""feed_info.txt"", ""routes.txt"", ""shapes.txt"", ""stop_times.txt"", ""stops.txt"", ""transfers.txt"", ""trips.txt""]",False,False,2026-09-01,2026-12-01,False,533,1622,"[""Keolis Secteur Alsace""]","[7.608429, 48.7108459, 7.870991, 48.8527702]",2026-10-09,
619fb0437825b8a16e2bdf44,horaires-theoriques-et-temps-reel-du-reseau-ritmo-haguenau-gtfs-gtfs-rt,Réseau urbain Ritmo,79014,https://zenbus.net/gtfs/static/download.zip?dataset=haguenau,"[{""type"": ""epci"", ""nom"": ""CA de Haguenau"", ""insee"": ""200067874""}]",data/raw/gtfs/2026-10/619fb0437825b8a16e2bdf44/79014.zip,True,,2026-10-09,,,,,1,False,True,True,[],"[""agency.txt"", ""calendar.txt"", ""calendar_dates.txt"", ""feed_info.txt"", ""frequencies.txt"", ""routes.txt"", ""shapes.txt"", ""stop_times.txt"", ""stops.txt"", ""trips.txt""]",False,False,2026-09-01,2026-12-01,False,348,1622,"[""Keolis Secteur Alsace""]","[7.608429, 48.710846, 7.870991, 48.852772]",2026-10-09,
5f11962cc694e04ea707f124,reseau-de-transport-impulsyon-a-la-roche-sur-yon,Réseau urbain Impulsyon,79520,https://s3.eu-west-1.amazonaws.com/files.orchestra.ratpdev.com/networks/impulsyon/exports/medias.zip,"[{""type"": ""epci"", ""nom"": ""CA La Roche-sur-Yon - Agglomération"", ""insee"": ""248500589""}]",data/raw/gtfs/2026-10/5f11962cc694e04ea707f124/79520.zip,True,,2026-10-09,,,,,1,False,True,True,[],"[""agency.txt"", ""calendar.txt"", ""calendar_dates.txt"", ""feed_info.txt"", ""routes.txt"", ""shapes.txt"", ""stop_times.txt"", ""stops.txt"", ""trips.txt""]",False,False,2026-08-31,2027-06-27,False,500,4232,"[""Agence par défaut""]","[-1.571489, 46.573445, -1.230544, 46.745119]",2026-10-09,
6570a9e69397be0c85147efe,lignes-arrets-et-horaires-theorique-du-reseau-de-transport-gtfs-netex-saumur-val-de-loire-agglomeration,Réseau urbain Ogalo,81416,https://mobi-iti-pdl.okina.fr/static/mobiiti_saumur_val_de_loire/gtfs_imported-id_saumur.zip,"[{""type"": ""epci"", ""nom"": ""CA Saumur Val de Loire"", ""insee"": ""200071876""}]",data/raw/gtfs/2026-10/6570a9e69397be0c85147efe/81416.zip,True,,2026-10-09,,,,,1,False,True,True,[],"[""agency.txt"", ""calendar.txt"", ""calendar_dates.txt"", ""routes.txt"", ""shapes.txt"", ""stop_times.txt"", ""stops.txt"", ""trips.txt""]",False,False,2026-04-07,2026-08-31,True,1080,507,"[""saumuragglobus""]","[-0.397653, 47.015835, 0.142746, 47.393574]",2026-10-09,
5f581b61a3c659162a8f0772,horaires-theoriques-du-reseau-transport-du-pays-voironnais,Réseau urbain Transports du Pays Voironnais,83462,https://data.mobilites-m.fr/api/gtfs/TPV,"[{""type"": ""epci"", ""nom"": ""CA du Pays Voironnais"", ""insee"": ""243800984""}]",data/raw/gtfs/2026-10/5f581b61a3c659162a8f0772/83462.zip,True,,2026-10-09,,,,,1,False,True,True,[],"[""agency.txt"", ""booking_rules.txt"", ""calendar.txt"", ""calendar_dates.txt"", ""fare_attributes.txt"", ""fare_rules.txt"", ""feed_info.txt"", ""frequencies.txt"", ""routes.txt"", ""shapes.txt"", ""stop_times.txt"", ""stops.txt"", ""transfers.txt"", ""trips.txt""]",False,True,2025-09-01,2027-08-31,False,1191,822,"[""M Réso - Pays Voironnais""]","[5.48328, 45.25469, 5.71009, 45.53061]",2026-10-09,
63da9677e47cfa0836c459e5,gtfs-urbain-de-la-zone-nord-cap-nord,Réseau urbain de la zone Nord (CAP NORD),80606,https://static.data.gouv.fr/resources/gtfs-urbain-de-la-zone-nord-cap-nord/20260929-183317/gtfsnordrtm.zip,"[{""type"": ""epci"", ""nom"": ""CA du Pays Nord Martinique"", ""insee"": ""200041788""}]",data/raw/gtfs/2026-10/63da9677e47cfa0836c459e5/80606.zip,True,,2026-10-09,,,,,1,False,True,True,[],"[""agency.txt"", ""calendar.txt"", ""calendar_dates.txt"", ""routes.txt"", ""shapes.txt"", ""stop_times.txt"", ""stops.txt"", ""transfers.txt"", ""trips.txt""]",False,False,2026-09-30,2026-12-31,False,1043,892,"[""Régie des Transports de Martinique""]","[-61.2288, 14.6026, -61.0546, 14.8441]",2026-10-09,
5ca4bcec634f4125a78fad26,offre-de-transports-reseau-tac-annemasse-agglo,Réseau urbain TAC Mobilité,76779,https://s3.eu-west-1.amazonaws.com/files.orchestra.ratpdev.com/networks/tp2a/exports/medias.zip,"[{""type"": ""epci"", ""nom"": ""CA Annemasse-Les Voirons-Agglomération"", ""insee"": ""200011773""}]",data/raw/gtfs/2026-10/5ca4bcec634f4125a78fad26/76779.zip,True,,2026-10-09,,,,,1,False,True,True,[],"[""agency.txt"", ""calendar.txt"", ""calendar_dates.txt"", ""feed_info.txt"", ""routes.txt"", ""shapes.txt"", ""stop_times.txt"", ""stops.txt"", ""transfers.txt"", ""trips.txt""]",False,False,2026-08-31,2027-08-31,False,280,1713,"[""TAC Mobilités""]","[6.069999, 46.116021, 6.333951, 46.251427]",2026-10-09,
6371ee54c77b47381f77bed6,thonon-agglomeration-donnees-gtfs,Réseau scolaire Start,82178,https://static.data.gouv.fr/resources/thonon-agglomeration-donnees-gtfs/20260831-135752/2026.08.18-2026.12.18-gtfs-start.zip,"[{""type"": ""epci"", ""nom"": ""CA Thonon Agglomération"", ""insee"": ""200067551""}]",data/raw/gtfs/2026-10/6371ee54c77b47381f77bed6/82178.zip,True,,2026-10-09,,,,,1,False,True,True,[],"[""agency.txt"", ""calendar.txt"", ""calendar_dates.txt"", ""feed_info.txt"", ""routes.txt"", ""shapes.txt"", ""stop_times.txt"", ""stops.txt"", ""trips.txt""]",False,False,2026-08-17,2026-12-20,False,530,18231,"[""Réseau STAR'T""]","[6.242747875463124, 46.1832664, 6.579500815447528, 46.39927045515659]",2026-10-09,
6a32489a813e6bb04d3f5c27,start-horaires-du-reseau-de-lagglomeration-de-thonon,Réseaux urbains STAR'T,84108,https://api.oura3.cityway.fr/dataflow/offre-tc/download?provider=THONON&dataFormat=GTFS&dataProfil=OPENDATA,"[{""type"": ""epci"", ""nom"": ""CA Thonon Agglomération"", ""insee"": ""200067551""}]",data/raw/gtfs/2026-10/6a32489a813e6bb04d3f5c27/84108.zip,True,,2026-10-09,,,,,1,False,True,True,[],"[""agency.txt"", ""calendar.txt"", ""calendar_dates.txt"", ""feed_info.txt"", ""routes.txt"", ""shapes.txt"", ""stop_times.txt"", ""stops.txt"", ""transfers.txt"", ""trips.txt""]",False,False,2026-09-01,2026-12-20,False,522,16102,"[""THONON-LES-BAINS - STAR'T""]","[6.2427479, 46.1832664, 6.5795008, 46.3992705]",2026-10-09,
5f6afbf8efd0c352f9e16e10,reseau-lva,Réseau urbain L'va,52917,https://s3.eu-west-1.amazonaws.com/files.orchestra.ratpdev.com/networks/vienne-mobi/exports/panregion.zip,"[{""type"": ""epci"", ""nom"": ""CA Vienne Condrieu"", ""insee"": ""200077014""}]",data/raw/gtfs/2026-10/5f6afbf8efd0c352f9e16e10/52917.zip,True,,2026-10-09,,,,,1,False,True,True,[],"[""agency.txt"", ""calendar.txt"", ""calendar_dates.txt"", ""feed_info.txt"", ""routes.txt"", ""shapes.txt"", ""stop_times.txt"", ""stops.txt"", ""trips.txt""]",False,False,2026-09-22,2026-12-31,False,995,4296,"[""Lignes de Vienne et Agglomération""]","[4.600544, 45.406183, 5.108024, 45.619851]",2026-10-09,
632a56a64561af3796eacfa4,arrets-horaires-et-parcours-theoriques-des-reseaux-naq-lib-nva-m-1,Réseau urbain Calibus,82359,https://www.pigma.org/public/opendata/nouvelle_aquitaine_mobilites/publication/ca_du_libournais-aggregated-gtfs.zip,"[{""type"": ""epci"", ""nom"": ""CA du Libournais"", ""insee"": ""200070092""}]",data/raw/gtfs/2026-10/632a56a64561af3796eacfa4/82359.zip,True,,2026-10-09,,,,,1,False,True,True,[],"[""agency.txt"", ""calendar.txt"", ""calendar_dates.txt"", ""routes.txt"", ""shapes.txt"", ""stop_times.txt"", ""stops.txt"", ""trips.txt""]",False,False,2026-08-24,2027-07-02,False,648,1449,"[""Calibus (Libourne)""]","[-0.391955, 44.817921, 0.027227, 45.055965]",2026-10-09,
68387f17565840c7b7ca095e,andemu-gtfs-2025,Navette estivale Andemu,83146,https://static.data.gouv.fr/resources/andemu-gtfs-2025/20250529-153656/andemu-gtfs-2025.zip,"[{""type"": ""epci"", ""nom"": ""CA du Pays Ajaccien"", ""insee"": ""242010056""}]",data/raw/gtfs/2026-10/68387f17565840c7b7ca095e/83146.zip,True,,2026-10-09,,,,,1,False,True,True,[],"[""agency.txt"", ""calendar.txt"", ""fare_attributes.txt"", ""fare_rules.txt"", ""routes.txt"", ""shapes.txt"", ""stop_times.txt"", ""stops.txt"", ""trips.txt""]",False,False,2025-06-01,2025-09-15,True,46,22,"[""Transport Phoenix""]","[8.624128993103312, 41.80923086195183, 8.826329523661423, 41.93601545333388]",2026-10-09,
5c9a32d2634f411ddd69eb05,information-sur-les-transports-en-commun,Réseau urbain Muvistrada,83836,https://static.data.gouv.fr/resources/information-sur-les-transports-en-commun/20260210-131528/gtfs-capa-27.01.2026.zip,"[{""type"": ""epci"", ""nom"": ""CA du Pays Ajaccien"", ""insee"": ""242010056""}]",data/raw/gtfs/2026-10/5c9a32d2634f411ddd69eb05/83836.zip,True,,2026-10-09,,,,,1,False,True,True,[],"[""agency.txt"", ""calendar.txt"", ""calendar_dates.txt"", ""routes.txt"", ""shapes.txt"", ""stop_times.txt"", ""stops.txt"", ""trips.txt""]",False,False,2025-12-01,2026-12-31,False,554,974,"[""muvitarra""]","[8.6192518, 41.901726, 8.841902, 41.985912]",2026-10-09,
68873b0f9c270d4de53f9402,reseau-urbain-glazgo,Réseau urbain Glazgo,83300,https://static.data.gouv.fr/resources/reseau-urbain-glazgo/20260929-080256/gtfs-20260928-115800-glazgo.zip,"[{""type"": ""epci"", ""nom"": ""CC Auray Quiberon Terre Atlantique"", ""insee"": ""200043123""}]",data/raw/gtfs/2026-10/68873b0f9c270d4de53f9402/83300.zip,True,,2026-10-09,,,,,1,False,True,True,[],"[""agency.txt"", ""calendar.txt"", ""calendar_dates.txt"", ""fare_attributes.txt"", ""fare_rules.txt"", ""feed_info.txt"", ""routes.txt"", ""shapes.txt"", ""stop_times.txt"", ""stops.txt"", ""trips.txt""]",False,False,2026-08-31,2027-07-02,False,160,296,"[""GLAZGO""]","[-3.02625, 47.660061, -2.959164, 47.689668]",2026-10-09,
5d14f47a634f4155ae63a796,arrets-horaires-et-parcours-theoriques-du-reseau-monrezo-cucm-gtfs-1,Réseau urbain MonRéZO,82999,https://static.data.gouv.fr/resources/arrets-horaires-et-parcours-theoriques-du-reseau-monrezo-cucm-gtfs-1/20261002-133801/gtfs-20260928-101048-open-data-cmt.zip,"[{""type"": ""epci"", ""nom"": ""CU Le Creusot Montceau-les-Mines"", ""insee"": ""247100290""}]",data/raw/gtfs/2026-10/5d14f47a634f4155ae63a796/82999.zip,True,,2026-10-09,,,,,1,False,True,True,[],"[""agency.txt"", ""calendar.txt"", ""calendar_dates.txt"", ""routes.txt"", ""shapes.txt"", ""stop_times.txt"", ""stops.txt"", ""trips.txt""]",False,False,2026-09-28,2027-09-27,False,311,456,"[""CUCM""]","[4.28913, 46.641366, 4.498566, 46.810219]",2026-10-09,
64a70ac9e0c46980035f5e79,donnees-theoriques-et-temps-reel-du-reseau-axo-communaute-dagglomeration-creil-sud-oise,Réseau urbain AXO,81645,https://api.oisemob.cityway.fr/dataflow/tad/download?provider=AXO&dataFormat=gtfs,"[{""type"": ""epci"", ""nom"": ""CA Creil Sud Oise"", ""insee"": ""200068047""}]",data/raw/gtfs/2026-10/64a70ac9e0c46980035f5e79/81645.zip,True,,2026-10-09,,,,,2,True,True,True,[],"[""agency.txt"", ""calendar.txt"", ""calendar_dates.txt"", ""location_groups.txt"", ""routes.txt"", ""stop_times.txt"", ""stops.txt"", ""trips.txt""]",False,False,2021-03-29,9999-12-31,False,83,14,"[""AXO - Agglo Creil Sud Oise""]","[2.3743, 49.21468, 2.5101069, 49.29931]",2026-10-09,
64a70ac9e0c46980035f5e79,donnees-theoriques-et-temps-reel-du-reseau-axo-communaute-dagglomeration-creil-sud-oise,Réseau urbain AXO,81072,https://api.oisemob.cityway.fr/dataflow/offre-tc/download?provider=AXO&dataFormat=GTFS&dataProfil=OPENDATA,"[{""type"": ""epci"", ""nom"": ""CA Creil Sud Oise"", ""insee"": ""200068047""}]",data/raw/gtfs/2026-10/64a70ac9e0c46980035f5e79/81072.zip,True,,2026-10-09,,,,,2,True,True,True,[],"[""agency.txt"", ""calendar.txt"", ""calendar_dates.txt"", ""routes.txt"", ""shapes.txt"", ""stop_times.txt"", ""stops.txt"", ""transfers.txt"", ""trips.txt""]",False,False,2026-10-09,2026-12-31,False,273,1338,"[""AXO - Agglo Creil Sud Oise""]","[2.3707988, 49.1883139, 2.5046641, 49.2911381]",2026-10-09,
601033a9f8ef84fd317562ae,reseau-urbain-mat,Réseau urbain MAT,82555,https://static.data.gouv.fr/resources/reseau-urbain-mat/20261006-145200/gtfs-mat-06102026-au-31122026.zip,"[{""type"": ""epci"", ""nom"": ""CA du Pays de Saint Malo Agglomération"", ""insee"": ""243500782""}]",data/raw/gtfs/2026-10/601033a9f8ef84fd317562ae/82555.zip,True,,2026-10-09,,,,,1,False,True,True,[],"[""agency.txt"", ""attributions.txt"", ""calendar.txt"", ""calendar_dates.txt"", ""fare_attributes.txt"", ""feed_info.txt"", ""routes.txt"", ""shapes.txt"", ""stop_times.txt"", ""stops.txt"", ""trips.txt""]",False,False,2026-10-06,2026-12-31,False,1145,11409,"[""MAT""]","[-2.02638, 48.486236, -1.795744, 48.705359]",2026-10-09,
5ad0207bb595085722c04a3c,donnees-gtfs-du-reseau-de-transport-public-cara-bus,Réseau urbain Cara'bus,79499,https://data.agglo-royan.fr/dataset/9b761974-a195-4e33-91b7-ecee3b368016/resource/d4915904-ebd0-43cf-9b35-fbfc04ce91fd/download/gtfs_20260824_115703_tdra.zip,"[{""type"": ""epci"", ""nom"": ""CA Royan Atlantique"", ""insee"": ""241700640""}]",data/raw/gtfs/2026-10/5ad0207bb595085722c04a3c/79499.zip,True,,2026-10-09,,,,,1,False,True,True,[],"[""agency.txt"", ""calendar.txt"", ""calendar_dates.txt"", ""routes.txt"", ""stop_times.txt"", ""stops.txt"", ""trips.txt""]",False,False,2026-08-24,2027-07-06,False,799,1320,"[""Carabus (Royan Atlantique)""]","[-1.176769, 45.449706, -0.723135, 45.846776]",2026-10-09,
632a56a64561af3796eacfa5,arrets-horaires-et-parcours-theoriques-des-reseaux-naq-car-nva-m-1,Réseau urbain Cara'bus,82361,https://www.pigma.org/public/opendata/nouvelle_aquitaine_mobilites/publication/ca_royan_atlantique-aggregated-gtfs.zip,"[{""type"": ""epci"", ""nom"": ""CA Royan Atlantique"", ""insee"": ""241700640""}]",data/raw/gtfs/2026-10/632a56a64561af3796eacfa5/82361.zip,True,,2026-10-09,,,,,1,False,True,True,[],"[""agency.txt"", ""calendar.txt"", ""calendar_dates.txt"", ""routes.txt"", ""shapes.txt"", ""stop_times.txt"", ""stops.txt"", ""trips.txt""]",False,False,2026-08-24,2027-07-06,False,1252,1317,"[""Carabus (Royan Atlantique)""]","[-1.176769, 45.449707, -0.723135, 45.846775]",2026-10-09,
61efcafd47b4a2ff41c3a165,donnees-statiques-et-temps-reels-reseau-envia,Réseau urbain Envia,82662,https://static.data.gouv.fr/resources/donnees-statiques-et-temps-reels-reseau-envia/20260928-064022/gtfs-envia-20260928.zip,"[{""type"": ""epci"", ""nom"": ""CA d'Arles-Crau-Camargue-Montagnette"", ""insee"": ""241300417""}]",data/raw/gtfs/2026-10/61efcafd47b4a2ff41c3a165/82662.zip,True,,2026-10-09,,,,,1,False,True,True,[],"[""agency.txt"", ""calendar.txt"", ""calendar_dates.txt"", ""routes.txt"", ""shapes.txt"", ""stop_times.txt"", ""stops.txt"", ""trips.txt""]",False,False,2026-09-28,2027-08-31,False,784,4596,"[""ENVIA""]","[4.365837, 43.351049, 4.824023, 43.865587]",2026-10-09,
647897201acf3f0714b69227,mobivie-reseau-urbain-vichy-communaute,Réseau urbain Mobivie,84137,https://h36.hanoverdisplays.com/keolis_vichy/gtfs/prod/GTFS_Prod_keolis_vichy.zip,"[{""type"": ""epci"", ""nom"": ""CA Vichy Communauté"", ""insee"": ""200071363""}]",data/raw/gtfs/2026-10/647897201acf3f0714b69227/84137.zip,True,,2026-10-09,,,,,1,False,True,True,[],"[""agency.txt"", ""calendar.txt"", ""calendar_dates.txt"", ""routes.txt"", ""shapes.txt"", ""stop_times.txt"", ""stops.txt"", ""trips.txt""]",False,False,2026-10-08,2027-08-29,False,270,877,"[""Mobivie""]","[2.588748, 46.078378, 3.473617, 46.366845]",2026-10-09,
5d2352ad634f41602cdc8d8a,offre-de-transports-du-grand-albigeois-gtfs,Réseau urbain du Grand Albigeois,79728,https://static.data.gouv.fr/resources/offre-de-transports-du-grand-albigeois-gtfs/20260622-084755/libea-reseau-navettes.zip,"[{""type"": ""epci"", ""nom"": ""CA de l'Albigeois (C2A)"", ""insee"": ""248100737""}]",data/raw/gtfs/2026-10/5d2352ad634f41602cdc8d8a/79728.zip,True,,2026-10-09,,,,,3,True,True,True,[],"[""agency.txt"", ""calendar.txt"", ""calendar_dates.txt"", ""feed_info.txt"", ""routes.txt"", ""shapes.txt"", ""stop_times.txt"", ""stops.txt"", ""trips.txt""]",False,False,2026-06-01,2026-12-31,False,64,79,"[""libéA Mobilités""]","[2.131072, 43.922152, 2.153397, 43.938081]",2026-10-09,
5d2352ad634f41602cdc8d8a,offre-de-transports-du-grand-albigeois-gtfs,Réseau urbain du Grand Albigeois,79687,https://static.data.gouv.fr/resources/offre-de-transports-du-grand-albigeois-gtfs/20260918-083539/libea-reseau-urbain.zip,"[{""type"": ""epci"", ""nom"": ""CA de l'Albigeois (C2A)"", ""insee"": ""248100737""}]",data/raw/gtfs/2026-10/5d2352ad634f41602cdc8d8a/79687.zip,True,,2026-10-09,,,,,3,True,True,True,[],"[""agency.txt"", ""calendar.txt"", ""calendar_dates.txt"", ""feed_info.txt"", ""routes.txt"", ""shapes.txt"", ""stop_times.txt"", ""stops.txt"", ""trips.txt""]",False,False,2026-08-31,2027-07-03,False,502,1890,"[""libéA Urbain""]","[2.097365, 43.91032, 2.210518, 43.962902]",2026-10-09,
5d2352ad634f41602cdc8d8a,offre-de-transports-du-grand-albigeois-gtfs,Réseau urbain du Grand Albigeois,81522,https://static.data.gouv.fr/resources/offre-de-transports-du-grand-albigeois-gtfs/20260813-074150/libea-reseau-periurbain.zip,"[{""type"": ""epci"", ""nom"": ""CA de l'Albigeois (C2A)"", ""insee"": ""248100737""}]",data/raw/gtfs/2026-10/5d2352ad634f41602cdc8d8a/81522.zip,True,,2026-10-09,,,,,3,True,True,True,[],"[""agency.txt"", ""calendar.txt"", ""calendar_dates.txt"", ""feed_info.txt"", ""routes.txt"", ""shapes.txt"", ""stop_times.txt"", ""stops.txt"", ""trips.txt""]",False,False,2026-08-03,2027-07-02,False,638,251,"[""libéA Périurbain""]","[2.02947, 43.817984, 2.268499, 43.975299]",2026-10-09,
63b4c3d22989785f7e9dde9d,fr-200052264-t0017-0000-1,Réseau urbain Distribus,80437,https://api.grandest2.cityway.fr/exs/GTFS?Key=OPENDATA&OperatorCode=CC3F,"[{""type"": ""epci"", ""nom"": ""CA Saint-Louis Agglomération"", ""insee"": ""200066058""}]",data/raw/gtfs/2026-10/63b4c3d22989785f7e9dde9d/80437.zip,True,,2026-10-09,,,,,1,False,True,True,[],"[""agency.txt"", ""calendar.txt"", ""calendar_dates.txt"", ""feed_info.txt"", ""routes.txt"", ""shapes.txt"", ""stop_times.txt"", ""stops.txt"", ""transfers.txt"", ""trips.txt""]",False,False,2026-09-16,2027-08-31,False,626,1615,"[""DISTRIBUS""]","[7.2392626, 47.4954102, 7.6298654, 47.6926845]",2026-10-09,
64c3e1b754d25daefbd3a5f6,donnees-theoriques-et-temps-reel-du-reseau-tic-interurbain-communaute-dagglomeration-de-la-region-de-compiegne-et-de-la-basse-automne,Réseau interurbain TIC,81146,https://api.oisemob.cityway.fr/dataflow/offre-tc/download?provider=TIC_INT&dataFormat=GTFS&dataProfil=OPENDATA,"[{""type"": ""epci"", ""nom"": ""CA de la Région de Compiègne et de la Basse Automne"", ""insee"": ""200067965""}]",data/raw/gtfs/2026-10/64c3e1b754d25daefbd3a5f6/81146.zip,True,,2026-10-09,,,,,1,False,True,True,[],"[""agency.txt"", ""calendar.txt"", ""calendar_dates.txt"", ""routes.txt"", ""shapes.txt"", ""stop_times.txt"", ""stops.txt"", ""transfers.txt"", ""trips.txt""]",False,False,2026-10-08,2026-10-31,False,205,330,"[""TIC Interurbain - AR de Compiègne""]","[2.71893, 49.259934, 2.93163, 49.45354]",2026-10-09,
64a70ced8461a94a70c32898,donnees-theoriques-et-temps-reel-du-reseau-tic-urbain-communaute-dagglomeration-de-la-region-de-compiegne-et-de-la-basse-automne,Réseau urbain TIC,81066,https://api.oisemob.cityway.fr/dataflow/offre-tc/download?provider=TIC_URB&dataFormat=GTFS&dataProfil=OPENDATA,"[{""type"": ""epci"", ""nom"": ""CA de la Région de Compiègne et de la Basse Automne"", ""insee"": ""200067965""}]",data/raw/gtfs/2026-10/64a70ced8461a94a70c32898/81066.zip,True,,2026-10-09,,,,,1,False,True,True,[],"[""agency.txt"", ""calendar.txt"", ""calendar_dates.txt"", ""routes.txt"", ""shapes.txt"", ""stop_times.txt"", ""stops.txt"", ""transfers.txt"", ""trips.txt""]",False,False,2026-10-08,2026-11-11,False,266,2333,"[""TIC Urbain - AR de Compiègne""]","[2.758564, 49.380721, 2.886814, 49.447317]",2026-10-09,
64c3e442dde4b1a08808ed6b,donnees-theoriques-du-reseau-de-transport-a-la-demande-allotic-communaute-dagglomeration-de-la-region-de-compiegne-et-de-la-basse-automne,TAD réseau AlloTIC,81158,https://api.oisemob.cityway.fr/dataflow/offre-tc/download?provider=ALLOTIC&dataFormat=GTFS&dataProfil=OPENDATA,"[{""type"": ""epci"", ""nom"": ""CA de la Région de Compiègne et de la Basse Automne"", ""insee"": ""200067965""}]",data/raw/gtfs/2026-10/64c3e442dde4b1a08808ed6b/81158.zip,True,,2026-10-09,,,,,1,False,True,True,[],"[""agency.txt"", ""calendar.txt"", ""calendar_dates.txt"", ""routes.txt"", ""shapes.txt"", ""stop_times.txt"", ""stops.txt"", ""transfers.txt"", ""trips.txt""]",False,False,2026-07-28,2026-12-31,False,75,134,"[""TIC - AlloTIC- AR de Compiègne""]","[2.7315908, 49.2811129, 2.938136, 49.4566736]",2026-10-09,
63ef3885d1c43baf9fd07b96,sngo-vernon-les-andelys-seine-normandie-agglo,Réseau urbain SNgo!,80655,https://static.data.gouv.fr/resources/sngo-vernon-les-andelys-seine-normandie-agglo/20260923-083213/pt-th-offer-sngo-gtfs-20260917-674-opendata.zip,"[{""type"": ""epci"", ""nom"": ""CA Seine Normandie Agglomération"", ""insee"": ""200072312""}]",data/raw/gtfs/2026-10/63ef3885d1c43baf9fd07b96/80655.zip,True,,2026-10-09,,,,,1,False,True,True,[],"[""agency.txt"", ""calendar.txt"", ""calendar_dates.txt"", ""routes.txt"", ""shapes.txt"", ""stop_amenities.txt"", ""stop_times.txt"", ""stops.txt"", ""transfers.txt"", ""trips.txt""]",False,False,2026-09-17,2027-08-31,False,198,1605,"[""SN'go! (Vernon, Les Andelys, Seine Normandie Agglo)""]","[1.3581822, 49.010406, 1.6086404, 49.25707]",2026-10-09,
64ff1cfa864a499875d3340b,donnees-tac-reseau-de-transport-de-grand-chatellerault-2025,Réseau urbain TAC,82166,https://static.data.gouv.fr/resources/donnees-tac-reseau-de-transport-de-grand-chatellerault-2025/20251020-100448/gtfs-tac-20102025-05072026.zip,"[{""type"": ""epci"", ""nom"": ""CA Grand Châtellerault"", ""insee"": ""248600413""}]",data/raw/gtfs/2026-10/64ff1cfa864a499875d3340b/82166.zip,True,,2026-10-09,,,,,1,False,True,True,[],"[""agency.txt"", ""calendar.txt"", ""calendar_dates.txt"", ""feed_info.txt"", ""routes.txt"", ""shapes.txt"", ""stop_times.txt"", ""stops.txt"", ""trips.txt""]",False,False,2025-10-20,2026-07-05,True,1015,920,"[""TAC""]","[0.3265655, 46.646589, 0.811546, 47.00340632]",2026-10-09,
625561cdf949cea7e22006b7,reseau-urbain-ville-de-vitre,Réseau urbain Vitobus,83019,https://static.data.gouv.fr/resources/reseau-urbain-ville-de-vitre/20250425-133101/20-gtfs-urbain-vitre-ete-2025.zip,"[{""type"": ""epci"", ""nom"": ""CA Vitré Communauté"", ""insee"": ""200039022""}]",data/raw/gtfs/2026-10/625561cdf949cea7e22006b7/83019.zip,True,,2026-10-09,,,,,3,True,True,False,"[""agency.txt"", ""stops.txt"", ""routes.txt"", ""trips.txt"", ""stop_times.txt"", ""calendar.txt or calendar_dates.txt""]","[""GTFS-20250422-170531.zip""]",False,False,,,,,,[],,2026-10-09,missing required GTFS files
625561cdf949cea7e22006b7,reseau-urbain-ville-de-vitre,Réseau urbain Vitobus,83276,https://static.data.gouv.fr/resources/reseau-urbain-ville-de-vitre/20250724-070907/05-gtfs-urbain-vitre-chateaubourg-sept25-v05.zip,"[{""type"": ""epci"", ""nom"": ""CA Vitré Communauté"", ""insee"": ""200039022""}]",data/raw/gtfs/2026-10/625561cdf949cea7e22006b7/83276.zip,True,,2026-10-09,,,,,3,True,True,True,[],"[""agency.txt"", ""calendar.txt"", ""calendar_dates.txt"", ""feed_info.txt"", ""routes.txt"", ""stop_times.txt"", ""stops.txt"", ""trips.txt""]",False,False,2025-09-01,2026-07-03,True,211,387,"[""URBAIN_VITRE""]","[-1.42784, 48.07131, -1.165842, 48.14161373]",2026-10-09,
625561cdf949cea7e22006b7,reseau-urbain-ville-de-vitre,Réseau urbain Vitobus,83280,https://static.data.gouv.fr/resources/reseau-urbain-ville-de-vitre/20250716-121402/planning.zip,"[{""type"": ""epci"", ""nom"": ""CA Vitré Communauté"", ""insee"": ""200039022""}]",data/raw/gtfs/2026-10/625561cdf949cea7e22006b7/83280.zip,True,,2026-10-09,,,,,3,True,True,True,[],"[""agency.txt"", ""calendar.txt"", ""calendar_dates.txt"", ""routes.txt"", ""stop_times.txt"", ""stops.txt"", ""stops_radius.txt"", ""trip_kilometers.txt"", ""trips.txt"", ""trips_infos.txt""]",False,False,2025-09-01,2026-08-31,True,58,236,"[""03-HERVE""]","[-1.33218554605969, 47.90074390693716, -1.03676020387734, 48.24658143482717]",2026-10-09,
63569c091b095809e099d52b,tam-horaires-theoriques-du-reseau-de-transport-urbain-sur-la-ville-damberieu-en-bugey,Réseau urbain Tam,79865,https://api.oura3.cityway.fr/dataflow/offre-tc/download?provider=TAM&dataFormat=GTFS&dataProfil=OPENDATA,"[{""type"": ""epci"", ""nom"": ""CC de la Plaine de l'Ain"", ""insee"": ""240100883""}]",data/raw/gtfs/2026-10/63569c091b095809e099d52b/79865.zip,True,,2026-10-09,,,,,1,False,True,True,[],"[""agency.txt"", ""calendar.txt"", ""calendar_dates.txt"", ""feed_info.txt"", ""routes.txt"", ""shapes.txt"", ""stop_times.txt"", ""stops.txt"", ""transfers.txt"", ""trips.txt""]",False,False,2025-12-01,2026-12-31,False,51,93,"[""AMBERIEU-EN-BUGEY - Tam""]","[5.3333479, 45.942673, 5.3755169, 45.9812997]",2026-10-09,
654d7323492eed0ae612b365,fichier-gtfs-des-transports-urbains-de-la-communaute-dagglomeration-du-puy-en-velay,Réseau urbain Mobilité en Velay,83905,https://geoportail.lepuyenvelay.fr/data/gtfs/urbain/gtfs/,"[{""type"": ""epci"", ""nom"": ""CA du Puy-en-Velay"", ""insee"": ""200073419""}]",data/raw/gtfs/2026-10/654d7323492eed0ae612b365/83905.zip,False,expected a data file but downloaded content looks like an HTML page from https://transport-data-gouv-fr-resource-history-prod.cellar-c2.services.clever-cloud.com/83905/83905.20261001.181010.106407.gtfs,2026-10-09,,,,"broken resource, dataset covered by 83906",2,True,False,False,[],[],False,False,,,,,,[],,2026-10-09,not downloaded
654d7323492eed0ae612b365,fichier-gtfs-des-transports-urbains-de-la-communaute-dagglomeration-du-puy-en-velay,Réseau urbain Mobilité en Velay,83906,https://geoportail.lepuyenvelay.fr/data/gtfs/urbain/gtfs_urbain.zip,"[{""type"": ""epci"", ""nom"": ""CA du Puy-en-Velay"", ""insee"": ""200073419""}]",data/raw/gtfs/2026-10/654d7323492eed0ae612b365/83906.zip,True,,2026-10-09,,,,,2,True,True,True,[],"[""agency.txt"", ""calendar.txt"", ""calendar_dates.txt"", ""feed_info.txt"", ""log_GTFS.txt"", ""routes.txt"", ""shapes.txt"", ""stop_times.txt"", ""stops.txt"", ""trips.txt""]",False,False,2026-08-24,2027-08-28,False,651,1731,"[""RTCA URBAIN MOBILITE EN VELAY""]","[3.843109, 44.984859, 3.994396, 45.082262]",2026-10-09,
69b356c9936944c545a4f8a2,fichier-gtfs-des-transports-a-la-demande-de-la-communaute-dagglomeration-du-puy-en-velay,TAD réseau Mobilité en Velay,83903,https://geoportail.lepuyenvelay.fr/data/gtfs/tad/gtfs_tad.zip,"[{""type"": ""epci"", ""nom"": ""CA du Puy-en-Velay"", ""insee"": ""200073419""}]",data/raw/gtfs/2026-10/69b356c9936944c545a4f8a2/83903.zip,True,,2026-10-09,,,,,1,False,True,True,[],"[""agency.txt"", ""calendar.txt"", ""calendar_dates.txt"", ""routes.txt"", ""shapes.txt"", ""stop_times.txt"", ""stops.txt"", ""trips.txt""]",False,False,2026-01-02,2026-12-31,False,60,6,"[""RTCA TAD""]","[3.546417, 44.909774, 3.89306, 45.329914]",2026-10-09,
5f1550566f83946237e2684c,gtfs-capbus,Réseau urbain Cap’Bus,64163,https://zenbus.net/gtfs/static/download.zip?dataset=agdecapbus68429531,"[{""type"": ""epci"", ""nom"": ""CA Hérault-Méditerranée"", ""insee"": ""243400819""}]",data/raw/gtfs/2026-10/5f1550566f83946237e2684c/64163.zip,True,,2026-10-09,,,,,1,False,True,True,[],"[""agency.txt"", ""calendar.txt"", ""calendar_dates.txt"", ""feed_info.txt"", ""frequencies.txt"", ""routes.txt"", ""shapes.txt"", ""stop_times.txt"", ""stops.txt"", ""trips.txt""]",False,False,2026-09-01,2027-07-02,False,258,846,"[""Carpostal Agde""]","[3.407112, 43.274083, 3.523256, 43.4628]",2026-10-09,
5ab2376488ee383b60034880,gtfs-de-la-societe-de-transport-urbain-du-grand-montauban-semtm,Réseau urbain Transports Montalbanais,84120,https://static.data.gouv.fr/resources/gtfs-de-la-societe-de-transport-urbain-du-grand-montauban-semtm/20260831-145529/gtfs-202627-v3.zip,"[{""type"": ""epci"", ""nom"": ""CA Grand Montauban"", ""insee"": ""248200099""}]",data/raw/gtfs/2026-10/5ab2376488ee383b60034880/84120.zip,True,,2026-10-09,,,,,1,False,True,True,[],"[""agency.txt"", ""calendar.txt"", ""calendar_dates.txt"", ""routes.txt"", ""shapes.txt"", ""stop_times.txt"", ""stops.txt"", ""trips.txt""]",False,False,2026-08-31,2027-08-29,False,773,1471,"[""SEMTM""]","[1.247403, 43.912813, 1.475181, 44.108223]",2026-10-09,
6463942ce3a92aed14633d70,transports-urbains-soissonnais-tus,Réseau urbain TUS,82154,https://static.data.gouv.fr/resources/transports-urbains-soissonnais-tus/20260623-072534/transports-urbains-soissonnais-tus-v01-2025-gtfs-2026-06-23-09-23-03.zip,"[{""type"": ""epci"", ""nom"": ""CA GrandSoissons Agglomération"", ""insee"": ""240200477""}, {""type"": ""epci"", ""nom"": ""CC Retz en Valois"", ""insee"": ""200071991""}]",data/raw/gtfs/2026-10/6463942ce3a92aed14633d70/82154.zip,True,,2026-10-09,,,,,1,False,True,True,[],"[""agency.txt"", ""calendar.txt"", ""calendar_dates.txt"", ""routes.txt"", ""shapes.txt"", ""stop_times.txt"", ""stops.txt"", ""trips.txt"", ""trips_extensions.txt""]",False,False,2026-01-02,2027-01-30,False,593,237,"[""Transports Urbains Soissonnais""]","[3.2921582, 49.3410054, 3.4352258, 49.4124532]",2026-10-09,
642d3a69aef912ff2c151122,donnees-gtfs-reseau-tuc-communaute-dagglomeration-de-cambrai,Réseau urbain TUC,80751,https://static.data.gouv.fr/resources/donnees-gtfs-reseau-tuc-communaute-dagglomeration-de-cambrai/20260903-092503/rhdf-gtfs-cac-tuc-03092026.zip,"[{""type"": ""epci"", ""nom"": ""CA de Cambrai"", ""insee"": ""200068500""}]",data/raw/gtfs/2026-10/642d3a69aef912ff2c151122/80751.zip,True,,2026-10-09,,,,,1,False,True,True,[],"[""agency.txt"", ""calendar.txt"", ""calendar_dates.txt"", ""feed_info.txt"", ""routes.txt"", ""shapes.txt"", ""stop_times.txt"", ""stops.txt"", ""thermometre.txt"", ""timetables.txt"", ""trips.txt""]",False,False,2026-08-24,2027-08-31,False,543,1244,"[""CAC""]","[3.0083783, 50.0326, 3.40598, 50.2588]",2026-10-09,
6026675fc02b24d37069f81a,ctlb-donnees-theoriques-et-rt-aix-les-bains-lac-du-bourget,Réseau urbain Ondéa,71223,https://s3.eu-west-1.amazonaws.com/files.orchestra.ratpdev.com/networks/ctlb-aix-les-bains/exports/pan.zip,"[{""type"": ""epci"", ""nom"": ""CA Grand Lac"", ""insee"": ""200068674""}]",data/raw/gtfs/2026-10/6026675fc02b24d37069f81a/71223.zip,True,,2026-10-09,,,,,1,False,True,True,[],"[""agency.txt"", ""calendar.txt"", ""calendar_dates.txt"", ""feed_info.txt"", ""routes.txt"", ""shapes.txt"", ""stop_times.txt"", ""stops.txt"", ""trips.txt""]",False,False,2026-09-01,2026-12-31,False,1278,2279,"[""Ondéa Grand Lac""]","[5.7786679, 45.570356, 6.012444, 45.959242]",2026-10-09,
5c0f8c7e634f41201cf158a6,offre-de-transport-du-reseau-trema-gtfs,Réseau urbain TréMA,84156,https://static.data.gouv.fr/resources/offre-de-transport-du-reseau-trema-gtfs/20260821-115049/trema-gtfs-2026-08-21.zip,"[{""type"": ""epci"", ""nom"": ""CA Mâconnais Beaujolais Agglomération"", ""insee"": ""200070308""}]",data/raw/gtfs/2026-10/5c0f8c7e634f41201cf158a6/84156.zip,True,,2026-10-09,,,,,1,False,True,True,[],"[""agency.txt"", ""calendar.txt"", ""calendar_dates.txt"", ""routes.txt"", ""shapes.txt"", ""stop_times.txt"", ""stops.txt"", ""trips.txt""]",False,False,2026-08-20,2027-07-03,False,718,6264,"[""TREMA""]","[4.430922, 46.122394, 4.914892, 46.506984]",2026-10-09,
677fb566e481169b7886b307,bus-pastel-saint-quentin,Réseau urbain Pastel,82704,https://static.data.gouv.fr/resources/bus-pastel-saint-quentin/20251230-130818/gtfs-20251204-171737-sqm.zip,"[{""type"": ""epci"", ""nom"": ""CA du Saint-Quentinois"", ""insee"": ""200071892""}]",data/raw/gtfs/2026-10/677fb566e481169b7886b307/82704.zip,True,,2026-10-09,,,,,1,False,True,True,[],"[""agency.txt"", ""calendar.txt"", ""calendar_dates.txt"", ""routes.txt"", ""stop_times.txt"", ""stops.txt"", ""trips.txt""]",False,False,2025-12-04,2026-12-03,False,338,3250,"[""Saint_Quentin Mobilite""]","[3.25119, 49.817862, 3.32898, 49.86818]",2026-10-09,
5c9399f88b4c412a8b9315a8,offre-de-transport-du-reseau-libellus-gtfs,Réseau urbain Libellus,79508,https://static.data.gouv.fr/resources/offre-de-transport-du-reseau-libellus-gtfs/20260108-095309/08012026.zip,"[{""type"": ""epci"", ""nom"": ""CA de Castres Mazamet"", ""insee"": ""248100430""}]",data/raw/gtfs/2026-10/5c9399f88b4c412a8b9315a8/79508.zip,True,,2026-10-09,,,,,1,False,True,True,[],"[""agency.txt"", ""calendar.txt"", ""calendar_dates.txt"", ""feed_info.txt"", ""frequencies.txt"", ""routes.txt"", ""shapes.txt"", ""stop_times.txt"", ""stops.txt"", ""trips.txt""]",False,False,2025-12-19,2026-12-31,False,428,771,"[""Transports publics Libellus""]","[2.185479, 43.483413, 2.4054, 43.63264]",2026-10-09,
63b4c3d2d7857ab0c49dde9b,fr-200052264-t0005-0000-1,Réseau urbain SITAC,80457,https://api.grandest2.cityway.fr/exs/GTFS?Key=OPENDATA&OperatorCode=CEC,"[{""type"": ""epci"", ""nom"": ""CA de Châlons-en-Champagne"", ""insee"": ""200066876""}]",data/raw/gtfs/2026-10/63b4c3d2d7857ab0c49dde9b/80457.zip,True,,2026-10-09,,,,,1,False,True,True,[],"[""agency.txt"", ""calendar.txt"", ""calendar_dates.txt"", ""feed_info.txt"", ""routes.txt"", ""shapes.txt"", ""stop_times.txt"", ""stops.txt"", ""transfers.txt"", ""trips.txt""]",False,False,2026-09-15,2026-10-17,False,673,1644,"[""Châlons-en-Champagne""]","[4.1142779, 48.7124366, 4.470841, 49.1907331]",2026-10-09,
6197acd5243de76054d8648d,reseau-urbain-caux-seine-mobilite-rezobus,Réseau urbain REZO'BUS,83783,https://api.pysae.com/api/v4/groups/caux-seine-agglo/gtfs/pub,"[{""type"": ""epci"", ""nom"": ""CA Caux Seine Agglo"", ""insee"": ""200010700""}]",data/raw/gtfs/2026-10/6197acd5243de76054d8648d/83783.zip,True,,2026-10-09,,,,,1,False,True,True,[],"[""agency.txt"", ""calendar.txt"", ""calendar_dates.txt"", ""routes.txt"", ""shapes.txt"", ""stop_times.txt"", ""stops.txt"", ""trips.txt""]",False,False,2026-09-01,2027-08-31,False,185,771,"[""SEMOP""]","[0.45775, 49.460448, 0.771478, 49.659918]",2026-10-09,
69413286d8eac0e7be03f284,reseau-urbain-scolaire-lila-presquile,Réseau urbain et scolaire Lila Presqu'ile,83762,https://static.data.gouv.fr/resources/reseau-urbain-scolaire-lila-presquile/20260914-073221/gtfs-20260911-163329-capatlantique.zip,"[{""type"": ""epci"", ""nom"": ""CA de la Presqu'île de Guérande Atlantique (Cap Atlantique)"", ""insee"": ""244400610""}]",data/raw/gtfs/2026-10/69413286d8eac0e7be03f284/83762.zip,True,,2026-10-09,,,,,1,False,True,True,[],"[""agency.txt"", ""calendar.txt"", ""calendar_dates.txt"", ""fare_attributes.txt"", ""fare_rules.txt"", ""feed_info.txt"", ""routes.txt"", ""shapes.txt"", ""stop_times.txt"", ""stops.txt"", ""trips.txt""]",False,False,2026-09-01,2026-12-18,False,1900,1395,"[""Lila Presqu'île""]","[-2.550118, 47.238171, -2.1878, 47.512206]",2026-10-09,
6a9134170b243888100267f7,slam-scolaire-lignes-de-transports-scolaires-gtfs-saint-lo-agglo-rentree-2026-2027,Réseau scolaire SLAM,84189,https://static.data.gouv.fr/resources/slam-scolaire-lignes-de-transports-scolaires-gtfs-saint-lo-agglo-rentree-2026-2027/20260828-070912/2026-08-27-gtfs-slam-scolaire.zip,"[{""type"": ""epci"", ""nom"": ""CA Saint-Lô Agglo"", ""insee"": ""200066389""}]",data/raw/gtfs/2026-10/6a9134170b243888100267f7/84189.zip,True,,2026-10-09,,,,,1,False,True,True,[],"[""agency.txt"", ""attributions.txt"", ""calendar.txt"", ""calendar_dates.txt"", ""routes.txt"", ""shapes.txt"", ""stop_times.txt"", ""stops.txt"", ""trips.txt""]",False,False,2025-04-08,2027-07-08,False,194,177,"[""Autocars DELCOURT"", ""HOMMET Voyages"", ""Transdev Normandie Manche""]","[-1.307986, 48.904324, -0.888954, 49.259311]",2026-10-09,
65a4f5a84d649fda617ad0dd,reseau-urbain-le-passe-pont-communes-de-couffouleux-et-de-rabastens,Réseau urbain Le Passe Pont,82196,https://static.data.gouv.fr/resources/reseau-urbain-le-passe-pont-communes-de-couffouleux-et-de-rabastens/20260831-123610/gtfs-passe-pont.zip,"[{""type"": ""epci"", ""nom"": ""CA Gaillac-Graulhet"", ""insee"": ""200066124""}]",data/raw/gtfs/2026-10/65a4f5a84d649fda617ad0dd/82196.zip,True,,2026-10-09,,,,,1,False,True,True,[],"[""agency.txt"", ""calendar.txt"", ""calendar_dates.txt"", ""routes.txt"", ""stop_times.txt"", ""stops.txt"", ""trips.txt""]",False,False,2026-09-01,2027-08-28,False,40,31,"[""LIO""]","[1.7218113, 43.810438, 1.7373472, 43.832546]",2026-10-09,
63b4c3d25a09dd67fc9dde9d,fr-200052264-t0038-0000-1,Réseau urbain Le Fil,80445,https://api.grandest2.cityway.fr/exs/GTFS?Key=OPENDATA&OperatorCode=LEFIL,"[{""type"": ""epci"", ""nom"": ""CC Coeur du Pays Haut"", ""insee"": ""200070290""}, {""type"": ""epci"", ""nom"": ""CC Orne Lorraine Confluences"", ""insee"": ""200070845""}]",data/raw/gtfs/2026-10/63b4c3d25a09dd67fc9dde9d/80445.zip,True,,2026-10-09,,,,,1,False,True,True,[],"[""agency.txt"", ""calendar.txt"", ""calendar_dates.txt"", ""feed_info.txt"", ""routes.txt"", ""shapes.txt"", ""stop_times.txt"", ""stops.txt"", ""transfers.txt"", ""trips.txt""]",False,False,2026-08-05,2027-07-31,False,349,178,"[""TGE MEUSE MOSELLE""]","[5.7779691, 49.1422872, 6.0433441, 49.3698793]",2026-10-09,
676000b2afd6e8d6796cde77,donnees-transport-2024,Réseau urbain UGGO,83042,https://static.data.gouv.fr/resources/donnees-transport-2024/20260209-120436/gtfs-uggo-mtw-maj-plan-prod-02022026-2.zip,"[{""type"": ""epci"", ""nom"": ""CA du Gard Rhodanien"", ""insee"": ""200034692""}]",data/raw/gtfs/2026-10/676000b2afd6e8d6796cde77/83042.zip,True,,2026-10-09,,,,,1,False,True,True,[],"[""agency.txt"", ""calendar.txt"", ""calendar_dates.txt"", ""routes.txt"", ""stop_times.txt"", ""stops.txt"", ""trips.txt""]",False,False,2026-02-02,2026-10-17,False,704,488,"[""UGGO MOBILITE""]","[4.4163322, 43.974121, 4.7553527, 44.379641]",2026-10-09,
63b4c3d255130e7bb19dde9a,fr-200052264-t0007-0000-1,Réseau urbain Forbus,80467,https://api.grandest2.cityway.fr/exs/GTFS?Key=OPENDATA&OperatorCode=FORBUS,"[{""type"": ""epci"", ""nom"": ""CA de Forbach Porte de France"", ""insee"": ""245700372""}]",data/raw/gtfs/2026-10/63b4c3d255130e7bb19dde9a/80467.zip,True,,2026-10-09,,,,,1,False,True,True,[],"[""agency.txt"", ""calendar.txt"", ""calendar_dates.txt"", ""feed_info.txt"", ""routes.txt"", ""shapes.txt"", ""stop_times.txt"", ""stops.txt"", ""transfers.txt"", ""trips.txt""]",False,False,2026-10-06,2026-12-31,False,886,589,"[""Forbus""]","[6.707675, 49.0324982, 7.0788907, 49.2409196]",2026-10-09,
679ba2410b1e79f2fd85236d,donnee-statistiques-transport,Réseau urbain Trans Sud,83511,https://static.data.gouv.fr/resources/donnee-statistiques-transport/20260828-061127/trans-sud-gtfs.zip,"[{""type"": ""epci"", ""nom"": ""CA Grand Sud Caraïbe"", ""insee"": ""249710070""}]",data/raw/gtfs/2026-10/679ba2410b1e79f2fd85236d/83511.zip,True,,2026-10-09,,,,,1,False,True,False,[],"[""agency.txt"", ""calendar.txt"", ""calendar_dates.txt"", ""routes.txt"", ""stop_times.txt"", ""stops.txt"", ""trips.txt""]",False,False,,,,,,[],,2026-10-09,"Invalid Input Error: Error when sniffing file ""C:\Users\VALENT~1.STU\AppData\Local\Temp\gtfs-check-3egvcqoj\agency.txt"".
It was not possible to automatically detect the CSV parsing dialect
The search space used was:
Delimiter Candidates: ','
Quote/Escape Candidates: ['(no quote)','(no escape)'],['""','(no escape)'],['""','""'],['""','''],['""','\'],[''','(no escape)'],[''','''],[''','""'],[''','\']
Comment Candidates: '\0', '#'
Encoding: utf-8
Possible fixes:
* Disable the parser's strict mode (strict_mode=false) to allow reading rows that do not comply with the CSV standard.
* Make sure you are using the correct file encoding. If not, set it (e.g., encoding = 'utf-16').
* Delimiter is set to ','. Consider unsetting it.
* Set quote (e.g., quote='""')
* Set escape (e.g., escape='""')
* Set comment (e.g., comment='#')
* Set skip (skip=${n}) to skip ${n} lines at the top of the file
* Enable ignore errors (ignore_errors=true) to ignore potential errors
* Enable null padding (null_padding=true) to pad missing columns with NULL values
* Check you are using the correct file compression, otherwise set it (e.g., compression = 'zstd')
* Be sure that the maximum line size is set to an appropriate value, otherwise set it (e.g., max_line_size=10000000)
"
632a56a687192cc1b58c0d3b,offre-de-transport-ca-du-bocage-bressuirais-1,Réseau urbain Tréma,82363,https://www.pigma.org/public/opendata/nouvelle_aquitaine_mobilites/publication/ca_bocage_bressuirais-aggregated-gtfs.zip,"[{""type"": ""epci"", ""nom"": ""CA du Bocage Bressuirais"", ""insee"": ""200040244""}]",data/raw/gtfs/2026-10/632a56a687192cc1b58c0d3b/82363.zip,True,,2026-10-09,,,,,1,False,True,True,[],"[""agency.txt"", ""calendar.txt"", ""calendar_dates.txt"", ""routes.txt"", ""shapes.txt"", ""stop_times.txt"", ""stops.txt"", ""trips.txt""]",False,False,2026-09-16,2027-07-03,False,1038,371,"[""Trema (Agglo2B)""]","[-0.895435, 46.631493, -0.283808, 47.077908]",2026-10-09,
60a60327c7e5bc1ceacd5a95,reseau-urbain-scolaire-guingamp-paimpol-mobilite,Réseau urbain et scolaire Guingamp-Paimpol Mobilité,72361,https://static.data.gouv.fr/resources/reseau-urbain-scolaire-guingamp-paimpol-mobilite/20260827-162143/gpmobi-gtfs-nouveau-reseau-2026.zip,"[{""type"": ""epci"", ""nom"": ""CA Guingamp-Paimpol Agglomération de l'Armor à l'Argoat"", ""insee"": ""200067981""}]",data/raw/gtfs/2026-10/60a60327c7e5bc1ceacd5a95/72361.zip,True,,2026-10-09,,,,,1,False,True,True,[],"[""agency.txt"", ""calendar.txt"", ""calendar_dates.txt"", ""feed_info.txt"", ""routes.txt"", ""shapes.txt"", ""stop_times.txt"", ""stops.txt"", ""trips.txt""]",False,False,2026-08-28,2028-07-03,False,118,285,"[""Guingamp-Paimpol Mobilité""]","[-3.196483, 48.543272, -2.967586, 48.821057]",2026-10-09,
63b4c3d355130e7bb19dde9d,fr-200052264-t0016-0000-1,Réseau urbain Sylvia,80453,https://api.grandest2.cityway.fr/exs/GTFS?Key=OPENDATA&OperatorCode=DEOBUS,"[{""type"": ""epci"", ""nom"": ""CA de Saint-Dié-des-Vosges"", ""insee"": ""200071066""}]",data/raw/gtfs/2026-10/63b4c3d355130e7bb19dde9d/80453.zip,True,,2026-10-09,,,,,1,False,True,True,[],"[""agency.txt"", ""calendar.txt"", ""calendar_dates.txt"", ""feed_info.txt"", ""routes.txt"", ""shapes.txt"", ""stop_times.txt"", ""stops.txt"", ""transfers.txt"", ""trips.txt""]",False,False,2026-09-07,2027-09-02,False,1060,687,"[""SYLVIA""]","[6.7779885, 48.1194459, 7.152643, 48.5117879]",2026-10-09,
66ce6955a79183f15b22771c,offre-de-transport-coban,Réseau urbain Alégo,82155,https://www.pigma.org/public/opendata/nouvelle_aquitaine_mobilites/publication/coban-aggregated-gtfs.zip,"[{""type"": ""epci"", ""nom"": ""CA du Bassin d'Arcachon Nord (COBAN)"", ""insee"": ""243301504""}]",data/raw/gtfs/2026-10/66ce6955a79183f15b22771c/82155.zip,True,,2026-10-09,,,,,1,False,True,True,[],"[""agency.txt"", ""calendar.txt"", ""calendar_dates.txt"", ""routes.txt"", ""shapes.txt"", ""stop_times.txt"", ""stops.txt"", ""trips.txt""]",False,False,2026-09-05,2026-12-31,False,616,1858,"[""ALEGO (Nord Bassin)""]","[-1.254395, 44.590752, -0.813231, 44.798656]",2026-10-09,
66a0ad19939764ceea2ac82b,astrobus-lisieux-normandie,Réseau urbain Astrobus,82140,https://static.data.gouv.fr/resources/astrobus-lisieux-normandie/20260914-133425/pt-th-offer-astrobus-gtfs-20260912-304-opendata.zip,"[{""type"": ""epci"", ""nom"": ""CA Lisieux Normandie"", ""insee"": ""200069532""}]",data/raw/gtfs/2026-10/66a0ad19939764ceea2ac82b/82140.zip,True,,2026-10-09,,,,,1,False,True,True,[],"[""agency.txt"", ""attributions.txt"", ""calendar.txt"", ""calendar_dates.txt"", ""routes.txt"", ""shapes.txt"", ""stop_amenities.txt"", ""stop_times.txt"", ""stops.txt"", ""transfers.txt"", ""trips.txt""]",False,False,2026-09-12,2027-02-28,False,708,749,"[""Astrobus (Lisieux Normandie)""]","[-0.135069, 48.916253, 0.421663, 49.211093]",2026-10-09,
62bf8ab7cafeeffcada1f85d,reseau-de-bus-urbain-horizon,Réseau urbain Horizon,84169,https://data.chateauroux-metropole.fr/api/v2/catalog/datasets/reseau-de-bus-urbain_horizon/alternative_exports/gtfs_20260901_zip,"[{""type"": ""epci"", ""nom"": ""CA Châteauroux Métropole"", ""insee"": ""243600327""}]",data/raw/gtfs/2026-10/62bf8ab7cafeeffcada1f85d/84169.zip,True,,2026-10-09,,,,,1,False,True,True,[],"[""agency.txt"", ""calendar.txt"", ""calendar_dates.txt"", ""routes.txt"", ""shapes.txt"", ""stop_times.txt"", ""stops.txt"", ""trips.txt""]",False,False,2026-09-01,2027-08-31,False,509,1408,"[""HORIZON (CHATEAUROUX)""]","[1.559362, 46.673226, 1.893637, 46.894806]",2026-10-09,
5bb49085634f4115ddc9293b,horaires-reseau-zest,Réseau urbain Zest,79559,https://static.data.gouv.fr/resources/horaires-reseau-zest/20260918-080653/gtfs-prod-18092026-0807.zip,"[{""type"": ""epci"", ""nom"": ""CA de la Riviera Française"", ""insee"": ""240600551""}]",data/raw/gtfs/2026-10/5bb49085634f4115ddc9293b/79559.zip,True,,2026-10-09,,,,,1,False,True,True,[],"[""agency.txt"", ""calendar.txt"", ""calendar_dates.txt"", ""routes.txt"", ""shapes.txt"", ""stop_times.txt"", ""stops.txt"", ""trips.txt""]",False,False,2026-09-17,2027-07-04,False,716,3656,"[""Zest""]","[7.39984, 43.731873, 7.665214, 44.115023]",2026-10-09,
5d155dbe9ce2e7713bf50c0e,reseau-de-transport-transcove-de-la-communaute-dagglomeration-ventoux-comtat-venaissin,Réseau urbain Trans'CoVe,84237,https://www.datasud.fr/fr/dataset/datasets/2268/resource/7220/download/,"[{""type"": ""epci"", ""nom"": ""CA Ventoux-Comtat-Venaissin (COVE)"", ""insee"": ""248400053""}]",data/raw/gtfs/2026-10/5d155dbe9ce2e7713bf50c0e/84237.zip,True,,2026-10-09,,,,,1,False,True,True,[],"[""agency.txt"", ""calendar.txt"", ""calendar_dates.txt"", ""routes.txt"", ""stop_times.txt"", ""stops.txt"", ""trips.txt""]",False,False,2026-09-28,2026-12-31,False,756,694,"[""TRANSCOVE""]","[4.967773, 43.977947, 5.2419269, 44.2152084]",2026-10-09,
639ae5ab4056dd1ede760b6d,reseau-yego-macs,Réseau urbain Yégo,83416,https://static.data.gouv.fr/resources/reseau-yego-macs/20260629-072927/gtfs-yego-ete-2026.zip,"[{""type"": ""epci"", ""nom"": ""CC Maremne Adour Côte Sud"", ""insee"": ""244000865""}]",data/raw/gtfs/2026-10/639ae5ab4056dd1ede760b6d/83416.zip,True,,2026-10-09,,,,,1,False,True,True,[],"[""agency.txt"", ""calendar.txt"", ""calendar_dates.txt"", ""routes.txt"", ""stop_times.txt"", ""stops.txt"", ""trips.txt""]",False,False,2026-06-01,2027-01-02,False,325,371,"[""YEGO""]","[-1.4702775, 43.558454, -1.229251, 43.852104]",2026-10-09,
692ebfb06204c44ce801ed0b,le-37-horaires-theoriques-du-reseau-de-transport-urbain-de-la-communaute-de-communes-entre-bievre-et-rhone,Réseau urbain Le 37,83725,https://api.oura3.cityway.fr/dataflow/offre-tc/download?provider=PEAGE_ROUSSILLON&dataFormat=GTFS&dataProfil=OPENDATA,"[{""type"": ""epci"", ""nom"": ""CC Entre Bièvre et Rhône"", ""insee"": ""200085751""}]",data/raw/gtfs/2026-10/692ebfb06204c44ce801ed0b/83725.zip,True,,2026-10-09,,,,,1,False,True,True,[],"[""agency.txt"", ""calendar.txt"", ""calendar_dates.txt"", ""feed_info.txt"", ""routes.txt"", ""shapes.txt"", ""stop_times.txt"", ""stops.txt"", ""transfers.txt"", ""trips.txt""]",False,False,2025-12-30,2026-12-31,False,48,108,"[""LE-PEAGE-DE-ROUSSILLON - Le 37""]","[4.767354, 45.316375, 5.055932, 45.450598]",2026-10-09,
66985b97b0421c1296444b0c,offre-de-transport-cobas,Réseau urbain Baïa,82319,https://www.pigma.org/public/opendata/nouvelle_aquitaine_mobilites/publication/cobas-aggregated-gtfs.zip,"[{""type"": ""epci"", ""nom"": ""CA Bassin d'Arcachon Sud (COBAS)"", ""insee"": ""243300563""}]",data/raw/gtfs/2026-10/66985b97b0421c1296444b0c/82319.zip,True,,2026-10-09,,,,,1,False,True,True,[],"[""agency.txt"", ""calendar.txt"", ""calendar_dates.txt"", ""routes.txt"", ""shapes.txt"", ""stop_times.txt"", ""stops.txt"", ""trips.txt""]",False,False,2026-09-08,2026-12-31,False,686,1341,"[""BAIA""]","[-1.239806, 44.520813, -0.988486, 44.662716]",2026-10-09,
6a858070b7639bc72de75928,navette-estivale-saison-2026,Navettes estivales Pornic Agglomération,84185,https://static.data.gouv.fr/resources/navette-estivale-saison-2026/20260819-100745/navettes-ete-2026-v6.zip,"[{""type"": ""epci"", ""nom"": ""CA Pornic Agglo Pays de Retz"", ""insee"": ""200067346""}]",data/raw/gtfs/2026-10/6a858070b7639bc72de75928/84185.zip,True,,2026-10-09,,,,,1,False,True,True,[],"[""agency.txt"", ""calendar.txt"", ""calendar_dates.txt"", ""routes.txt"", ""shapes.txt"", ""stop_times.txt"", ""stops.txt"", ""trips.txt""]",False,False,2025-07-05,2026-08-30,True,171,127,"[""Navettes Pornic agglo""]","[-2.242275, 47.026, -1.744078, 47.216046]",2026-10-09,
60e32505bdb603a010708d6c,reseau-urbain-distribus,Réseau urbain Distribus,79528,https://static.data.gouv.fr/resources/reseau-urbain-distribus/20260821-140550/gtfs-20260821-102840-distribus.zip,"[{""type"": ""epci"", ""nom"": ""CA Lamballe Terre et Mer"", ""insee"": ""200069391""}]",data/raw/gtfs/2026-10/60e32505bdb603a010708d6c/79528.zip,True,,2026-10-09,,,,,1,False,True,True,[],"[""agency.txt"", ""calendar.txt"", ""calendar_dates.txt"", ""fare_attributes.txt"", ""fare_rules.txt"", ""feed_info.txt"", ""routes.txt"", ""shapes.txt"", ""stop_times.txt"", ""stops.txt"", ""trips.txt""]",False,False,2026-07-04,2026-12-31,False,215,491,"[""Distribus""]","[-2.562996, 48.453294, -2.405022, 48.646639]",2026-10-09,
632a56a74916728dc7eacfa6,arrets-horaires-et-parcours-theoriques-des-reseaux-naq-cog-nva-m-1,Réseau urbain Transcom,82365,https://www.pigma.org/public/opendata/nouvelle_aquitaine_mobilites/publication/ca_grand_cognac-aggregated-gtfs.zip,"[{""type"": ""epci"", ""nom"": ""CA du Grand Cognac"", ""insee"": ""200070514""}]",data/raw/gtfs/2026-10/632a56a74916728dc7eacfa6/82365.zip,True,,2026-10-09,,,,,1,False,True,True,[],"[""agency.txt"", ""calendar.txt"", ""calendar_dates.txt"", ""companies.txt"", ""routes.txt"", ""shapes.txt"", ""stop_times.txt"", ""stops.txt"", ""trips.txt""]",False,False,2026-09-26,2027-08-28,False,838,437,"[""Transcom (Grand Cognac)""]","[-0.421601, 45.522179, 0.007194, 45.796326]",2026-10-09,
6735bd14245d7deda96781d4,horaires-montelibus,Réseau urbain Montelibus,82545,https://static.data.gouv.fr/resources/horaires-montelibus/20261006-082513/gtfs-2026-10-06.zip,"[{""type"": ""epci"", ""nom"": ""CA Montélimar Agglomération"", ""insee"": ""200040459""}]",data/raw/gtfs/2026-10/6735bd14245d7deda96781d4/82545.zip,True,,2026-10-09,,,,,1,False,True,True,[],"[""agency.txt"", ""calendar.txt"", ""calendar_dates.txt"", ""routes.txt"", ""shapes.txt"", ""stop_times.txt"", ""stops.txt"", ""trips.txt""]",False,False,2026-10-05,2026-12-20,False,508,1636,"[""MONTELIBUS"", ""REGION Auvergne Rhone Alpes""]","[4.593658, 44.457462, 5.008778, 44.734587]",2026-10-09,
673c971b4f730fec5eacc517,horaires-rlv-mobilites,Réseau urbain RLV Mobilités,82547,https://static.data.gouv.fr/resources/horaires-rlv-mobilites/20260819-074157/gtfs-19-08-2026-05-45.zip,"[{""type"": ""epci"", ""nom"": ""CA Riom Limagne et Volcans"", ""insee"": ""200070753""}]",data/raw/gtfs/2026-10/673c971b4f730fec5eacc517/82547.zip,True,,2026-10-09,,,,,1,False,True,True,[],"[""agency.txt"", ""calendar.txt"", ""calendar_dates.txt"", ""routes.txt"", ""shapes.txt"", ""stop_times.txt"", ""stops.txt"", ""trips.txt""]",False,False,2026-08-05,2027-08-28,False,300,729,"[""RLV""]","[0.0, 0.0, 3.265908, 45.966011]",2026-10-09,
5bec4c588b4c4165a5e3d43d,reseau-de-transports-en-commun-de-la-communaute-dagglomeration-de-lauxerrois,Réseau urbain Léo,78934,https://static.data.gouv.fr/resources/reseau-de-transports-en-commun-de-la-communaute-dagglomeration-de-lauxerrois/20260706-062350/gtfs-mdma.zip,"[{""type"": ""epci"", ""nom"": ""CA de l'Auxerrois"", ""insee"": ""200067114""}]",data/raw/gtfs/2026-10/5bec4c588b4c4165a5e3d43d/78934.zip,True,,2026-10-09,,,,,1,False,True,True,[],"[""agency.txt"", ""calendar.txt"", ""calendar_dates.txt"", ""feed_info.txt"", ""routes.txt"", ""stop_times.txt"", ""stops.txt"", ""trips.txt""]",False,False,2026-07-06,2027-01-03,False,626,1600,"[""AuxR_M le bus""]","[3.41888516, 47.697547, 3.69321651, 47.88059997]",2026-10-09,
5b0ffbe888ee3873de5d2fc8,versions-des-horaires-theoriques-des-lignes-du-reseau-de-bus-au-format-gtfs,Réseau urbain Tanéo,81227,https://static.data.gouv.fr/resources/versions-des-horaires-theoriques-des-lignes-du-reseau-de-bus-au-format-gtfs/20260907-053329/gtfs-2026-09-v2.zip,"[{""type"": ""epci"", ""nom"": ""CA de Nevers"", ""insee"": ""245804406""}]",data/raw/gtfs/2026-10/5b0ffbe888ee3873de5d2fc8/81227.zip,True,,2026-10-09,,,,,1,False,True,True,[],"[""agency.txt"", ""calendar.txt"", ""calendar_dates.txt"", ""routes.txt"", ""shapes.txt"", ""stop_times.txt"", ""stops.txt"", ""trips.txt""]",False,False,2026-09-07,2026-12-31,False,544,1592,"[""KEOLIS""]","[3.037763, 46.903406, 3.227403, 47.106235]",2026-10-09,
5e9ff4cd897a11100789e5c3,transport-scolaire-redon-agglomeration-format-gtfs,Réseau scolaire REDON Agglomération,83126,https://static.data.gouv.fr/resources/transport-scolaire-redon-agglomeration-format-gtfs/20261002-085210/gtfs-20260830220846z.zip,"[{""type"": ""epci"", ""nom"": ""CA Redon Agglomération"", ""insee"": ""243500741""}]",data/raw/gtfs/2026-10/5e9ff4cd897a11100789e5c3/83126.zip,True,,2026-10-09,,,,,1,False,True,True,[],"[""agency.txt"", ""calendar.txt"", ""calendar_dates.txt"", ""routes.txt"", ""shapes.txt"", ""stop_times.txt"", ""stops.txt"", ""trips.txt""]",False,False,2026-09-01,2027-07-02,False,1821,349,"[""LINEVIA GUER"", ""LINEVIA SAVENAY"", ""MAURY 56"", ""MAURY44"", ""NOR et VIA"", ""ORAIN"", ""RGO"", ""Reseau TER - Pays de la Loire"", ""VOYAGES CAVE""]","[-2.2853923, 47.508587, -1.7230122, 47.86322]",2026-10-09,
68639a4dd9fa16cf1be741ad,reseau-urbain-de-redon-agglomeration,Réseau urbain RED,83512,https://static.data.gouv.fr/resources/reseau-urbain-de-redon-agglomeration/20251017-090411/518-20251014.zip,"[{""type"": ""epci"", ""nom"": ""CA Redon Agglomération"", ""insee"": ""243500741""}]",data/raw/gtfs/2026-10/68639a4dd9fa16cf1be741ad/83512.zip,True,,2026-10-09,,,,,1,False,True,True,[],"[""agency.txt"", ""calendar.txt"", ""calendar_dates.txt"", ""feed_info.txt"", ""routes.txt"", ""shapes.txt"", ""stop_times.txt"", ""stops.txt"", ""trips.txt""]",False,False,2025-10-14,2026-12-31,False,111,79,"[""RED""]","[-2.1735779, 47.6297489, -2.0003096, 47.6945251]",2026-10-09,
66e4d27756fdff01d8227709,lineotim-morlaix-communaute,Réseau urbain Linéotim,82291,https://www.korrigo.bzh/ftp/OPENDATA/LINEOTIM_Complet.gtfs.zip,"[{""type"": ""epci"", ""nom"": ""CA Morlaix Communauté"", ""insee"": ""242900835""}]",data/raw/gtfs/2026-10/66e4d27756fdff01d8227709/82291.zip,True,,2026-10-09,,,,,1,False,True,True,[],"[""agency.txt"", ""calendar_dates.txt"", ""feed_info.txt"", ""routes.txt"", ""shapes.txt"", ""stop_times.txt"", ""stops.txt"", ""transfers.txt"", ""trips.txt""]",False,False,2026-10-09,2027-07-03,False,583,446,"[""Linéotim (Morlaix périurbain)"", ""Linéotim (Morlaix urbain)"", ""LinéotimL30 (Morlaix)""]","[-3.9692, 0.0, 0.0, 48.71194]",2026-10-09,
69afe32b8f680dbbe2a4f898,transport-urbain-sud-sainte-baume,Réseau urbain Sud Sainte Baume,83893,https://www.datasud.fr/fr/dataset/datasets/4682/resource/6530/download/,"[{""type"": ""epci"", ""nom"": ""CA Sud Sainte Baume"", ""insee"": ""248300394""}]",data/raw/gtfs/2026-10/69afe32b8f680dbbe2a4f898/83893.zip,True,,2026-10-09,,,,,1,False,True,True,[],"[""agency.txt"", ""attributions.txt"", ""calendar.txt"", ""calendar_dates.txt"", ""routes.txt"", ""shapes.txt"", ""stop_times.txt"", ""stops.txt"", ""trips.txt""]",False,False,2025-09-01,2027-06-30,False,484,125,"[""Transports urbains""]","[5.6753, 43.11655, 5.88377, 43.298198]",2026-10-09,
685cf81c5dac32ff8e0b7cee,reseau-ca2bm-a-compter-du-1er-juin-2025,Réseau urbain CA2BM,83315,https://static.data.gouv.fr/resources/reseau-ca2bm-a-compter-du-1er-juin-2025/20260715-075301/ca2bm-lignes-regulieres-v32-ter-modif-gtfs-gtfs-2026-07-15-09-48-30.zip,"[{""type"": ""epci"", ""nom"": ""CA des Deux Baies en Montreuillois"", ""insee"": ""200069029""}]",data/raw/gtfs/2026-10/685cf81c5dac32ff8e0b7cee/83315.zip,True,,2026-10-09,,,,,1,False,True,True,[],"[""agency.txt"", ""calendar.txt"", ""calendar_dates.txt"", ""routes.txt"", ""shapes.txt"", ""stop_times.txt"", ""stops.txt"", ""trips.txt"", ""trips_extensions.txt""]",False,False,2025-06-01,2027-07-02,False,575,182,"[""CA2BM Lignes Régulières""]","[1.56201, 1.59428, 50.48467, 50.57546]",2026-10-09,
632a56a7a0eb7f886aeacfa7,arrets-horaires-et-parcours-theoriques-des-reseaux-naq-roc-nva-m-1,Réseau urbain R'Bus,82367,https://www.pigma.org/public/opendata/nouvelle_aquitaine_mobilites/publication/ca_rochefort_ocean-aggregated-gtfs.zip,"[{""type"": ""epci"", ""nom"": ""CA Rochefort Océan"", ""insee"": ""200041762""}]",data/raw/gtfs/2026-10/632a56a7a0eb7f886aeacfa7/82367.zip,True,,2026-10-09,,,,,1,False,True,True,[],"[""agency.txt"", ""calendar.txt"", ""calendar_dates.txt"", ""routes.txt"", ""shapes.txt"", ""stop_times.txt"", ""stops.txt"", ""transfers.txt"", ""trips.txt""]",False,False,2026-10-05,2026-12-31,False,536,1030,"[""R'bus (Rochefort Océan)""]","[-1.1191, 45.787701, -0.7704, 46.0378]",2026-10-09,
697ccf65f37d40ebc8c8aa98,donnees-du-reseau-de-transport-aleo,Réseau urbain Aléo,83839,https://api.pysae.com/api/v4/groups/moulins/gtfs/pub,"[{""type"": ""epci"", ""nom"": ""CA Moulins Communauté"", ""insee"": ""200071140""}]",data/raw/gtfs/2026-10/697ccf65f37d40ebc8c8aa98/83839.zip,True,,2026-10-09,,,,,1,False,True,True,[],"[""agency.txt"", ""calendar.txt"", ""calendar_dates.txt"", ""routes.txt"", ""shapes.txt"", ""stop_times.txt"", ""stops.txt"", ""trips.txt""]",False,False,2026-08-31,2027-07-03,False,468,1255,"[""Aléo""]","[3.28514231, 46.5062, 3.44591975, 46.6358]",2026-10-09,
687aec884e4a0dd29c55372d,reseau-de-transport-en-commun-trans-agglo-de-dlva,Réseau urbain et interurbain Trans'Agglo,83291,https://www.datasud.fr/fr/dataset/datasets/3941/resource/5123/download/,"[{""type"": ""epci"", ""nom"": ""CA Durance-Lubéron-Verdon Agglomération"", ""insee"": ""200034700""}]",data/raw/gtfs/2026-10/687aec884e4a0dd29c55372d/83291.zip,True,,2026-10-09,,,,,2,True,True,True,[],"[""agency.txt"", ""calendar.txt"", ""calendar_dates.txt"", ""routes.txt"", ""stop_times.txt"", ""stops.txt"", ""transfers.txt"", ""trips.txt""]",False,False,2026-02-03,2026-12-31,False,241,586,"[""TRANSAGGLO""]","[5.6945710437, 43.6999108837, 6.1286750424, 43.9727068837]",2026-10-09,
687aec884e4a0dd29c55372d,reseau-de-transport-en-commun-trans-agglo-de-dlva,Réseau urbain et interurbain Trans'Agglo,83789,https://static.data.gouv.fr/resources/reseau-de-transport-en-commun-trans-agglo-de-dlva/20260107-075252/gtfs-695e0e00e75be-0701.zip,"[{""type"": ""epci"", ""nom"": ""CA Durance-Lubéron-Verdon Agglomération"", ""insee"": ""200034700""}]",data/raw/gtfs/2026-10/687aec884e4a0dd29c55372d/83789.zip,True,,2026-10-09,,,,,2,True,True,True,[],"[""agency.txt"", ""attributions.txt"", ""calendar.txt"", ""calendar_dates.txt"", ""routes.txt"", ""shapes.txt"", ""stop_times.txt"", ""stops.txt"", ""trips.txt""]",False,False,2024-05-04,2026-12-31,False,263,635,"[""TRANSAGGLO""]","[5.694571, 43.699911, 6.128675, 43.972707]",2026-10-09,
6a22836013f1fd880c041222,duobus-horaires-du-reseau-doyonnax-01,Réseau urbain Duobus,84112,https://api.oura3.cityway.fr/dataflow/offre-tc/download?provider=OYONNAX&dataFormat=GTFS&dataProfil=OPENDATA,"[{""type"": ""epci"", ""nom"": ""CA Haut-Bugey Agglomération"", ""insee"": ""200042935""}]",data/raw/gtfs/2026-10/6a22836013f1fd880c041222/84112.zip,True,,2026-10-09,,,,,1,False,True,True,[],"[""agency.txt"", ""calendar.txt"", ""calendar_dates.txt"", ""feed_info.txt"", ""routes.txt"", ""shapes.txt"", ""stop_times.txt"", ""stops.txt"", ""transfers.txt"", ""trips.txt""]",False,False,2026-01-26,2027-12-31,False,145,225,"[""OYONNAX - DUOBUS""]","[5.6066674, 46.20922, 5.68203, 46.3218212]",2026-10-09,
664f4eefa1d5dcbfa43655d9,horaires-theoriques-du-reseau-tgl,Réseau urbain TGL,84148,https://static.data.gouv.fr/resources/horaires-theoriques-du-reseau-tgl/20260813-140904/septembre-2026.zip,"[{""type"": ""epci"", ""nom"": ""CA Grand Longwy Agglomération"", ""insee"": ""245400262""}]",data/raw/gtfs/2026-10/664f4eefa1d5dcbfa43655d9/84148.zip,True,,2026-10-09,,,,,1,False,True,True,[],"[""agency.txt"", ""attributions.txt"", ""calendar.txt"", ""calendar_dates.txt"", ""routes.txt"", ""shapes.txt"", ""stop_times.txt"", ""stops.txt"", ""trips.txt""]",False,False,2026-06-29,2027-07-03,False,779,381,"[""TGE"", ""TGL""]","[5.647135, 49.40398, 5.9379, 49.551195]",2026-10-09,
68c28089c27ce940258e2133,gtfs-reseau-arc-en-ciel-secteur-nord-perimetre-caudresis-catesis,Réseau urbain Arc-en-ciel - Périmètre Caudrésis-Catésis,83396,https://static.data.gouv.fr/resources/gtfs-reseau-arc-en-ciel-secteur-nord-perimetre-caudresis-catesis/20260907-063629/rhdf-gtfs-com-sco-59-p3b.zip,"[{""type"": ""epci"", ""nom"": ""CA du Caudrésis et du Catésis"", ""insee"": ""200030633""}]",data/raw/gtfs/2026-10/68c28089c27ce940258e2133/83396.zip,True,,2026-10-09,,,,,1,False,True,True,[],"[""agency.txt"", ""calendar.txt"", ""calendar_dates.txt"", ""feed_info.txt"", ""routes.txt"", ""shapes.txt"", ""stop_times.txt"", ""stops.txt"", ""thermometre.txt"", ""timetables.txt"", ""trips.txt""]",False,False,2026-09-01,2027-08-31,False,503,181,"[""RHDF-59-P3B""]","[3.2917, 50.0285204614337, 3.6811149, 50.209190040115]",2026-10-09,
63b4c3d25e8da006139dde9a,fr-200052264-t0001-0000-1,Réseau urbain CABUS,80469,https://api.grandest2.cityway.fr/exs/GTFS?Key=OPENDATA&OperatorCode=CABUS,"[{""type"": ""epci"", ""nom"": ""CA Sarreguemines Confluences"", ""insee"": ""200070746""}]",data/raw/gtfs/2026-10/63b4c3d25e8da006139dde9a/80469.zip,True,,2026-10-09,,,,,1,False,True,True,[],"[""agency.txt"", ""calendar.txt"", ""calendar_dates.txt"", ""feed_info.txt"", ""routes.txt"", ""shapes.txt"", ""stop_times.txt"", ""stops.txt"", ""transfers.txt"", ""trips.txt""]",False,False,2026-01-16,2026-12-31,False,571,495,"[""CABUS""]","[6.8677, 48.9530197, 7.190332, 49.1646382]",2026-10-09,
5c516d8a634f41284daa2402,offre-de-transports-urbain-du-reseau-amelys-gtfs,Réseau urbain Amelys,83326,https://static.data.gouv.fr/resources/offre-de-transports-urbain-du-reseau-amelys-gtfs/20260817-092242/gtfs-standard-06-07-2026-04-07-2027.zip,"[{""type"": ""epci"", ""nom"": ""CA Montargoise et Rives du Loing (AME)"", ""insee"": ""244500203""}]",data/raw/gtfs/2026-10/5c516d8a634f41284daa2402/83326.zip,True,,2026-10-09,,,,,1,False,True,True,[],"[""agency.txt"", ""calendar.txt"", ""calendar_dates.txt"", ""feed_info.txt"", ""routes.txt"", ""stop_times.txt"", ""stops.txt"", ""trips.txt""]",False,False,2026-07-06,2026-12-19,False,806,1277,"[""Amelys (Montargis)""]","[2.60975718, 47.906, 2.8132801, 48.05113051]",2026-10-09,
63529c6ab75d6b3dbdc8e220,via-bastia-1,Réseau urbain Via Bastia,83962,https://static.data.gouv.fr/resources/via-bastia-1/20260925-065602/viabastia-viabastia-v8-7-gtfs-2026-09-24-15-47-48.zip,"[{""type"": ""epci"", ""nom"": ""CA de Bastia"", ""insee"": ""242000354""}]",data/raw/gtfs/2026-10/63529c6ab75d6b3dbdc8e220/83962.zip,True,,2026-10-09,,,,,1,False,True,True,[],"[""agency.txt"", ""calendar.txt"", ""calendar_dates.txt"", ""routes.txt"", ""shapes.txt"", ""stop_times.txt"", ""stops.txt"", ""trips.txt""]",False,False,2026-06-01,2027-01-01,False,324,994,"[""VIABASTIA""]","[9.412804, 9.488801, 42.808122, 42.808122]",2026-10-09,
6a60de39435de98c1708fe89,tra-mobilite-horaires-du-reseau-dalbertville,Réseau urbain TRA Mobilité,84135,https://api.oura3.cityway.fr/dataflow/offre-tc/download?provider=ARLYSERE&dataFormat=GTFS&dataProfil=OPENDATA,"[{""type"": ""epci"", ""nom"": ""CA Arlysère"", ""insee"": ""200068997""}]",data/raw/gtfs/2026-10/6a60de39435de98c1708fe89/84135.zip,True,,2026-10-09,,,,,1,False,True,True,[],"[""agency.txt"", ""calendar.txt"", ""calendar_dates.txt"", ""feed_info.txt"", ""routes.txt"", ""shapes.txt"", ""stop_times.txt"", ""stops.txt"", ""transfers.txt"", ""trips.txt""]",False,False,2026-01-02,2026-12-31,False,309,470,"[""ALBERTVILLE - TRA Mobilité""]","[6.2393, 45.5647, 6.5743, 45.7549]",2026-10-09,
64a714c26b6c9709cb559444,donnees-theoriques-et-temps-reel-du-reseau-pass-thelle-bus-communaute-de-communes-thelloise,Réseau urbain PassThelle Bus,81068,https://api.oisemob.cityway.fr/dataflow/offre-tc/download?provider=PASSTHELLE&dataFormat=GTFS&dataProfil=OPENDATA,"[{""type"": ""epci"", ""nom"": ""CC Thelloise"", ""insee"": ""200067973""}]",data/raw/gtfs/2026-10/64a714c26b6c9709cb559444/81068.zip,True,,2026-10-09,,,,,2,True,True,True,[],"[""agency.txt"", ""calendar.txt"", ""calendar_dates.txt"", ""routes.txt"", ""shapes.txt"", ""stop_times.txt"", ""stops.txt"", ""transfers.txt"", ""trips.txt""]",False,False,2026-10-05,2026-12-31,False,33,99,"[""Pass'Thelle Bus - C.C. Thelloise""]","[2.229656, 49.149086, 2.303546, 49.233725]",2026-10-09,
64a714c26b6c9709cb559444,donnees-theoriques-et-temps-reel-du-reseau-pass-thelle-bus-communaute-de-communes-thelloise,Réseau urbain PassThelle Bus,81648,https://api.oisemob.cityway.fr/dataflow/tad/download?provider=PASSTHELLE&dataFormat=gtfs,"[{""type"": ""epci"", ""nom"": ""CC Thelloise"", ""insee"": ""200067973""}]",data/raw/gtfs/2026-10/64a714c26b6c9709cb559444/81648.zip,True,,2026-10-09,,,,,2,True,True,True,[],"[""agency.txt"", ""calendar.txt"", ""calendar_dates.txt"", ""location_groups.txt"", ""locations.geojson"", ""routes.txt"", ""stop_times.txt"", ""stops.txt"", ""trips.txt""]",True,False,2021-08-05,9999-12-31,False,182,41,"[""Pass'Thelle Bus - C.C. Thelloise""]","[2.0724, 49.145375, 2.4587023, 49.45105]",2026-10-09,
632a56a6a0eb7f886aeacfa4,offre-de-transport-ca-bergeracoise-1,Réseau urbain TUB,82373,https://www.pigma.org/public/opendata/nouvelle_aquitaine_mobilites/publication/ca_bergeracoise-aggregated-gtfs.zip,"[{""type"": ""epci"", ""nom"": ""CA Bergeracoise"", ""insee"": ""200070647""}]",data/raw/gtfs/2026-10/632a56a6a0eb7f886aeacfa4/82373.zip,True,,2026-10-09,,,,,1,False,True,True,[],"[""agency.txt"", ""calendar.txt"", ""calendar_dates.txt"", ""routes.txt"", ""shapes.txt"", ""stop_times.txt"", ""stops.txt"", ""trips.txt""]",False,False,2026-03-28,2026-12-31,False,137,65,"[""TUB (Bergerac)""]","[0.375807, 44.825706, 0.540536, 44.873878]",2026-10-09,
632a56a744e491b8ebeacfa6,arrets-horaires-et-parcours-theoriques-des-reseaux-naq-vdg-nva-m-1,Réseau urbain Evalys,82370,https://www.pigma.org/public/opendata/nouvelle_aquitaine_mobilites/publication/ca_val_de_garonne-aggregated-gtfs.zip,"[{""type"": ""epci"", ""nom"": ""CA Val de Garonne Agglomération"", ""insee"": ""200030674""}]",data/raw/gtfs/2026-10/632a56a744e491b8ebeacfa6/82370.zip,True,,2026-10-09,,,,,1,False,True,True,[],"[""agency.txt"", ""calendar.txt"", ""calendar_dates.txt"", ""routes.txt"", ""shapes.txt"", ""stop_times.txt"", ""stops.txt"", ""trips.txt""]",False,False,2026-03-11,2026-12-31,False,223,286,"[""Evalys Mobilites Val de Garonne""]","[0.096024, 44.386127, 0.324753, 44.530159]",2026-10-09,
5d1cb6fb6f444158e85ac0de,horaires-theoriques-et-temps-reel-du-reseau-buss-saintes-gtfs-gtfs-rt,Réseau urbain Buss,12601,https://zenbus.net/gtfs/static/download.zip?dataset=buss-cdasaintes,"[{""type"": ""epci"", ""nom"": ""CA \""Saintes - Grandes Rives - L'Agglo\"""", ""insee"": ""200036473""}]",data/raw/gtfs/2026-10/5d1cb6fb6f444158e85ac0de/12601.zip,True,,2026-10-09,,,,,1,False,True,True,[],"[""agency.txt"", ""calendar.txt"", ""calendar_dates.txt"", ""feed_info.txt"", ""frequencies.txt"", ""routes.txt"", ""shapes.txt"", ""stop_times.txt"", ""stops.txt"", ""trips.txt""]",False,False,2026-07-30,2026-12-31,False,552,1128,"[""RD SAINTES""]","[-0.818986, 45.643213, -0.375519, 45.822612]",2026-10-09,
632a56a78a907ff3d4eacfa7,arrets-horaires-et-parcours-theoriques-des-reseaux-naq-sai-nva-m-1,Réseau urbain BUSS,82375,https://www.pigma.org/public/opendata/nouvelle_aquitaine_mobilites/publication/ca_saintes-aggregated-gtfs.zip,"[{""type"": ""epci"", ""nom"": ""CA \""Saintes - Grandes Rives - L'Agglo\"""", ""insee"": ""200036473""}]",data/raw/gtfs/2026-10/632a56a78a907ff3d4eacfa7/82375.zip,True,,2026-10-09,,,,,1,False,True,True,[],"[""agency.txt"", ""calendar_dates.txt"", ""routes.txt"", ""shapes.txt"", ""stop_times.txt"", ""stops.txt"", ""trips.txt""]",False,False,2026-10-05,2027-10-07,False,230,859,"[""BUSS (Saintes)""]","[-0.677651, 45.720169, -0.603401, 45.783089]",2026-10-09,
6a96dffbcaf655ae9a2b46d2,donnees-gtfs-reseau-topaz,Réseau urbain et scolaire - ToPAz,84230,https://static.data.gouv.fr/resources/donnees-gtfs-reseau-topaz/20261008-085929/gtfs-20261008a-topostudio.zip,"[{""type"": ""epci"", ""nom"": ""CA Terre de Provence"", ""insee"": ""200035087""}]",data/raw/gtfs/2026-10/6a96dffbcaf655ae9a2b46d2/84230.zip,True,,2026-10-09,,,,,1,False,True,True,[],"[""agency.txt"", ""attributions.txt"", ""calendar.txt"", ""calendar_dates.txt"", ""routes.txt"", ""shapes.txt"", ""stop_times.txt"", ""stops.txt"", ""trips.txt""]",False,False,2024-09-01,2027-07-31,False,164,246,"[""Terre de Provence Agglomération""]","[4.7422923, 43.7888623, 5.0327139, 43.9081409]",2026-10-09,
66794be70cbcd135b68c0282,horaires-du-reseau-de-bus-intercom-3,Réseau urbain Intercom,81898,https://static.data.gouv.fr/resources/horaires-du-reseau-de-bus-intercom-3/20260916-151944/gtfs-20260916-171451-open-data.zip,"[{""type"": ""epci"", ""nom"": ""CA du Grand Sénonais"", ""insee"": ""248900334""}]",data/raw/gtfs/2026-10/66794be70cbcd135b68c0282/81898.zip,True,,2026-10-09,,,,,1,False,True,True,[],"[""LogDiffChemin.txt"", ""agency.txt"", ""calendar.txt"", ""calendar_dates.txt"", ""fare_attributes.txt"", ""fare_rules.txt"", ""feed_info.txt"", ""routes.txt"", ""shapes.txt"", ""stop_times.txt"", ""stops.txt"", ""trips.txt""]",False,False,2026-09-16,2026-12-31,False,466,903,"[""INTERCOM""]","[3.21086, 48.04493, 3.462651, 48.259124]",2026-10-09,
5f3e9f003caad471591e541f,horaires-theoriques-et-reel-du-reseau-maelis-montlucon-communaute-gtfs,Réseau urbain Maelis,84114,https://static.data.gouv.fr/resources/horaires-theoriques-et-reel-du-reseau-maelis-montlucon-communaute-gtfs/20260903-080657/gtfs-2026-08-31-au-2027-01-03.zip,"[{""type"": ""epci"", ""nom"": ""CA Montluçon Communauté"", ""insee"": ""200071082""}]",data/raw/gtfs/2026-10/5f3e9f003caad471591e541f/84114.zip,True,,2026-10-09,,,,,2,True,True,True,[],"[""agency.txt"", ""calendar.txt"", ""calendar_dates.txt"", ""feed_info.txt"", ""routes.txt"", ""stop_times.txt"", ""stops.txt"", ""trips.txt""]",False,False,2026-08-31,2027-01-03,False,730,661,"[""Maelis""]","[2.5068403, 46.16450016, 2.72476253, 46.404847]",2026-10-09,
5f3e9f003caad471591e541f,horaires-theoriques-et-reel-du-reseau-maelis-montlucon-communaute-gtfs,Réseau urbain Maelis,84065,https://saeiv-p01.navocap.com/NvpGTFS/72/api/static/getzip,"[{""type"": ""epci"", ""nom"": ""CA Montluçon Communauté"", ""insee"": ""200071082""}]",data/raw/gtfs/2026-10/5f3e9f003caad471591e541f/84065.zip,True,,2026-10-09,,,,,2,True,True,True,[],"[""agency.txt"", ""calendar.txt"", ""calendar_dates.txt"", ""routes.txt"", ""shapes.txt"", ""stop_times.txt"", ""stops.txt"", ""trips.txt""]",False,False,2026-10-05,2027-01-03,False,458,687,"[""Maelis""]","[2.506791, 46.1645, 2.724763, 46.404847]",2026-10-09,
6a2bb945f9c07a372b6b71c3,arche-agglo-le-bus-horaires-du-reseau-de-lagglomeration-de-tain-tournon-07,Réseau urbain Arche Agglo,84226,https://api.oura3.cityway.fr/dataflow/offre-tc/download?provider=TAIN_TOURNON&dataFormat=GTFS&dataProfil=OPENDATA,"[{""type"": ""epci"", ""nom"": ""CA Arche Agglo"", ""insee"": ""200073096""}]",data/raw/gtfs/2026-10/6a2bb945f9c07a372b6b71c3/84226.zip,True,,2026-10-09,,,,,1,False,True,True,[],"[""agency.txt"", ""calendar.txt"", ""calendar_dates.txt"", ""feed_info.txt"", ""routes.txt"", ""shapes.txt"", ""stop_times.txt"", ""stops.txt"", ""transfers.txt"", ""trips.txt""]",False,False,2026-09-01,2027-08-31,False,100,99,"[""TAIN-TOURNON - ARCHE AGGLO LE BUS""]","[4.534344, 45.002995, 5.055, 45.1483333]",2026-10-09,
6937ef2d6cf3777e01ff9ab6,uba-horaires-navettes-maritimes,Navettes maritimes - UBA,84043,https://static.data.gouv.fr/resources/uba-horaires-navettes-maritimes/20260522-125551/uniondes-arcachon-fr-3-.zip,"[{""type"": ""commune"", ""nom"": ""Andernos-les-Bains"", ""insee"": ""33005""}, {""type"": ""commune"", ""nom"": ""Arcachon"", ""insee"": ""33009""}, {""type"": ""commune"", ""nom"": ""La Teste-de-Buch"", ""insee"": ""33529""}, {""type"": ""commune"", ""nom"": ""Lège-Cap-Ferret"", ""insee"": ""33236""}]",data/raw/gtfs/2026-10/6937ef2d6cf3777e01ff9ab6/84043.zip,True,,2026-10-09,,,,,1,False,True,True,[],"[""._agency.txt"", ""._calendar_dates.txt"", ""._feed_info.txt"", ""._routes.txt"", ""._shapes.txt"", ""._stop_times.txt"", ""._stops.txt"", ""._trips.txt"", ""agency.txt"", ""calendar_dates.txt"", ""feed_info.txt"", ""routes.txt"", ""shapes.txt"", ""stop_times.txt"", ""stops.txt"", ""trips.txt""]",False,False,2026-04-04,2027-04-02,False,5,9572,"[""UBA""]","[-1.2368569, 44.6417176, -1.1015619, 44.7386599]",2026-10-09,
5e3836e88b4c41404eb3d9aa,lignes-arrets-et-horaires-theorique-du-reseau-de-transport-gtfs-et-netex-les-sables-dolonne-agglomeration,Réseau urbain Oléane,81421,https://mobi-iti-pdl.okina.fr/static/mobiiti_les_sables_d_olonne/gtfs_imported-id_oleane.zip,"[{""type"": ""epci"", ""nom"": ""CA Les Sables d'Olonne Agglomération"", ""insee"": ""200071165""}]",data/raw/gtfs/2026-10/5e3836e88b4c41404eb3d9aa/81421.zip,True,,2026-10-09,,,,,1,False,True,True,[],"[""agency.txt"", ""calendar_dates.txt"", ""frequencies.txt"", ""routes.txt"", ""stop_times.txt"", ""stops.txt"", ""trips.txt""]",False,False,2026-07-08,2027-07-02,False,500,855,"[""OLEANE""]","[-1.829615, 46.465977, -1.669963, 46.608971]",2026-10-09,
63ea593a1fe7dde0473db640,reseau-couralin-grand-dax-1,Réseau urbain Couralin,83418,https://static.data.gouv.fr/resources/reseau-couralin-grand-dax-1/20260629-073939/gtfs-dax-couralin.zip,"[{""type"": ""epci"", ""nom"": ""CA du Grand Dax"", ""insee"": ""244000675""}]",data/raw/gtfs/2026-10/63ea593a1fe7dde0473db640/83418.zip,True,,2026-10-09,,,,,1,False,True,True,[],"[""agency.txt"", ""calendar.txt"", ""calendar_dates.txt"", ""routes.txt"", ""stop_times.txt"", ""stops.txt"", ""trips.txt""]",False,False,2026-06-01,2027-01-02,False,440,534,"[""COURALIN - Grand DAX  (RRTL)""]","[-1.111668, 43.666353, -0.98718469, 43.781846]",2026-10-09,
63f7431da3834376a5947aae,tbk-offre-theorique-et-temps-reel-du-reseau-de-transports-du-pays-de-quimperle,Réseau urbain TBK,80671,https://s3.eu-west-1.amazonaws.com/files.orchestra.ratpdev.com/networks/tbk/exports/export-pan.zip,"[{""type"": ""epci"", ""nom"": ""CA Quimperlé Communauté"", ""insee"": ""242900694""}]",data/raw/gtfs/2026-10/63f7431da3834376a5947aae/80671.zip,True,,2026-10-09,,,,,1,False,True,True,[],"[""agency.txt"", ""calendar.txt"", ""calendar_dates.txt"", ""feed_info.txt"", ""routes.txt"", ""shapes.txt"", ""stop_times.txt"", ""stops.txt"", ""trips.txt""]",False,False,2026-08-29,2027-01-02,False,790,490,"[""RATP DEV""]","[-3.805557, 47.76648, -3.332212, 48.086078]",2026-10-09,
66e0260f3a4a422bee0f8a33,reseau-transport-urbain-du-nord-grande-terre-1,Réseau urbain TUNGT,83020,https://static.data.gouv.fr/resources/reseau-transport-urbain-du-nord-grande-terre-1/20260128-152453/urbaincangtv7-v73-gtfs-20260127.zip,"[{""type"": ""epci"", ""nom"": ""CA du Nord Grande Terre"", ""insee"": ""200044691""}]",data/raw/gtfs/2026-10/66e0260f3a4a422bee0f8a33/83020.zip,True,,2026-10-09,,,,,1,False,True,True,[],"[""agency.txt"", ""calendar.txt"", ""calendar_dates.txt"", ""routes.txt"", ""shapes.txt"", ""stop_times.txt"", ""stops.txt"", ""trips.txt"", ""trips_extensions.txt""]",False,False,2026-01-02,2026-12-31,False,396,171,"[""Urbain CANGT V7""]","[-61.53089274, -61.4877602, 16.464756, 16.473266]",2026-10-09,
65ddee1b3bc982d7e9dbb78b,cherpa-horaires-lignes-regulieres,Réseau urbain Cherpa,81643,https://static.data.gouv.fr/resources/cherpa-horaires-lignes-regulieres/20251218-155013/gtfs-cherpa-20251215-au-20260831.zip,"[{""type"": ""epci"", ""nom"": ""CA Agglo Pays d'Issoire"", ""insee"": ""200070407""}]",data/raw/gtfs/2026-10/65ddee1b3bc982d7e9dbb78b/81643.zip,True,,2026-10-09,,,,,1,False,True,True,[],"[""agency.txt"", ""calendar.txt"", ""calendar_dates.txt"", ""feed_info.txt"", ""routes.txt"", ""stop_times.txt"", ""stops.txt"", ""trips.txt""]",False,False,2025-12-15,2026-12-31,False,47,66,"[""Agglo Pays d'Issoire""]","[3.21581312, 45.54160082, 3.26688316, 45.55095658]",2026-10-09,
61c065936154db12e7e1359d,transport-du-reseau-urbain-agglobus-et-de-transports-scolaires-gtfs,Réseau urbain et scolaire Agglobus,81175,https://static.data.gouv.fr/resources/transport-du-reseau-urbain-agglobus-et-de-transports-scolaires-gtfs/20260828-083337/gtfs-rodezagglo.zip,"[{""type"": ""epci"", ""nom"": ""CA Rodez Agglomération"", ""insee"": ""241200187""}]",data/raw/gtfs/2026-10/61c065936154db12e7e1359d/81175.zip,True,,2026-10-09,,,,,1,False,True,True,[],"[""agency.txt"", ""calendar.txt"", ""calendar_dates.txt"", ""routes.txt"", ""shapes.txt"", ""stop_times.txt"", ""stops.txt"", ""trips.txt""]",False,False,2026-08-31,2027-01-03,False,314,2526,"[""SATAR""]","[2.505544307284786, 44.287290359570264, 2.6291803827899356, 44.40519354137021]",2026-10-09,
588a238d88ee3846659b81a4,reseau-urbain-surf,Réseau urbain SURF,64280,https://static.data.gouv.fr/resources/reseau-urbain-surf/20260921-083431/gtfs-20260921-103347-surf.zip,"[{""type"": ""epci"", ""nom"": ""CA Fougères Agglomération"", ""insee"": ""200072452""}]",data/raw/gtfs/2026-10/588a238d88ee3846659b81a4/64280.zip,True,,2026-10-09,,,,,1,False,True,True,[],"[""agency.txt"", ""calendar.txt"", ""calendar_dates.txt"", ""fare_attributes.txt"", ""fare_rules.txt"", ""feed_info.txt"", ""routes.txt"", ""shapes.txt"", ""stop_times.txt"", ""stops.txt"", ""trips.txt""]",False,False,2026-09-01,2027-08-31,False,240,774,"[""SURF""]","[-1.234321, 48.319667, -1.147296, 48.37095]",2026-10-09,
632a56a75dfc2ff050eacfa6,arrets-horaires-et-parcours-theoriques-des-reseaux-naq-mdm-nva-m-1,Réseau urbain Movima,82377,https://www.pigma.org/public/opendata/nouvelle_aquitaine_mobilites/publication/ca_du_marsan-aggregated-gtfs.zip,"[{""type"": ""epci"", ""nom"": ""CA Mont de Marsan Agglomération"", ""insee"": ""244000808""}]",data/raw/gtfs/2026-10/632a56a75dfc2ff050eacfa6/82377.zip,True,,2026-10-09,,,,,1,False,True,True,[],"[""agency.txt"", ""calendar.txt"", ""calendar_dates.txt"", ""routes.txt"", ""shapes.txt"", ""stop_times.txt"", ""stops.txt"", ""trips.txt""]",False,False,2026-09-07,2026-12-19,False,364,451,"[""MOVIMA""]","[-0.52789, 43.862087, -0.443907, 43.927795]",2026-10-09,
63b4c3d274694a83b49dde9c,fr-200052264-t0010-0000-1,Réseau urbain Ticéa,80477,https://api.grandest2.cityway.fr/exs/GTFS?Key=OPENDATA&OperatorCode=SDZ,"[{""type"": ""epci"", ""nom"": ""CA du Grand Saint-Dizier Der et Vallées"", ""insee"": ""200068666""}]",data/raw/gtfs/2026-10/63b4c3d274694a83b49dde9c/80477.zip,True,,2026-10-09,,,,,1,False,True,True,[],"[""agency.txt"", ""calendar.txt"", ""calendar_dates.txt"", ""feed_info.txt"", ""routes.txt"", ""shapes.txt"", ""stop_times.txt"", ""stops.txt"", ""transfers.txt"", ""trips.txt""]",False,False,2026-09-07,2027-07-09,False,214,198,"[""RESEAU URBAIN TICEA""]","[4.8660971, 48.4933279, 4.9900686, 48.6560669]",2026-10-09,
649404cdbf4319d37e474f98,donnees-theoriques-et-temps-reel-du-reseau-mobi-communaute-de-communes-du-pays-de-valois,Réseau urbain Mobi,81058,https://api.oisemob.cityway.fr/dataflow/offre-tc/download?provider=CYPRE&dataFormat=GTFS&dataProfil=OPENDATA,"[{""type"": ""epci"", ""nom"": ""CC du Pays de Valois"", ""insee"": ""246000871""}]",data/raw/gtfs/2026-10/649404cdbf4319d37e474f98/81058.zip,True,,2026-10-09,,,,,1,False,True,True,[],"[""agency.txt"", ""calendar.txt"", ""calendar_dates.txt"", ""routes.txt"", ""shapes.txt"", ""stop_times.txt"", ""stops.txt"", ""transfers.txt"", ""trips.txt""]",False,False,2026-06-26,2026-12-31,False,146,308,"[""Mobi - C.C. du Pays de Valois""]","[2.6854915, 49.0824521, 3.1036787, 49.2958906]",2026-10-09,
68c3dc0495a8ecbfd7f4819c,gtfs-reseau-cmonbus,Réseau urbain Cmonbus,83394,https://app.pysae.com/api/v2/groups/cavaillon/gtfs/pub,"[{""type"": ""epci"", ""nom"": ""CA Luberon Monts de Vaucluse"", ""insee"": ""200040442""}]",data/raw/gtfs/2026-10/68c3dc0495a8ecbfd7f4819c/83394.zip,True,,2026-10-09,,,,,1,False,True,True,[],"[""agency.txt"", ""calendar.txt"", ""calendar_dates.txt"", ""routes.txt"", ""shapes.txt"", ""stop_times.txt"", ""stops.txt"", ""trips.txt""]",False,False,2026-09-01,2027-08-31,False,190,559,"[""Cmonbus – LMV""]","[5.006284, 43.816224, 5.105504, 43.882607]",2026-10-09,
5e2087978b4c41738e555328,reseau-de-transport-du-grand-dole,Réseau urbain Grandole Mobilités,81254,https://static.data.gouv.fr/resources/reseau-de-transport-du-grand-dole/20260902-113949/gtfs-dole.zip,"[{""type"": ""epci"", ""nom"": ""CA du Grand Dole"", ""insee"": ""200010650""}]",data/raw/gtfs/2026-10/5e2087978b4c41738e555328/81254.zip,True,,2026-10-09,,,,,1,False,True,True,[],"[""agency.txt"", ""calendar.txt"", ""calendar_dates.txt"", ""routes.txt"", ""shapes.txt"", ""stop_times.txt"", ""stops.txt"", ""trips.txt""]",False,False,2026-09-01,2027-09-10,False,412,654,"[""grandole-mobilités""]","[5.3249, 46.9505, 5.6505, 47.285052]",2026-10-09,
6346d17f9892afa936386d93,gtfs-du-reseau-lyneo,Réseau urbain Lyneo,80221,https://static.data.gouv.fr/resources/gtfs-du-reseau-lyneo/20261009-084423/gtfs-reseau-lyneo-12-10-2026.zip,"[{""type"": ""epci"", ""nom"": ""CA Chauny Tergnier La Fère"", ""insee"": ""200071785""}]",data/raw/gtfs/2026-10/6346d17f9892afa936386d93/80221.zip,True,,2026-10-09,,,,,1,False,True,True,[],"[""agency.txt"", ""attributions.txt"", ""calendar.txt"", ""calendar_dates.txt"", ""routes.txt"", ""shapes.txt"", ""stop_times.txt"", ""stops.txt"", ""trips.txt""]",False,False,2024-02-17,2029-12-31,False,529,322,"[""Lyneo_2024""]","[3.117612626, 49.5690385, 3.493611136, 49.70362931]",2026-10-09,
648b0a691678a3bfb2ebbe35,reseau-transport-urbain-de-bernay,Réseau urbain l'Bus,84161,https://static.data.gouv.fr/resources/reseau-transport-urbain-de-bernay/20260828-125028/gtfs-ibus-2026-2027-v2.zip,"[{""type"": ""epci"", ""nom"": ""CC Intercom Bernay Terres de Normandie"", ""insee"": ""200066413""}]",data/raw/gtfs/2026-10/648b0a691678a3bfb2ebbe35/84161.zip,True,,2026-10-09,,,,,2,True,True,True,[],"[""agency.txt"", ""calendar.txt"", ""calendar_dates.txt"", ""feed_info.txt"", ""routes.txt"", ""stop_times.txt"", ""stops.txt"", ""trips.txt""]",False,False,2026-09-01,2027-07-03,False,76,14,"[""IBUS""]","[0.577306, 49.068666, 0.61574936, 49.10759733]",2026-10-09,
648b0a691678a3bfb2ebbe35,reseau-transport-urbain-de-bernay,Réseau urbain l'Bus,83775,https://static.data.gouv.fr/resources/reseau-transport-urbain-de-bernay/20251114-113532/horaires-ibus-2025-2026.zip,"[{""type"": ""epci"", ""nom"": ""CC Intercom Bernay Terres de Normandie"", ""insee"": ""200066413""}]",data/raw/gtfs/2026-10/648b0a691678a3bfb2ebbe35/83775.zip,True,,2026-10-09,,,,,2,True,True,True,[],"[""agency.txt"", ""calendar.txt"", ""calendar_dates.txt"", ""feed_info.txt"", ""routes.txt"", ""stop_times.txt"", ""stops.txt"", ""trips.txt""]",False,False,2026-01-02,2026-12-31,False,74,14,"[""IBUS""]","[0.577306, 49.068666, 0.61574936, 49.10759733]",2026-10-09,
6a60e05025eedbef97baf569,transcab-horaires-du-reseau-urbain-daurillac,Réseau urbain Trans'Cab,84136,https://api.oura3.cityway.fr/dataflow/offre-tc/download?provider=AURILLAC&dataFormat=GTFS&dataProfil=OPENDATA,"[{""type"": ""epci"", ""nom"": ""CA du Bassin d'Aurillac"", ""insee"": ""241500230""}]",data/raw/gtfs/2026-10/6a60e05025eedbef97baf569/84136.zip,True,,2026-10-09,,,,,1,False,True,True,[],"[""agency.txt"", ""calendar.txt"", ""calendar_dates.txt"", ""feed_info.txt"", ""routes.txt"", ""shapes.txt"", ""stop_times.txt"", ""stops.txt"", ""transfers.txt"", ""trips.txt""]",False,False,2026-01-05,2027-01-31,False,668,1627,"[""AURILLAC - Trans'Cab""]","[2.237652, 44.808672, 2.666462, 45.076736]",2026-10-09,
634ff31de26a6d1a69f0752c,gtfs-reseau-fablio-lignes-regulieres,Réseau urbain Fablio,83793,https://static.data.gouv.fr/resources/gtfs-reseau-fablio-lignes-regulieres/20260108-145743/gtfs-2026-fablio.zip,"[{""type"": ""epci"", ""nom"": ""CA de la Région de Château-Thierry"", ""insee"": ""200072031""}]",data/raw/gtfs/2026-10/634ff31de26a6d1a69f0752c/83793.zip,True,,2026-10-09,,,,,1,False,True,True,[],"[""agency.txt"", ""calendar.txt"", ""calendar_dates.txt"", ""routes.txt"", ""stop_times.txt"", ""stops.txt"", ""trips.txt""]",False,False,2025-10-01,2026-12-31,False,164,567,"[""Keolis chateau-thierry""]","[3.34852192, 49.00593488, 3.45037376, 49.10809893]",2026-10-09,
65d359cdddf78448b0329094,transport-urbain,Réseau urbain Hilagobus et Gillobus,82097,https://static.data.gouv.fr/resources/transport-urbain/20260623-090258/tu-v2.1-15062026-30062027.zip,"[{""type"": ""epci"", ""nom"": ""CA du Pays de Saint-Gilles-Croix-de-Vie"", ""insee"": ""200023778""}]",data/raw/gtfs/2026-10/65d359cdddf78448b0329094/82097.zip,True,,2026-10-09,,,,,1,False,True,True,[],"[""agency.txt"", ""calendar.txt"", ""calendar_dates.txt"", ""fare_attributes.txt"", ""fare_rules.txt"", ""feed_info.txt"", ""routes.txt"", ""stop_times.txt"", ""stops.txt"", ""transfers.txt"", ""trips.txt""]",False,False,2026-06-02,2027-06-30,False,116,64,"[""Nombalais""]","[-1.97824908, 46.605812, -1.75993, 46.77199]",2026-10-09,
68774bead800132d17a4e0d9,offre-de-transport-du-reseau-rivconnect-communaute-de-communes-rives-de-moselle,Réseau urbain Riv'Connect,83277,https://api.grandest2.cityway.fr/exs/GTFS?Key=OPENDATA&OperatorCode=RIV,"[{""type"": ""epci"", ""nom"": ""CC Rives de Moselle"", ""insee"": ""200039949""}]",data/raw/gtfs/2026-10/68774bead800132d17a4e0d9/83277.zip,True,,2026-10-09,,,,,1,False,True,True,[],"[""agency.txt"", ""calendar.txt"", ""calendar_dates.txt"", ""feed_info.txt"", ""routes.txt"", ""shapes.txt"", ""stop_times.txt"", ""stops.txt"", ""transfers.txt"", ""trips.txt""]",False,False,2026-04-01,2026-12-31,False,110,97,"[""Riv'Connect""]","[6.1388362, 49.1783812, 6.2369729, 49.2533533]",2026-10-09,
65a7f8a1a8c1f93f2f87dea9,reseau-nemus,Réseau scolaire de Flers,82094,https://static.data.gouv.fr/resources/reseau-nemus/20260722-100829/gtfs-au-100726.zip,"[{""type"": ""epci"", ""nom"": ""CA Flers Agglo"", ""insee"": ""200035814""}]",data/raw/gtfs/2026-10/65a7f8a1a8c1f93f2f87dea9/82094.zip,True,,2026-10-09,,,,,1,False,True,True,[],"[""Calendar dates.txt"", ""agency.txt"", ""calendar.txt"", ""routes.txt"", ""stop_times.txt"", ""stops.txt"", ""trips.txt""]",False,False,2026-07-10,2027-07-02,False,190,134,"[""FlersAgglo""]","[-0.683349219308029, 48.585559470402586, -0.346998981938784, 48.87293064254873]",2026-10-09,
65a7fe45b1b081e97eeaf308,donnees-theoriques-du-reseau-urbain-de-flers-agglo-au-format-gtfs,Réseau urbain Nemus,83782,https://static.data.gouv.fr/resources/donnees-theoriques-du-reseau-urbain-de-flers-agglo-au-format-gtfs/20260414-121512/nemus-gtfs-du-01-01-26-au-31-12-26.zip,"[{""type"": ""epci"", ""nom"": ""CA Flers Agglo"", ""insee"": ""200035814""}]",data/raw/gtfs/2026-10/65a7fe45b1b081e97eeaf308/83782.zip,True,,2026-10-09,,,,,1,False,True,True,[],"[""agency.txt"", ""calendar.txt"", ""calendar_dates.txt"", ""routes.txt"", ""shapes.txt"", ""stop_times.txt"", ""stops.txt"", ""trips.txt"", ""trips_extensions.txt""]",False,False,2026-01-02,2026-12-31,False,100,188,"[""NEMUS""]","[-0.604081, 48.726472, -0.54182, 48.7776]",2026-10-09,
69778e36410e185d9a8c873f,transport-a-la-demande-flexitus-1,Transport à la demande FLEXI'TUS,83820,https://static.data.gouv.fr/resources/transport-a-la-demande-flexitus-1/20260126-155430/flexitus-flexitus-version-v2-gtfs-2026-01-26-16-54-11.zip,"[{""type"": ""epci"", ""nom"": ""CA GrandSoissons Agglomération"", ""insee"": ""240200477""}]",data/raw/gtfs/2026-10/69778e36410e185d9a8c873f/83820.zip,True,,2026-10-09,,,,,1,False,True,False,"[""routes.txt"", ""trips.txt"", ""stop_times.txt"", ""calendar.txt or calendar_dates.txt""]","[""agency.txt"", ""stops.txt""]",False,False,,,,,,[],,2026-10-09,missing required GTFS files
69450d57b6fed9f4694294da,transport-scolaire-scoltus,Transport scolaire SCOL'TUS,83821,https://static.data.gouv.fr/resources/transport-scolaire-scoltus/20260623-075055/scol-tus-scoltus-v11-gtfs-2026-06-23-09-49-54.zip,"[{""type"": ""epci"", ""nom"": ""CA GrandSoissons Agglomération"", ""insee"": ""240200477""}]",data/raw/gtfs/2026-10/69450d57b6fed9f4694294da/83821.zip,True,,2026-10-09,,,,,1,False,True,True,[],"[""agency.txt"", ""calendar.txt"", ""calendar_dates.txt"", ""routes.txt"", ""shapes.txt"", ""stop_times.txt"", ""stops.txt"", ""trips.txt"", ""trips_extensions.txt""]",False,False,2026-01-05,2027-01-29,False,379,120,"[""SCOL'TUS""]","[0.0, 0.0, 49.376002, 49.45988594]",2026-10-09,
63b5402bf7fee11e3a3daa4c,gtfs-move-vendome,Réseau urbain Move,82832,https://api.pysae.com/api/v4/groups/vendome/gtfs/pub,"[{""type"": ""epci"", ""nom"": ""CA Territoires Vendômois"", ""insee"": ""200072072""}]",data/raw/gtfs/2026-10/63b5402bf7fee11e3a3daa4c/82832.zip,True,,2026-10-09,,,,,1,False,True,True,[],"[""agency.txt"", ""calendar.txt"", ""calendar_dates.txt"", ""routes.txt"", ""shapes.txt"", ""stop_times.txt"", ""stops.txt"", ""trips.txt""]",False,False,2026-09-01,2033-08-31,False,166,640,"[""MOVE""]","[0.686523, 47.744908, 1.101814, 47.829418]",2026-10-09,
658626a9e96365230bac182d,coralie-concarneau-cornouaille-agglomeration-transport,Réseau urbain Coralie,81476,https://www.korrigo.bzh/ftp/OPENDATA/CORALIE.gtfs.zip,"[{""type"": ""epci"", ""nom"": ""CA Concarneau Cornouaille Agglomération"", ""insee"": ""242900769""}]",data/raw/gtfs/2026-10/658626a9e96365230bac182d/81476.zip,True,,2026-10-09,,,,,1,False,True,True,[],"[""agency.txt"", ""calendar.txt"", ""calendar_dates.txt"", ""routes.txt"", ""shapes.txt"", ""stop_times.txt"", ""stops.txt"", ""transfers.txt"", ""trips.txt""]",False,False,2026-10-05,2034-01-20,False,549,1646,"[""Réseau Coralie (Concarneau Cornouaille Agglomération)""]","[-3.973887, 47.788605, -3.694708, 48.037834]",2026-10-09,
6995e6421d3e527b286d2298,offre-de-transport-du-reseau-ole-lunel-agglo-gtfs-et-gtfs-rt,Réseau urbain Olé,83852,https://static.data.gouv.fr/resources/offre-de-transport-du-reseau-ole-lunel-agglo-gtfs-et-gtfs-rt/20260913-175023/gtfs-lunel-agglo-reseau-ole-2026-vseptembre.zip,"[{""type"": ""epci"", ""nom"": ""CA Lunel Agglo"", ""insee"": ""243400520""}]",data/raw/gtfs/2026-10/6995e6421d3e527b286d2298/83852.zip,True,,2026-10-09,,,,,1,False,True,True,[],"[""agency.txt"", ""calendar.txt"", ""calendar_dates.txt"", ""feed_info.txt"", ""routes.txt"", ""shapes.txt"", ""stop_times.txt"", ""stops.txt"", ""trips.txt""]",False,False,2026-09-01,2027-08-28,False,184,540,"[""galeo""]","[4.014007460837726, 43.64247, 4.17625776858275, 43.795140658115315]",2026-10-09,
63b4c3d25a09dd67fc9dde9a,fr-200052264-t0015-0000-1,Réseau urbain Transavold,82413,https://api.grandest2.cityway.fr/exs/GTFS?Key=OPENDATA&OperatorCode=TRANSAVOLD,"[{""type"": ""epci"", ""nom"": ""CA Saint-Avold Synergie"", ""insee"": ""200067502""}]",data/raw/gtfs/2026-10/63b4c3d25a09dd67fc9dde9a/82413.zip,True,,2026-10-09,,,,,1,False,True,True,[],"[""agency.txt"", ""calendar.txt"", ""calendar_dates.txt"", ""feed_info.txt"", ""routes.txt"", ""shapes.txt"", ""stop_times.txt"", ""stops.txt"", ""transfers.txt"", ""trips.txt""]",False,False,2026-09-07,2027-08-31,False,347,765,"[""Transavold""]","[6.58078, 48.9233282, 6.7849389, 49.1689102]",2026-10-09,
69a00b78a19382cab63d1e5b,reseau-de-transport-monten-bus,Réseau urbain Mont'en Bus,84186,https://www.datasud.fr/fr/dataset/datasets/4680/resource/6527/download/,"[{""type"": ""epci"", ""nom"": ""CA des Sorgues du Comtat"", ""insee"": ""248400293""}]",data/raw/gtfs/2026-10/69a00b78a19382cab63d1e5b/84186.zip,True,,2026-10-09,,,,,1,False,True,True,[],"[""agency.txt"", ""calendar.txt"", ""calendar_dates.txt"", ""routes.txt"", ""stop_times.txt"", ""stops.txt"", ""trips.txt""]",False,False,2026-01-01,2026-12-31,False,82,83,"[""MONT'EN BUS""]","[4.96489088, 44.014018, 5.0067884, 44.038584]",2026-10-09,
69a00b79a19382cab63d1e5c,reseau-de-transport-sorgen-bus,Réseau urbain Sorg'en Bus,84187,https://www.datasud.fr/fr/dataset/datasets/4681/resource/6528/download/,"[{""type"": ""epci"", ""nom"": ""CA des Sorgues du Comtat"", ""insee"": ""248400293""}]",data/raw/gtfs/2026-10/69a00b79a19382cab63d1e5c/84187.zip,True,,2026-10-09,,,,,1,False,True,True,[],"[""agency.txt"", ""calendar.txt"", ""calendar_dates.txt"", ""routes.txt"", ""stop_times.txt"", ""stops.txt"", ""trips.txt""]",False,False,2026-01-02,2026-12-31,False,142,61,"[""SORG'EN BUS""]","[4.8589826, 43.986535, 4.8980677, 44.023218]",2026-10-09,
65a7d7a7fbf0d8d41d572b1b,horaires-theoriques-et-temps-reels-du-reseau-de-transports-lagglo-en-bus-communaute-dagglomeration-gap-tallard-durance,Réseau urbain L'Agglo en Bus,81547,https://gtfs-rt.infra-hubup.fr/cagtd/current/gtfs,"[{""type"": ""epci"", ""nom"": ""CA Gap-Tallard-Durance"", ""insee"": ""200067825""}]",data/raw/gtfs/2026-10/65a7d7a7fbf0d8d41d572b1b/81547.zip,True,,2026-10-09,,,,,1,False,True,True,[],"[""agency.txt"", ""calendar.txt"", ""calendar_dates.txt"", ""routes.txt"", ""shapes.txt"", ""stop_times.txt"", ""stops.txt"", ""trips.txt""]",False,False,2025-12-17,2026-12-31,False,346,577,"[""L'Agglo en bus""]","[6.031117, 44.48420346, 6.121213, 44.58155]",2026-10-09,
69c2b4e8c305846b8a911688,reseau-transport-urbain-yole-bus-gtfs-1,Réseau urbain Yolé,83969,https://static.data.gouv.fr/resources/reseau-transport-urbain-yole-bus-gtfs-1/20260324-155936/gtfs-challans-gois.zip,"[{""type"": ""epci"", ""nom"": ""CC Challans-Gois Communauté"", ""insee"": ""200071629""}]",data/raw/gtfs/2026-10/69c2b4e8c305846b8a911688/83969.zip,True,,2026-10-09,,,,,1,False,True,True,[],"[""agency.txt"", ""calendar.txt"", ""calendar_dates.txt"", ""routes.txt"", ""shapes.txt"", ""stop_times.txt"", ""stops.txt"", ""trips.txt""]",False,False,2024-08-20,2026-09-30,True,81,32,"[""Yolé Bus – Challans Gois Communauté""]","[-1.9061521051, 46.82566, -1.8453583333333334, 46.866288]",2026-10-09,
5bf52498634f410a498457b6,offre-de-transport-de-la-c-a-beaune-cote-sud-gtfs,Réseau urbain Côte&Bus,82660,https://static.data.gouv.fr/resources/offre-de-transport-de-la-c-a-beaune-cote-sud-gtfs/20251230-134445/gtfs-30-12-2025-04-15.zip,"[{""type"": ""epci"", ""nom"": ""CA Beaune, Côte et Sud - Communauté Beaune-Chagny-Nolay"", ""insee"": ""200006682""}]",data/raw/gtfs/2026-10/5bf52498634f410a498457b6/82660.zip,True,,2026-10-09,,,,,1,False,True,True,[],"[""agency.txt"", ""calendar.txt"", ""calendar_dates.txt"", ""routes.txt"", ""shapes.txt"", ""stop_times.txt"", ""stops.txt"", ""trips.txt""]",False,False,2025-10-18,2026-12-31,False,258,365,"[""Espace Coteetbus""]","[4.626571, 46.904549, 4.889997, 47.077312]",2026-10-09,
690c9a45a30becc205daee68,gtfs-reseau-scolaire-coqueligo-annonay-rhone-agglo,Réseau scolaire CoqueliGO,83872,https://static.data.gouv.fr/resources/gtfs-reseau-scolaire-coqueligo-annonay-rhone-agglo/20260831-123340/coqueligo-coqueligo-scolaire-2026-2027-v1-test-gtfs-2026-08-31-14-32-27.zip,"[{""type"": ""epci"", ""nom"": ""CA Annonay Rhône Agglo"", ""insee"": ""200072015""}]",data/raw/gtfs/2026-10/690c9a45a30becc205daee68/83872.zip,True,,2026-10-09,,,,,1,False,True,True,[],"[""agency.txt"", ""calendar.txt"", ""calendar_dates.txt"", ""routes.txt"", ""shapes.txt"", ""stop_times.txt"", ""stops.txt"", ""trips.txt"", ""trips_extensions.txt""]",False,False,2026-09-01,2027-07-02,False,633,116,"[""CoqueliGO""]","[4.503205, 45.170673, 4.79778, 45.5521]",2026-10-09,
67e4099d504ada1f4862a391,gtfs-reseau-transport-urbain-coqueligo,Réseau urbain CoqueliGO,83716,https://static.data.gouv.fr/resources/gtfs-reseau-transport-urbain-coqueligo/20260930-110800/gtfs-26-08-2026-coqueligo-urbain.zip,"[{""type"": ""epci"", ""nom"": ""CA Annonay Rhône Agglo"", ""insee"": ""200072015""}]",data/raw/gtfs/2026-10/67e4099d504ada1f4862a391/83716.zip,True,,2026-10-09,,,,,1,False,True,True,[],"[""agency.txt"", ""attributions.txt"", ""calendar.txt"", ""calendar_dates.txt"", ""routes.txt"", ""shapes.txt"", ""stop_times.txt"", ""stops.txt"", ""trips.txt""]",False,False,2026-09-01,2026-12-31,False,223,368,"[""CoqueliGO Urbain""]","[4.639028, 45.227411, 4.706314, 45.271192]",2026-10-09,
67e40a9dcf1f7d85d15517b0,gtfs-transports-a-la-demande-tad-coqueligo,TAD réseau CoqueliGO,82904,https://static.data.gouv.fr/resources/gtfs-transports-a-la-demande-tad-coqueligo/20260611-095444/gtfs-coqueligo-tad-2026-06112026-c.zip,"[{""type"": ""epci"", ""nom"": ""CA Annonay Rhône Agglo"", ""insee"": ""200072015""}]",data/raw/gtfs/2026-10/67e40a9dcf1f7d85d15517b0/82904.zip,True,,2026-10-09,,,,,1,False,True,True,[],"[""agency.txt"", ""calendar.txt"", ""calendar_dates.txt"", ""routes.txt"", ""shapes.txt"", ""stop_times.txt"", ""stops.txt"", ""trips.txt""]",False,False,2026-01-02,2026-12-31,False,86,32,"[""CoqueliGO""]","[0.0, 0.0, 4.785459013, 45.35176672]",2026-10-09,
69a55f80efa5f1d03cb1e9a0,gtfs-reseau-de-transport-tmco-3co-mayotte,Réseau urbain TMCO,83891,https://static.data.gouv.fr/resources/gtfs-reseau-de-transport-tmco-3co-mayotte/20260306-070138/gtfs-tmco-3co-2026-02-01-v2.zip,"[{""type"": ""epci"", ""nom"": ""CC du Centre-Ouest"", ""insee"": ""200059871""}]",data/raw/gtfs/2026-10/69a55f80efa5f1d03cb1e9a0/83891.zip,True,,2026-10-09,,,,,1,False,True,True,[],"[""agency.txt"", ""calendar.txt"", ""calendar_dates.txt"", ""fare_attributes.txt"", ""fare_rules.txt"", ""feed_info.txt"", ""routes.txt"", ""shapes.txt"", ""stop_times.txt"", ""stops.txt"", ""transfers.txt"", ""trips.txt""]",False,False,2026-01-02,2027-12-31,False,62,66,"[""Transport et Mobilités Centre-Ouest""]","[45.0553892, -12.8547479, 45.140612, -12.7506549]",2026-10-09,
658626a8d94ad9e953c71b48,ar-bus-landerneau-daoulas-transport,Réseau urbain Ar bus,81459,https://www.korrigo.bzh/ftp/OPENDATA/ARBUS.gtfs.zip,"[{""type"": ""epci"", ""nom"": ""CA du Pays de Landerneau-Daoulas"", ""insee"": ""242900801""}]",data/raw/gtfs/2026-10/658626a8d94ad9e953c71b48/81459.zip,True,,2026-10-09,,,,,1,False,True,True,[],"[""agency.txt"", ""calendar.txt"", ""calendar_dates.txt"", ""routes.txt"", ""shapes.txt"", ""stop_times.txt"", ""stops.txt"", ""transfers.txt"", ""trips.txt""]",False,False,2026-09-30,2027-07-03,False,125,195,"[""Ar Bus (Communauté de Communes du Pays de Landerneau-Daoulas)""]","[-4.289596, 48.436129, -4.228516, 48.466082]",2026-10-09,
6357f252e8746ab0a790f68e,reseau-de-transport-urbains-dignois,Réseau urbain TUD,83915,https://static.data.gouv.fr/resources/reseau-de-transport-urbains-dignois/20260317-131818/rtud-v16-gtfs-2026-03-17-14-14-15.zip,"[{""type"": ""epci"", ""nom"": ""CA Provence-Alpes-Agglomération"", ""insee"": ""200067437""}]",data/raw/gtfs/2026-10/6357f252e8746ab0a790f68e/83915.zip,True,,2026-10-09,,,,,1,False,True,True,[],"[""agency.txt"", ""calendar.txt"", ""calendar_dates.txt"", ""routes.txt"", ""shapes.txt"", ""stop_times.txt"", ""stops.txt"", ""trips.txt"", ""trips_extensions.txt""]",False,False,2026-01-02,2026-12-31,False,217,118,"[""RTUD""]","[6.17448566, 44.06008611, 6.263291, 44.115549]",2026-10-09,
6aa3c0dc6f094bde83826c55,ligne-reguliere-du-parc-dactivites-du-val-drouette-pem,Réseau urbain - Parc d'Activités du Val Drouette,84205,https://static.data.gouv.fr/resources/ligne-reguliere-du-parc-dactivites-du-val-drouette-pem/20260921-131312/ligne-regu-pem-ccpeif-210926.zip,"[{""type"": ""epci"", ""nom"": ""CC des Portes Euréliennes d'Ile de France"", ""insee"": ""200069953""}]",data/raw/gtfs/2026-10/6aa3c0dc6f094bde83826c55/84205.zip,True,,2026-10-09,,,,,1,False,True,True,[],"[""agency.txt"", ""calendar.txt"", ""calendar_dates.txt"", ""routes.txt"", ""stop_times.txt"", ""stops.txt"", ""trips.txt""]",False,False,2026-01-02,2027-01-29,False,8,4,"[""ABC INFORMATIQUE""]","[1.6814393, 48.592927, 1.6929245, 48.604752]",2026-10-09,
65b7d9a88e6a41d91aad26a1,elios-transports-urbains-du-grand-villeneuvois,Réseau urbain Elios,82189,https://static.data.gouv.fr/resources/elios-transports-urbains-du-grand-villeneuvois/20260902-071802/gtfs-20260826-144746-vsl.zip,"[{""type"": ""epci"", ""nom"": ""CA du Grand Villeneuvois"", ""insee"": ""200023307""}]",data/raw/gtfs/2026-10/65b7d9a88e6a41d91aad26a1/82189.zip,True,,2026-10-09,,,,,1,False,True,True,[],"[""agency.txt"", ""calendar.txt"", ""calendar_dates.txt"", ""routes.txt"", ""shapes.txt"", ""stop_times.txt"", ""stops.txt"", ""trips.txt""]",False,False,2026-01-05,2026-12-31,False,175,789,"[""Villeneuve-sur-Lot""]","[0.55616, 44.384154, 0.755789, 44.44297]",2026-10-09,
6673e093cfce64c1c7d5820d,regie-des-transports-baag-gtfs,Réseau urbain BAAG,84232,https://static.data.gouv.fr/resources/regie-des-transports-baag-gtfs/20260925-142428/export-gtfs-250926.zip,"[{""type"": ""epci"", ""nom"": ""CA de la Baie de Somme"", ""insee"": ""200070993""}]",data/raw/gtfs/2026-10/6673e093cfce64c1c7d5820d/84232.zip,True,,2026-10-09,,,,,1,False,True,True,[],"[""agency.txt"", ""calendar.txt"", ""calendar_dates.txt"", ""routes.txt"", ""stop_times.txt"", ""stops.txt"", ""trips.txt""]",False,False,2026-08-12,2027-08-28,False,434,1136,"[""BAAG CCA""]","[1.77088962661526, 50.0550333198992, 1.91003839473755, 50.15483350527403]",2026-10-09,
66f6a09f8a073faedda1e369,cosibus-coutances-mer-et-bocage,Réseau urbain Cosibus,82312,https://static.data.gouv.fr/resources/cosibus-coutances-mer-et-bocage/20260825-072316/pt-th-offer-cosibus-gtfs-20260619-696-opendata.zip,"[{""type"": ""epci"", ""nom"": ""CC Coutances Mer et Bocage"", ""insee"": ""200067023""}]",data/raw/gtfs/2026-10/66f6a09f8a073faedda1e369/82312.zip,True,,2026-10-09,,,,,1,False,True,True,[],"[""agency.txt"", ""calendar.txt"", ""calendar_dates.txt"", ""routes.txt"", ""shapes.txt"", ""stop_times.txt"", ""stops.txt"", ""transfers.txt"", ""trips.txt""]",False,False,2026-06-19,2027-05-31,False,30,52,"[""Cosibus (Coutances Mer et Bocage)""]","[-1.477185, 49.033392, -1.422307, 49.081875]",2026-10-09,
65a71c608815fb6df85aa47f,offre-de-transport-cc-montesquieu,Réseau urbain de la CC Montesquieu,81555,https://www.pigma.org/public/opendata/nouvelle_aquitaine_mobilites/publication/montesquieu-aggregated-gtfs.zip,"[{""type"": ""epci"", ""nom"": ""CC de Montesquieu"", ""insee"": ""243301264""}]",data/raw/gtfs/2026-10/65a71c608815fb6df85aa47f/81555.zip,True,,2026-10-09,,,,,1,False,True,True,[],"[""agency.txt"", ""calendar_dates.txt"", ""routes.txt"", ""shapes.txt"", ""stop_times.txt"", ""stops.txt"", ""trips.txt""]",False,False,2026-08-22,2027-07-09,False,58,33,"[""M'bus (Montesquieu)""]","[-0.599956, 44.571152, -0.446196, 44.753155]",2026-10-09,
68b48c2486fd35d69fb0272e,gtfs-rentree,Réseau urbain ARVI,83578,https://static.data.gouv.fr/resources/gtfs-rentree/20261009-084929/gtfs-arvi-17102026-11122026.zip,"[{""type"": ""epci"", ""nom"": ""CC Cluses-Arve et Montagnes"", ""insee"": ""200033116""}]",data/raw/gtfs/2026-10/68b48c2486fd35d69fb0272e/83578.zip,True,,2026-10-09,,,,,2,True,True,True,[],"[""agency.txt"", ""calendar.txt"", ""calendar_dates.txt"", ""routes.txt"", ""shapes.txt"", ""stop_times.txt"", ""stops.txt"", ""trips.txt""]",False,False,2026-10-17,2026-12-11,False,172,299,"[""Transdev Mont Blanc Bus""]","[6.503623, 46.005661, 6.691521, 46.089092]",2026-10-09,
68b48c2486fd35d69fb0272e,gtfs-rentree,Réseau urbain ARVI,84192,https://static.data.gouv.fr/resources/gtfs-rentree/20260909-103948/gtfs-arvi-09-09-16-10-v3.zip,"[{""type"": ""epci"", ""nom"": ""CC Cluses-Arve et Montagnes"", ""insee"": ""200033116""}]",data/raw/gtfs/2026-10/68b48c2486fd35d69fb0272e/84192.zip,True,,2026-10-09,,,,,2,True,True,True,[],"[""agency.txt"", ""calendar.txt"", ""calendar_dates.txt"", ""routes.txt"", ""shapes.txt"", ""stop_times.txt"", ""stops.txt"", ""trips.txt""]",False,False,2026-09-07,2026-10-16,False,172,224,"[""Transdev Mont Blanc Bus""]","[6.503623, 46.005661, 6.691521, 46.089092]",2026-10-09,
63b4c3d32989785f7e9dde9e,fr-200052264-t0012-0000-1,Réseau urbain Mouvéo,80443,https://api.grandest2.cityway.fr/exs/GTFS?Key=OPENDATA&OperatorCode=EPY,"[{""type"": ""epci"", ""nom"": ""CA Epernay, Coteaux et Plaine de Champagne"", ""insee"": ""200067684""}]",data/raw/gtfs/2026-10/63b4c3d32989785f7e9dde9e/80443.zip,True,,2026-10-09,,,,,1,False,True,True,[],"[""agency.txt"", ""calendar.txt"", ""calendar_dates.txt"", ""feed_info.txt"", ""routes.txt"", ""shapes.txt"", ""stop_times.txt"", ""stops.txt"", ""transfers.txt"", ""trips.txt""]",False,False,2026-09-17,2026-12-31,False,270,456,"[""Mouvéo""]","[3.9239070331, 48.8999732, 4.0524241, 49.0651172]",2026-10-09,
63fdc0169f43bbfe92318dd5,deepmob-dieppe-maritime,Réseau urbain DeepMob,80680,https://static.data.gouv.fr/resources/deepmob-dieppe-maritime/20260717-132010/pt-th-offer-deepmob-gtfs-20260713-784-opendata.zip,"[{""type"": ""epci"", ""nom"": ""CA de la Région Dieppoise"", ""insee"": ""247600786""}]",data/raw/gtfs/2026-10/63fdc0169f43bbfe92318dd5/80680.zip,True,,2026-10-09,,,,,1,False,True,True,[],"[""agency.txt"", ""calendar.txt"", ""calendar_dates.txt"", ""routes.txt"", ""shapes.txt"", ""stop_times.txt"", ""stops.txt"", ""trips.txt""]",False,False,2026-07-13,2027-05-31,False,226,1432,"[""Deep Mob (Dieppe-Maritime)""]","[1.0331923, 49.86508, 1.1427896, 49.9342806]",2026-10-09,
6942f100fca6e5bb66e0ae23,tiva-scolaire-secondaires-intravire-intercom-de-la-vire-au-noireau-2025-2026,Réseau scolaire Tiva,83769,https://static.data.gouv.fr/resources/tiva-scolaire-secondaires-intravire-intercom-de-la-vire-au-noireau-2025-2026/20251217-180553/sco.zip,"[{""type"": ""epci"", ""nom"": ""CC Intercom de la Vire au Noireau"", ""insee"": ""200068799""}]",data/raw/gtfs/2026-10/6942f100fca6e5bb66e0ae23/83769.zip,True,,2026-10-09,,,,,1,False,True,True,[],"[""agency.txt"", ""calendar.txt"", ""calendar_dates.txt"", ""fare_attributes.txt"", ""feed_info.txt"", ""routes.txt"", ""stop_times.txt"", ""stops.txt"", ""trips.txt""]",False,False,2025-09-01,2026-12-18,False,23,12,"[""Tiva_scolaire (Intercom de la Vire au Noireau)""]","[-0.9056179422597554, 48.83042167278768, -0.8621147620260035, 48.880403914602695]",2026-10-09,
69370023d64be9613ce1da25,tiva-urbain-reseau-urbain-a-vire-intercom-de-la-vire-au-noireau-2025-2026,Réseau urbain TIVA,83846,https://static.data.gouv.fr/resources/tiva-urbain-reseau-urbain-a-vire-intercom-de-la-vire-au-noireau-2025-2026/20260102-153237/urbain.zip,"[{""type"": ""epci"", ""nom"": ""CC Intercom de la Vire au Noireau"", ""insee"": ""200068799""}]",data/raw/gtfs/2026-10/69370023d64be9613ce1da25/83846.zip,True,,2026-10-09,,,,,1,False,True,True,[],"[""agency.txt"", ""calendar.txt"", ""fare_attributes.txt"", ""feed_info.txt"", ""routes.txt"", ""stop_times.txt"", ""stops.txt"", ""trips.txt""]",False,False,2024-09-02,2029-08-31,False,31,17,"[""Tiva_urbain (Intercom de la Vire au Noireau)""]","[-0.8981935, 48.8304907, -0.86317, 48.8633745]",2026-10-09,
69370451ac2b548f4cfa684d,tiva-a-la-demande-service-de-transport-a-la-demande-intercom-de-la-vire-au-noireau-2025-2026,TAD réseau Tiva,83770,https://static.data.gouv.fr/resources/tiva-a-la-demande-service-de-transport-a-la-demande-intercom-de-la-vire-au-noireau-2025-2026/20251208-170106/tiva-a-la-demande.zip,"[{""type"": ""epci"", ""nom"": ""CC Intercom de la Vire au Noireau"", ""insee"": ""200068799""}]",data/raw/gtfs/2026-10/69370451ac2b548f4cfa684d/83770.zip,True,,2026-10-09,,,,,1,False,True,True,[],"[""agency.txt"", ""areas.txt"", ""booking_rules.txt"", ""calendar.txt"", ""demand_zones.txt"", ""fare_attributes.txt"", ""fare_rules.txt"", ""feed_info.txt"", ""routes.txt"", ""stop_times.txt"", ""stops.txt"", ""trips.txt""]",False,True,2024-11-04,2029-08-31,False,24,4,"[""Tiva_à la demande (Intercom de la Vire au Noireau)""]","[-1.04871939289742, 48.8357892769062, -0.540577961598559, 49.0116034356437]",2026-10-09,
64d0f399b37ace5777f8b27a,reseau-urbain-pondibus,Réseau urbain PondiBUS,81179,https://static.data.gouv.fr/resources/reseau-urbain-pondibus/20260831-063718/gtfs-20260828-174753-pondibus.zip,"[{""type"": ""epci"", ""nom"": ""CC Pontivy Communauté"", ""insee"": ""245614433""}]",data/raw/gtfs/2026-10/64d0f399b37ace5777f8b27a/81179.zip,True,,2026-10-09,,,,,1,False,True,True,[],"[""agency.txt"", ""attributions.txt"", ""calendar.txt"", ""calendar_dates.txt"", ""routes.txt"", ""shapes.txt"", ""stop_times.txt"", ""stops.txt"", ""trips.txt""]",False,False,2026-07-04,2027-07-02,False,127,270,"[""Pondibus""]","[-2.986288, 48.037738, -2.886475, 48.087405]",2026-10-09,
5d84ee786f444139c3ed3589,horaires-theoriques-et-temps-reel-du-reseau-titus-rosny-sous-bois-gtfs-gtfs-rt,Réseau urbain Titus,8201,https://zenbus.net/gtfs/static/download.zip?dataset=reseau-titus,"[{""type"": ""commune"", ""nom"": ""Rosny-sous-Bois"", ""insee"": ""93064""}]",data/raw/gtfs/2026-10/5d84ee786f444139c3ed3589/8201.zip,True,,2026-10-09,,,,,1,False,True,True,[],"[""agency.txt"", ""calendar.txt"", ""calendar_dates.txt"", ""feed_info.txt"", ""frequencies.txt"", ""routes.txt"", ""shapes.txt"", ""stop_times.txt"", ""stops.txt"", ""trips.txt""]",False,False,2026-02-05,2026-12-31,False,41,137,"[""ville de Rosny-sous-Bois""]","[2.455143, 48.861553, 2.507094, 48.883379]",2026-10-09,
67cec116cbfd782a972788ab,le-taco-1,Réseau urbain Le TACO,82874,https://static.data.gouv.fr/resources/le-taco-1/20260901-091118/gtfs-le-taco-28082026.zip,"[{""type"": ""epci"", ""nom"": ""CC Coeur du Var"", ""insee"": ""248300550""}]",data/raw/gtfs/2026-10/67cec116cbfd782a972788ab/82874.zip,True,,2026-10-09,,,,,1,False,True,True,[],"[""agency.txt"", ""calendar.txt"", ""calendar_dates.txt"", ""routes.txt"", ""stop_times.txt"", ""stops.txt"", ""trips.txt""]",False,False,2026-09-01,2027-08-31,False,54,62,"[""TRANSDEV VAR""]","[6.29548, 43.346696, 6.346957, 43.401677]",2026-10-09,
6a8d543c2b8a9654f9d65b4f,ozcar-navette-intercommunale,Réseau urbain OZ'CAR,84190,https://api.pysae.com/api/v4/groups/lr-coeurduvar/gtfs/pub,"[{""type"": ""epci"", ""nom"": ""CC Coeur du Var"", ""insee"": ""248300550""}]",data/raw/gtfs/2026-10/6a8d543c2b8a9654f9d65b4f/84190.zip,True,,2026-10-09,,,,,1,False,True,True,[],"[""agency.txt"", ""calendar.txt"", ""calendar_dates.txt"", ""routes.txt"", ""shapes.txt"", ""stop_times.txt"", ""stops.txt"", ""trips.txt""]",False,False,2026-08-27,2028-06-30,False,23,16,"[""Autocars Bleu Voyages""]","[6.18154, 43.297674, 6.342521, 43.450946]",2026-10-09,
5c419aaa8b4c4144b27a82f3,offre-transport-en-commun-du-reseau-transpor-gtfs,Réseau urbain Transp’Or,84099,https://static.data.gouv.fr/resources/offre-transport-en-commun-du-reseau-transpor-gtfs/20260831-193302/transp-or-hiver-2026-2027-v2-enchainement-l3-gtfs-2026-08-31-21-32-35.zip,"[{""type"": ""epci"", ""nom"": ""CA du Pays de l'Or"", ""insee"": ""243400470""}]",data/raw/gtfs/2026-10/5c419aaa8b4c4144b27a82f3/84099.zip,True,,2026-10-09,,,,,1,False,True,True,[],"[""agency.txt"", ""calendar.txt"", ""calendar_dates.txt"", ""routes.txt"", ""shapes.txt"", ""stop_times.txt"", ""stops.txt"", ""trips.txt"", ""trips_extensions.txt""]",False,False,2022-09-07,2030-01-31,False,349,172,"[""Transp'Or""]","[3.890527102, 43.509720550819, 4.128203518, 43.672688]",2026-10-09,
6787cc7c9e4b5b19e7d0e876,neva-granville-terre-et-mer,Réseau urbain Néva,82721,https://static.data.gouv.fr/resources/neva-granville-terre-et-mer/20260923-083129/pt-th-offer-neva-gtfs-20260918-307-opendata.zip,"[{""type"": ""epci"", ""nom"": ""CC de Granville, Terre et Mer"", ""insee"": ""200042604""}]",data/raw/gtfs/2026-10/6787cc7c9e4b5b19e7d0e876/82721.zip,True,,2026-10-09,,,,,1,False,True,True,[],"[""agency.txt"", ""calendar.txt"", ""calendar_dates.txt"", ""routes.txt"", ""shapes.txt"", ""stop_amenities.txt"", ""stop_times.txt"", ""stops.txt"", ""transfers.txt"", ""trips.txt""]",False,False,2026-09-18,2027-07-02,False,141,850,"[""Néva (Granville Terre et Mer)""]","[-1.609951, 48.797412, -1.395541, 48.920103]",2026-10-09,
6785a9fc729b9729dbe536af,transport-en-commun-de-la-ville-dorange-ccpop-1,Réseau urbain TCVO,82715,https://static.data.gouv.fr/resources/reseau-urbain-tcvo/20260819-133020/gtfs-20260819-151006-tcvo.zip,"[{""type"": ""epci"", ""nom"": ""CC Pays d'Orange en Provence"", ""insee"": ""248400236""}]",data/raw/gtfs/2026-10/6785a9fc729b9729dbe536af/82715.zip,True,,2026-10-09,,,,,1,False,True,True,[],"[""agency.txt"", ""calendar.txt"", ""calendar_dates.txt"", ""routes.txt"", ""stop_times.txt"", ""stops.txt"", ""trips.txt""]",False,False,2026-09-01,2027-08-31,False,137,251,"[""Transports en Commun de la Ville d'Orange""]","[4.78974, 44.09417, 4.85022, 44.154791]",2026-10-09,
63b4c3d255130e7bb19dde9b,fr-200052264-t0026-0000-1,Réseau urbain Isibus,80447,https://api.grandest2.cityway.fr/exs/GTFS?Key=OPENDATA&OperatorCode=ISIBUS,"[{""type"": ""epci"", ""nom"": ""CC Sarrebourg Moselle Sud"", ""insee"": ""200068146""}]",data/raw/gtfs/2026-10/63b4c3d255130e7bb19dde9b/80447.zip,True,,2026-10-09,,,,,1,False,True,True,[],"[""agency.txt"", ""calendar.txt"", ""calendar_dates.txt"", ""feed_info.txt"", ""routes.txt"", ""shapes.txt"", ""stop_times.txt"", ""stops.txt"", ""transfers.txt"", ""trips.txt""]",False,False,2026-10-05,2026-12-31,False,124,105,"[""KEOLIS""]","[7.0329269, 48.7178419, 7.103531, 48.7484089]",2026-10-09,
64a7294782315740773493bc,donnees-theoriques-et-temps-reel-du-reseau-airemob-communaute-de-communes-de-laire-cantilienne,Réseau urbain et interurbain Aire’MOB,81042,https://api.oisemob.cityway.fr/dataflow/offre-tc/download?provider=CCAC&dataFormat=GTFS&dataProfil=OPENDATA,"[{""type"": ""epci"", ""nom"": ""CC de l'Aire Cantilienne"", ""insee"": ""246000764""}]",data/raw/gtfs/2026-10/64a7294782315740773493bc/81042.zip,True,,2026-10-09,https://transport-data-gouv-fr-resource-history-prod.cellar-c2.services.clever-cloud.com/81042/81042.20260901.062958.755696.zip,2026-09-01,81042,,1,False,True,True,[],"[""agency.txt"", ""calendar.txt"", ""calendar_dates.txt"", ""routes.txt"", ""shapes.txt"", ""stop_times.txt"", ""stops.txt"", ""transfers.txt"", ""trips.txt""]",False,False,2026-09-01,2027-08-31,False,118,259,"[""Aire'MOB - C.C. de l'Aire Cantilienne""]","[2.3751388, 49.0106105, 2.5592727, 49.2025123]",2026-10-09,
6a0483992788d7dd2da4e10b,cbus-5,Transport urbain C'Bus,84105,https://static.data.gouv.fr/resources/cbus-5/20260908-065922/cbus-current.zip,"[{""type"": ""epci"", ""nom"": ""CC Châteaubriant-Derval"", ""insee"": ""200072726""}]",data/raw/gtfs/2026-10/6a0483992788d7dd2da4e10b/84105.zip,True,,2026-10-09,,,,,1,False,True,True,[],"[""agency.txt"", ""calendar.txt"", ""calendar_dates.txt"", ""routes.txt"", ""shapes.txt"", ""stop_times.txt"", ""stops.txt"", ""trips.txt""]",False,False,2026-01-05,2027-02-26,False,100,20,"[""ALEOP""]","[-1.40629987, 47.70234122, -1.35846, 47.74602]",2026-10-09,
63b4c3d25c38a3ee979dde9c,fr-200052264-t0027-0000-1,Réseau urbain Colibri,80463,https://api.grandest2.cityway.fr/exs/GTFS?Key=OPENDATA&OperatorCode=MOVIA,"[{""type"": ""epci"", ""nom"": ""CC Terres Touloises"", ""insee"": ""200070563""}]",data/raw/gtfs/2026-10/63b4c3d25c38a3ee979dde9c/80463.zip,True,,2026-10-09,,,,,1,False,True,True,[],"[""agency.txt"", ""calendar.txt"", ""calendar_dates.txt"", ""feed_info.txt"", ""routes.txt"", ""shapes.txt"", ""stop_times.txt"", ""stops.txt"", ""transfers.txt"", ""trips.txt""]",False,False,2026-10-02,2028-10-04,False,469,205,"[""Colibri""]","[-3.4045694519770127, 0.0, 6.0312941, 48.8405055]",2026-10-09,
5cb42b2a8b4c4178f85e4a16,reseau-urbain-interurbain-et-scolaire-de-la-communaute-dagglomeration-privas-centre-ardeche,Réseau urbain et scolaire T'CAP,81342,https://static.data.gouv.fr/resources/reseau-urbain-interurbain-et-scolaire-de-la-communaute-dagglomeration-privas-centre-ardeche/20260918-122939/gtfs-scolaire-v1-2026.zip,"[{""type"": ""epci"", ""nom"": ""CA Privas Centre Ardèche"", ""insee"": ""200071413""}]",data/raw/gtfs/2026-10/5cb42b2a8b4c4178f85e4a16/81342.zip,True,,2026-10-09,,,,,2,True,True,True,[],"[""agency.txt"", ""attributions.txt"", ""calendar.txt"", ""calendar_dates.txt"", ""routes.txt"", ""shapes.txt"", ""stop_times.txt"", ""stops.txt"", ""trips.txt""]",False,False,2025-09-01,2027-09-30,False,623,169,"[""TCAP Scolaire""]","[4.400513, 44.675495, 4.8345857, 44.935616]",2026-10-09,
5cb42b2a8b4c4178f85e4a16,reseau-urbain-interurbain-et-scolaire-de-la-communaute-dagglomeration-privas-centre-ardeche,Réseau urbain et scolaire T'CAP,79272,https://static.data.gouv.fr/resources/reseau-urbain-interurbain-et-scolaire-de-la-communaute-dagglomeration-privas-centre-ardeche/20260918-123000/gtfs-dsp-2026.zip,"[{""type"": ""epci"", ""nom"": ""CA Privas Centre Ardèche"", ""insee"": ""200071413""}]",data/raw/gtfs/2026-10/5cb42b2a8b4c4178f85e4a16/79272.zip,True,,2026-10-09,,,,,2,True,True,True,[],"[""agency.txt"", ""attributions.txt"", ""calendar.txt"", ""calendar_dates.txt"", ""routes.txt"", ""shapes.txt"", ""stop_times.txt"", ""stops.txt"", ""trips.txt""]",False,False,2025-09-01,2027-09-30,False,271,272,"[""T-CAP""]","[4.5391982, 44.694342, 4.80923, 44.8323]",2026-10-09,
63b4c3d25c38a3ee979dde9b,offre-de-transport-du-reseau-linggo-en-ville-petr-du-pays-de-langres,Réseau urbain Linggo En Ville,80403,https://api.grandest2.cityway.fr/exs/GTFS?Key=OPENDATA&OperatorCode=LAN,"[{""type"": ""epci"", ""nom"": ""CC d'Auberive Vingeanne et Montsaugeonnais"", ""insee"": ""200027308""}, {""type"": ""epci"", ""nom"": ""CC des Savoir-Faire"", ""insee"": ""200070332""}, {""type"": ""epci"", ""nom"": ""CC du Grand Langres"", ""insee"": ""200072999""}]",data/raw/gtfs/2026-10/63b4c3d25c38a3ee979dde9b/80403.zip,True,,2026-10-09,,,,,1,False,True,True,[],"[""agency.txt"", ""calendar.txt"", ""calendar_dates.txt"", ""feed_info.txt"", ""routes.txt"", ""shapes.txt"", ""stop_times.txt"", ""stops.txt"", ""transfers.txt"", ""trips.txt""]",False,False,2026-08-27,2027-09-01,False,96,79,"[""Autobus Langrois Pret a Partir""]","[5.3139001, 47.8313329, 5.3618501898, 47.8775999]",2026-10-09,
63b4c3d22989785f7e9dde9a,offre-de-transport-du-reseau-cmonbus-communaute-dagglomeration-de-chaumont,Réseau urbain Cmonbus,80410,https://api.grandest2.cityway.fr/exs/GTFS?Key=OPENDATA&OperatorCode=CHT,"[{""type"": ""epci"", ""nom"": ""CA de Chaumont"", ""insee"": ""200068658""}]",data/raw/gtfs/2026-10/63b4c3d22989785f7e9dde9a/80410.zip,True,,2026-10-09,,,,,1,False,True,True,[],"[""agency.txt"", ""calendar.txt"", ""calendar_dates.txt"", ""feed_info.txt"", ""routes.txt"", ""shapes.txt"", ""stop_times.txt"", ""stops.txt"", ""transfers.txt"", ""trips.txt""]",False,False,2026-07-30,2027-08-31,False,192,201,"[""CMONBUS""]","[5.0031996, 48.0730954, 5.1601343, 48.1249999]",2026-10-09,
632a56a744e491b8ebeacfa7,arrets-horaires-et-parcours-theoriques-des-reseaux-naq-tut-nva-m-1,Réseau urbain TuT,82379,https://www.pigma.org/public/opendata/nouvelle_aquitaine_mobilites/publication/ca_tulle-aggregated-gtfs.zip,"[{""type"": ""epci"", ""nom"": ""CA Tulle Agglo"", ""insee"": ""241927201""}]",data/raw/gtfs/2026-10/632a56a744e491b8ebeacfa7/82379.zip,True,,2026-10-09,,,,,1,False,True,True,[],"[""agency.txt"", ""calendar.txt"", ""calendar_dates.txt"", ""routes.txt"", ""shapes.txt"", ""stop_times.txt"", ""stops.txt"", ""trips.txt""]",False,False,2026-03-28,2026-12-31,False,180,125,"[""TuT agglo (Tulle agglo)""]","[1.739584, 45.241657, 1.784626, 45.286156]",2026-10-09,
63b690e7498125c6c79a0b18,donnees-du-reseau-evad-1,Réseau urbain EVA'D,80973,https://static.data.gouv.fr/resources/donnees-du-reseau-evad-1/20260908-071948/20260904-gtfs-evad-1er-septembre2026-v02.zip,"[{""type"": ""epci"", ""nom"": ""CC Pays d'Evian Vallée d'Abondance"", ""insee"": ""200071967""}]",data/raw/gtfs/2026-10/63b690e7498125c6c79a0b18/80973.zip,True,,2026-10-09,,,,,2,True,True,True,[],"[""agency.txt"", ""calendar.txt"", ""calendar_dates.txt"", ""routes.txt"", ""shapes.txt"", ""stop_times.txt"", ""stops.txt"", ""trips.txt""]",False,False,2026-09-04,2026-12-20,False,736,1085,"[""EVAD""]","[6.462508, 46.25470051216886, 6.840646, 46.407493]",2026-10-09,
63b690e7498125c6c79a0b18,donnees-du-reseau-evad-1,Réseau urbain EVA'D,83746,https://static.data.gouv.fr/resources/donnees-du-reseau-evad-1/20251209-123614/gtfs-scolaire.zip,"[{""type"": ""epci"", ""nom"": ""CC Pays d'Evian Vallée d'Abondance"", ""insee"": ""200071967""}]",data/raw/gtfs/2026-10/63b690e7498125c6c79a0b18/83746.zip,True,,2026-10-09,,,,,2,True,True,True,[],"[""agency.txt"", ""calendar.txt"", ""calendar_dates.txt"", ""companies.txt"", ""contracts.txt"", ""drivers.txt"", ""equipments.txt"", ""fare_attributes.txt"", ""fare_rules.txt"", ""routes.txt"", ""shapes.txt"", ""stop_equipments.txt"", ""stop_times.txt"", ""stops.txt"", ""transfers.txt"", ""trips.txt"", ""vehicles.txt""]",False,False,2025-02-12,2026-07-03,True,280,133,"[""EVAD"", ""cc-peva""]","[6.257043, 46.24887645250251, 6.843690189, 46.407895]",2026-10-09,
5b4f299cc751df452b86361b,donnees-gtfs-du-reseau-de-transports-public-du-grand-cahors,Réseau urbain Evidence,81432,https://static.data.gouv.fr/resources/donnees-gtfs-du-reseau-de-transports-public-du-grand-cahors/20250903-064002/gtfs-.zip,"[{""type"": ""epci"", ""nom"": ""CA du Grand Cahors"", ""insee"": ""200023737""}]",data/raw/gtfs/2026-10/5b4f299cc751df452b86361b/81432.zip,True,,2026-10-09,,,,,1,False,True,True,[],"[""agency.txt"", ""calendar.txt"", ""calendar_dates.txt"", ""fare_attributes.txt"", ""feed_info.txt"", ""route_directions.txt"", ""routes.txt"", ""shapes.txt"", ""stop_times.txt"", ""stops.txt"", ""transfers.txt"", ""trips.txt""]",False,False,2022-08-11,2026-10-31,False,179,568,"[""Évidence Grand Cahors""]","[1.3701011, 44.41326, 1.516145, 44.49733183]",2026-10-09,
64182ba1498af95f76593f69,horaires-theoriques-du-reseau-urbain-de-laon-tul-gtfs,Réseau urbain TUL,80707,https://s3.eu-west-1.amazonaws.com/files.orchestra.ratpdev.com/networks/tul-gares/exports/medias.zip,"[{""type"": ""epci"", ""nom"": ""CA du Pays de Laon"", ""insee"": ""200043495""}]",data/raw/gtfs/2026-10/64182ba1498af95f76593f69/80707.zip,True,,2026-10-09,,,,,1,False,True,True,[],"[""agency.txt"", ""calendar.txt"", ""calendar_dates.txt"", ""feed_info.txt"", ""routes.txt"", ""shapes.txt"", ""stop_times.txt"", ""stops.txt"", ""trips.txt""]",False,False,2026-07-17,2027-07-04,False,136,417,"[""CTPL""]","[3.584078, 49.544747, 3.65777, 49.593508]",2026-10-09,
63569e592e0b3789f55f360c,saonibus-horaires-theoriques-et-temps-reel-du-reseau-de-transport-urbain-de-la-cc-dsv,Réseau urbain Saônibus,79859,https://api.oura3.cityway.fr/dataflow/offre-tc/download?provider=SAONIBUS&dataFormat=GTFS&dataProfil=OPENDATA,"[{""type"": ""epci"", ""nom"": ""CC Dombes Saône Vallée"", ""insee"": ""200042497""}]",data/raw/gtfs/2026-10/63569e592e0b3789f55f360c/79859.zip,True,,2026-10-09,,,,,1,False,True,True,[],"[""agency.txt"", ""calendar.txt"", ""calendar_dates.txt"", ""feed_info.txt"", ""routes.txt"", ""shapes.txt"", ""stop_times.txt"", ""stops.txt"", ""transfers.txt"", ""trips.txt""]",False,False,2026-09-01,2027-08-31,False,50,55,"[""TREVOUX - Saônibus""]","[4.719542, 45.877379, 4.838351, 45.952252]",2026-10-09,
64a07ad23ba03a28b3bdc790,donnees-theoriques-et-temps-reel,Réseau urbain Tout'enbus,81255,https://app.mecatran.com/utw/ws/gtfsfeed/static/aubenas?apiKey=6527571c533049035b6a0d41252853243b1f2a68,"[{""type"": ""epci"", ""nom"": ""CC du Bassin d'Aubenas"", ""insee"": ""200073245""}]",data/raw/gtfs/2026-10/64a07ad23ba03a28b3bdc790/81255.zip,True,,2026-10-09,,,,,1,False,True,True,[],"[""agency.txt"", ""attributions.txt"", ""calendar.txt"", ""calendar_dates.txt"", ""fare_attributes.txt"", ""fare_rules.txt"", ""feed_info.txt"", ""routes.txt"", ""shapes.txt"", ""stop_times.txt"", ""stops.txt"", ""transfers.txt"", ""trips.txt""]",False,False,2026-09-04,2027-08-29,False,245,209,"[""AUBENAS - Tout'enbus""]","[4.312625, 44.55428, 4.461427, 44.680355]",2026-10-09,
5f96eb173872ca11a2acda3b,horaires-theoriques-et-temps-reel-du-reseau-lulu-en-bus-ex-luneo-gtfs-gtfs-rt,Réseau urbain Lunéo,83509,https://app.pysae.com/api/v2/groups/luneo/gtfs/pub,"[{""type"": ""epci"", ""nom"": ""CC du Territoire de Lunéville à Baccarat"", ""insee"": ""200070324""}]",data/raw/gtfs/2026-10/5f96eb173872ca11a2acda3b/83509.zip,True,,2026-10-09,,,,,1,False,True,True,[],"[""agency.txt"", ""calendar.txt"", ""calendar_dates.txt"", ""routes.txt"", ""shapes.txt"", ""stop_times.txt"", ""stops.txt"", ""trips.txt""]",False,False,2026-01-02,2026-12-31,False,97,70,"[""LUNEO""]","[6.476206, 48.571792, 6.534705, 48.605305]",2026-10-09,
63b4c3d2998fd84635a80dca,fr-200052264-t0023-0000-1,Réseau urbain Le Bus,80465,https://api.grandest2.cityway.fr/exs/GTFS?Key=OPENDATA&OperatorCode=LEBUS,"[{""type"": ""epci"", ""nom"": ""CC du Bassin de Pont-à-Mousson"", ""insee"": ""200041515""}]",data/raw/gtfs/2026-10/63b4c3d2998fd84635a80dca/80465.zip,True,,2026-10-09,,,,,1,False,True,True,[],"[""agency.txt"", ""calendar.txt"", ""calendar_dates.txt"", ""feed_info.txt"", ""routes.txt"", ""shapes.txt"", ""stop_times.txt"", ""stops.txt"", ""transfers.txt"", ""trips.txt""]",False,False,2026-08-25,2027-09-30,False,221,259,"[""LEBUS""]","[5.9372526737, 48.7940476, 6.1646695, 48.9653817802]",2026-10-09,
6aba64850843835c85dfe067,ligne-de-bus-obc,Réseau urbain OBC,84235,https://static.data.gouv.fr/resources/ligne-de-bus-obc/20260928-125845/gtfs-obc1-hiver-2026-2027.zip,"[{""type"": ""epci"", ""nom"": ""CC de l'Oust à Brocéliande"", ""insee"": ""200066785""}]",data/raw/gtfs/2026-10/6aba64850843835c85dfe067/84235.zip,True,,2026-10-09,,,,,1,False,True,True,[],"[""agency.txt"", ""calendar.txt"", ""feed_info.txt"", ""routes.txt"", ""shapes.txt"", ""stop_times.txt"", ""stops.txt"", ""trips.txt""]",False,False,2026-09-01,2027-08-31,False,5,20,"[""Oust à Brocéliande Communauté""]","[-2.386024, 47.904096, -2.120144, 47.930492]",2026-10-09,
699652dd0a4128172bf1e1c8,offre-de-transport-cc-sud-gironde,Réseau urbain CC Sud Gironde Mobilités,83853,https://www.pigma.org/public/opendata/nouvelle_aquitaine_mobilites/publication/cc_sud_gironde-aggregated-gtfs.zip,"[{""type"": ""epci"", ""nom"": ""CC du Sud Gironde"", ""insee"": ""200043974""}]",data/raw/gtfs/2026-10/699652dd0a4128172bf1e1c8/83853.zip,True,,2026-10-09,,,,,1,False,True,True,[],"[""agency.txt"", ""calendar.txt"", ""routes.txt"", ""shapes.txt"", ""stop_times.txt"", ""stops.txt"", ""trips.txt""]",False,False,2026-08-31,2027-08-31,False,294,186,"[""Sud Gironde Mobilité (cdc Sud Gironde)""]","[-0.424767, 44.457905, 0.08001, 44.657368]",2026-10-09,
63b4c3d25e8da006139dde9b,fr-200052264-t0022-0000-1,Réseau urbain Le SIT,80475,https://api.grandest2.cityway.fr/exs/GTFS?Key=OPENDATA&OperatorCode=LESIT,"[{""type"": ""epci"", ""nom"": ""CC du Bassin de Pompey"", ""insee"": ""245400601""}]",data/raw/gtfs/2026-10/63b4c3d25e8da006139dde9b/80475.zip,True,,2026-10-09,,,,,1,False,True,True,[],"[""agency.txt"", ""calendar.txt"", ""calendar_dates.txt"", ""feed_info.txt"", ""routes.txt"", ""shapes.txt"", ""stop_times.txt"", ""stops.txt"", ""transfers.txt"", ""trips.txt""]",False,False,2026-09-07,2026-12-31,False,324,286,"[""LE SIT""]","[6.0429044, 48.721591270599994, 6.2341009, 48.8020309]",2026-10-09,
6aad138e7b2f5124c636d922,gtfs-reseau-alliance-bus-grand-auch,Réseau urbain Alliance,84228,https://zenbus.net/gtfs/static/download.zip?dataset=auch-alliance,"[{""type"": ""epci"", ""nom"": ""CA Grand Auch Coeur de Gascogne"", ""insee"": ""200066926""}]",data/raw/gtfs/2026-10/6aad138e7b2f5124c636d922/84228.zip,True,,2026-10-09,,,,,1,False,True,True,[],"[""agency.txt"", ""calendar.txt"", ""calendar_dates.txt"", ""feed_info.txt"", ""frequencies.txt"", ""routes.txt"", ""shapes.txt"", ""stop_times.txt"", ""stops.txt"", ""trips.txt""]",False,False,2026-07-09,2027-01-02,False,236,1208,"[""Alliance""]","[0.559899, 43.605552, 0.690744, 43.712101]",2026-10-09,
6aa9446178ca04675cf33d92,bus-plm,Réseau urbain PLM,84245,https://static.data.gouv.fr/resources/bus-plm/20260922-120359/plm.zip,"[{""type"": ""epci"", ""nom"": ""CC Le Grand Charolais"", ""insee"": ""200071884""}]",data/raw/gtfs/2026-10/6aa9446178ca04675cf33d92/84245.zip,True,,2026-10-09,,,,,1,False,True,True,[],"[""agency.txt"", ""calendar.txt"", ""routes.txt"", ""stop_times.txt"", ""stops.txt"", ""trips.txt""]",False,False,2024-07-01,2032-06-30,False,35,20,"[""TRANSARC""]","[4.097775, 46.43583, 4.129237724, 46.467719]",2026-10-09,
68daa98c15653c939e48a336,gtfs-3,Réseau urbain Compagnie d'Autobus de Monaco,83756,https://static.data.gouv.fr/resources/gtfs-3/20261009-040050/gtfs.zip,"[{""type"": ""pays"", ""nom"": ""Monaco"", ""insee"": ""MC""}]",data/raw/gtfs/2026-10/68daa98c15653c939e48a336/83756.zip,True,,2026-10-09,,,,,1,False,True,True,[],"[""agency.txt"", ""calendar.txt"", ""calendar_dates.txt"", ""routes.txt"", ""shapes.txt"", ""stop_times.txt"", ""stops.txt"", ""trips.txt""]",False,False,2026-10-05,2026-10-21,False,95,2461,"[""Compagnie des Autobus de Monaco""]","[7.410849, 43.726546, 7.438602, 43.75188]",2026-10-09,
64a70ea48ac48fd73181d7e5,donnees-theoriques-et-temps-reel-du-reseau-sablons-bus-communaute-de-communes-des-sablons,Réseau urbain Sablons Bus,81651,https://api.oisemob.cityway.fr/dataflow/tad/download?provider=SABLONS&dataFormat=gtfs,"[{""type"": ""epci"", ""nom"": ""CC des Sablons"", ""insee"": ""246000582""}]",data/raw/gtfs/2026-10/64a70ea48ac48fd73181d7e5/81651.zip,True,,2026-10-09,,,,,2,True,True,True,[],"[""agency.txt"", ""calendar.txt"", ""calendar_dates.txt"", ""location_groups.txt"", ""locations.geojson"", ""routes.txt"", ""stop_times.txt"", ""stops.txt"", ""trips.txt""]",True,False,2017-07-03,9999-12-31,False,103,14,"[""Sablons Bus - C.C. des Sablons""]","[1.96566998958588, 49.1990812195048, 2.3271964146056, 49.294299515329]",2026-10-09,
64a70ea48ac48fd73181d7e5,donnees-theoriques-et-temps-reel-du-reseau-sablons-bus-communaute-de-communes-des-sablons,Réseau urbain Sablons Bus,81070,https://api.oisemob.cityway.fr/dataflow/offre-tc/download?provider=SABLONS&dataFormat=GTFS&dataProfil=OPENDATA,"[{""type"": ""epci"", ""nom"": ""CC des Sablons"", ""insee"": ""246000582""}]",data/raw/gtfs/2026-10/64a70ea48ac48fd73181d7e5/81070.zip,True,,2026-10-09,,,,,2,True,True,True,[],"[""agency.txt"", ""calendar.txt"", ""calendar_dates.txt"", ""routes.txt"", ""shapes.txt"", ""stop_times.txt"", ""stops.txt"", ""transfers.txt"", ""trips.txt""]",False,False,2026-10-05,2026-12-31,False,55,179,"[""Sablons Bus - C.C. des Sablons""]","[2.02918, 49.201989, 2.143967, 49.263239]",2026-10-09,
66f6a275ab99f02749ce59f3,ficibus-fecamp-caux-littoral,Réseau urbain Ficibus,82311,https://static.data.gouv.fr/resources/ficibus-fecamp-caux-littoral/20260820-084152/pt-th-offer-ficibus-gtfs-20260819-833-opendata.zip,"[{""type"": ""epci"", ""nom"": ""CA Fécamp Caux Littoral Agglomération"", ""insee"": ""200069821""}]",data/raw/gtfs/2026-10/66f6a275ab99f02749ce59f3/82311.zip,True,,2026-10-09,,,,,1,False,True,True,[],"[""agency.txt"", ""calendar.txt"", ""calendar_dates.txt"", ""routes.txt"", ""shapes.txt"", ""stop_times.txt"", ""stops.txt"", ""transfers.txt"", ""trips.txt""]",False,False,2026-08-19,2027-08-31,False,85,327,"[""Ficibus (Fécamp Caux Littoral)""]","[0.361637, 49.743522, 0.4152275, 49.7641937]",2026-10-09,
5bd9af8a8b4c413b079f1ee3,reseau-urbain-le-vib,Réseau urbain Le Vib',82554,https://static.data.gouv.fr/resources/reseau-urbain-le-vib/20260806-083754/gtfs-20260805-151415-levib-hb-pan-du-01-08-26-au-31-07-27.zip,"[{""type"": ""epci"", ""nom"": ""CC Vierzon-Sologne-Berry"", ""insee"": ""200090561""}]",data/raw/gtfs/2026-10/5bd9af8a8b4c413b079f1ee3/82554.zip,True,,2026-10-09,,,,,1,False,True,True,[],"[""agency.txt"", ""attributions.txt"", ""calendar.txt"", ""calendar_dates.txt"", ""fare_attributes.txt"", ""fare_rules.txt"", ""feed_info.txt"", ""routes.txt"", ""shapes.txt"", ""stop_times.txt"", ""stops.txt"", ""trips.txt""]",False,False,2026-08-01,2027-07-31,False,281,333,"[""Le VIB (Vierzon)""]","[2.038361, 47.199833, 2.109879, 47.240067]",2026-10-09,
64a717392b51b69db1b44220,donnees-theoriques-et-temps-reel-du-reseau-le-bus-communaute-de-communes-du-clermontois,Réseau urbain Le Bus,81652,https://api.oisemob.cityway.fr/dataflow/tad/download?provider=LEBUS&dataFormat=gtfs,"[{""type"": ""epci"", ""nom"": ""CC du Clermontois"", ""insee"": ""246000376""}]",data/raw/gtfs/2026-10/64a717392b51b69db1b44220/81652.zip,True,,2026-10-09,,,,,2,True,True,False,[],"[""agency.txt"", ""calendar_dates.txt"", ""calendars.txt"", ""location_groups.txt"", ""locations.geojson"", ""routes.txt"", ""stop_times.txt"", ""stops.txt"", ""trips.txt""]",True,False,,,,19,4,"[""Le Bus - C.C. du Clermontois""]","[2.400503, 49.366244, 2.53582, 49.42996]",2026-10-09,"Binder Error: Referenced column ""date"" not found in FROM clause!
Candidate bindings: ""tuesday"", ""saturday""

LINE 3:             SELECT service_id, CAST(strptime(date, '%Y%m%d') AS DATE) AS day,
                                                     ^"
64a717392b51b69db1b44220,donnees-theoriques-et-temps-reel-du-reseau-le-bus-communaute-de-communes-du-clermontois,Réseau urbain Le Bus,81056,https://api.oisemob.cityway.fr/dataflow/offre-tc/download?provider=LEBUS&dataFormat=GTFS&dataProfil=OPENDATA,"[{""type"": ""epci"", ""nom"": ""CC du Clermontois"", ""insee"": ""246000376""}]",data/raw/gtfs/2026-10/64a717392b51b69db1b44220/81056.zip,True,,2026-10-09,,,,,2,True,True,True,[],"[""agency.txt"", ""calendar.txt"", ""calendar_dates.txt"", ""routes.txt"", ""shapes.txt"", ""stop_times.txt"", ""stops.txt"", ""transfers.txt"", ""trips.txt""]",False,False,2026-09-23,2026-12-31,False,74,452,"[""Le Bus - C.C. du Clermontois""]","[2.320981, 49.311383, 2.50993, 49.39839]",2026-10-09,
63b4c3d35a09dd67fc9dde9e,offre-de-transport-du-reseau-elsa-petr-selestat-alsace-centrale,Réseau urbain ELSA,80401,https://api.grandest2.cityway.fr/exs/GTFS?Key=OPENDATA&OperatorCode=CCSelestat,"[{""type"": ""epci"", ""nom"": ""CC de Sélestat"", ""insee"": ""246700967""}]",data/raw/gtfs/2026-10/63b4c3d35a09dd67fc9dde9e/80401.zip,True,,2026-10-09,,,,,1,False,True,True,[],"[""agency.txt"", ""calendar.txt"", ""calendar_dates.txt"", ""feed_info.txt"", ""routes.txt"", ""shapes.txt"", ""stop_times.txt"", ""stops.txt"", ""transfers.txt"", ""trips.txt""]",False,False,2026-05-11,2026-12-31,False,183,818,"[""ELSA""]","[7.1805457, 48.2277097, 7.5400386, 48.3098856]",2026-10-09,
6a0ad3fb76608d8f515d1d7b,smtut-horaires-des-bus-de-lagglomeration-de-thiers,Réseau urbain SMTUT,84032,https://api.oura3.cityway.fr/dataflow/offre-tc/download?provider=THIERS&dataFormat=GTFS&dataProfil=OPENDATA,"[{""type"": ""epci"", ""nom"": ""CC Thiers Dore et Montagne"", ""insee"": ""200070712""}]",data/raw/gtfs/2026-10/6a0ad3fb76608d8f515d1d7b/84032.zip,True,,2026-10-09,,,,,1,False,True,True,[],"[""agency.txt"", ""calendar.txt"", ""calendar_dates.txt"", ""feed_info.txt"", ""routes.txt"", ""shapes.txt"", ""stop_times.txt"", ""stops.txt"", ""transfers.txt"", ""trips.txt""]",False,False,2026-09-01,2027-01-02,False,1044,355,"[""THIERS - SMTUT""]","[3.3708092, 45.7028618, 3.726741, 46.0149028]",2026-10-09,
68fc132e698e15f2e09cb534,offre-de-transport-cc-du-thouarsais,Réseau urbain T'Bus,83533,https://www.pigma.org/public/opendata/nouvelle_aquitaine_mobilites/publication/cc_du_thouarsais-aggregated-gtfs.zip,"[{""type"": ""epci"", ""nom"": ""CC du Thouarsais"", ""insee"": ""247900798""}]",data/raw/gtfs/2026-10/68fc132e698e15f2e09cb534/83533.zip,True,,2026-10-09,,,,,1,False,True,True,[],"[""agency.txt"", ""calendar.txt"", ""calendar_dates.txt"", ""routes.txt"", ""shapes.txt"", ""stop_times.txt"", ""stops.txt"", ""trips.txt""]",False,False,2026-09-05,2027-09-01,False,62,44,"[""AUDOUARD""]","[-0.244899, 46.973148, -0.172929, 47.004349]",2026-10-09,
60d03cf9a14cb33ff81682a2,arrets-lignes-regulieres-reseau-de-transport-urbain-a-autun,Réseau urbain ça roule,83383,https://static.data.gouv.fr/resources/arrets-lignes-regulieres-reseau-de-transport-urbain-a-autun/20251030-071946/ligne-a-autun-ca-roule.zip,"[{""type"": ""epci"", ""nom"": ""CC du Grand Autunois Morvan"", ""insee"": ""200070530""}]",data/raw/gtfs/2026-10/60d03cf9a14cb33ff81682a2/83383.zip,True,,2026-10-09,,,,,1,False,True,True,[],"[""agency.txt"", ""calendar.txt"", ""calendar_dates.txt"", ""routes.txt"", ""stop_times.txt"", ""stops.txt"", ""stops_radius.txt"", ""trip_kilometers.txt"", ""trips.txt"", ""trips_infos.txt"", ""trips_service.txt""]",False,False,2025-09-01,2028-08-31,False,16,23,"[""SBTM""]","[4.28491117488887, 46.9488519050809, 4.315822703, 46.96653719]",2026-10-09,
64a80c10c56f9928b3f98d8f,donnees-theoriques-et-temps-reel-du-reseau-tohm-communaute-de-communes-des-pays-doise-et-dhalatte,Réseau urbain TOHM,81034,https://api.oisemob.cityway.fr/dataflow/offre-tc/download?provider=TOHM&dataFormat=GTFS&dataProfil=OPENDATA,"[{""type"": ""epci"", ""nom"": ""CC des Pays d'Oise et d'Halatte"", ""insee"": ""246000921""}]",data/raw/gtfs/2026-10/64a80c10c56f9928b3f98d8f/81034.zip,True,,2026-10-09,,,,,1,False,True,True,[],"[""agency.txt"", ""calendar.txt"", ""calendar_dates.txt"", ""routes.txt"", ""shapes.txt"", ""stop_times.txt"", ""stops.txt"", ""transfers.txt"", ""trips.txt""]",False,False,2026-09-24,2027-12-26,False,118,204,"[""Tohm - C.C. des pays d'Oise et d'Halatte""]","[2.497462, 49.2556323, 2.6799908, 49.3468199]",2026-10-09,
670f89d5f59a60474d3d7ecd,ecla-lons-agglo-mobilites,Réseau urbain ECLA Mobilité,82415,https://static.data.gouv.fr/resources/ecla-lons-agglo-mobilites/20250507-095356/gtfs-ecla-l1-l2-l3-l4-07-05-2025.zip,"[{""type"": ""epci"", ""nom"": ""CA ECLA  (Espace Communautaire Lons Agglomération)"", ""insee"": ""200071116""}]",data/raw/gtfs/2026-10/670f89d5f59a60474d3d7ecd/82415.zip,True,,2026-10-09,,,,,1,False,True,True,[],"[""agency.txt"", ""calendar.txt"", ""calendar_dates.txt"", ""routes.txt"", ""stop_times.txt"", ""stops.txt"", ""stops_radius.txt"", ""trip_kilometers.txt"", ""trips.txt"", ""trips_infos.txt"", ""trips_service.txt""]",False,False,2024-08-01,2029-07-31,False,59,80,"[""ECLA LONS AGGLO MOBILITÉS""]","[5.5247109, 46.6670599, 5.58318755, 46.6926452]",2026-10-09,
63b4c3d35e8da006139dde9d,fr-200052264-t0003-0000-1,Réseau urbain TUB,80441,https://api.grandest2.cityway.fr/exs/GTFS?Key=OPENDATA&OperatorCode=TUB,"[{""type"": ""epci"", ""nom"": ""CA de Bar-le-Duc - Sud Meuse"", ""insee"": ""200033025""}]",data/raw/gtfs/2026-10/63b4c3d35e8da006139dde9d/80441.zip,True,,2026-10-09,,,,,1,False,True,True,[],"[""agency.txt"", ""calendar.txt"", ""calendar_dates.txt"", ""feed_info.txt"", ""routes.txt"", ""shapes.txt"", ""stop_times.txt"", ""stops.txt"", ""transfers.txt"", ""trips.txt""]",False,False,2026-09-07,2026-12-31,False,419,493,"[""TUB""]","[5.0260291, 48.6274149, 5.3871771, 48.8374602]",2026-10-09,
66f680c6dc0a5b339ab8755f,argentanbus-argentan-intercom,Réseau urbain Argentan Bus,82315,https://static.data.gouv.fr/resources/argentanbus-argentan-intercom/20260710-125655/pt-th-offer-argentanbus-gtfs-20260707-611-opendata-1-.zip,"[{""type"": ""epci"", ""nom"": ""CC Terres d'Argentan Interco"", ""insee"": ""200068450""}]",data/raw/gtfs/2026-10/66f680c6dc0a5b339ab8755f/82315.zip,True,,2026-10-09,,,,,1,False,True,True,[],"[""agency.txt"", ""calendar.txt"", ""calendar_dates.txt"", ""routes.txt"", ""shapes.txt"", ""stop_times.txt"", ""stops.txt"", ""transfers.txt"", ""trips.txt""]",False,False,2026-07-08,2026-12-31,False,87,245,"[""ArgentanBus (Argentan Intercom)""]","[-0.042665, 48.702751, 0.007979, 48.755698]",2026-10-09,
616853a698450ae104dcab37,offre-de-transports-jybus-a-rumilly,Réseau urbain Jybus,80092,https://static.data.gouv.fr/resources/offre-de-transports-jybus-a-rumilly/20260807-132033/gtfs-jybus.zip,"[{""type"": ""epci"", ""nom"": ""CC Rumilly Terre de Savoie"", ""insee"": ""247400740""}]",data/raw/gtfs/2026-10/616853a698450ae104dcab37/80092.zip,True,,2026-10-09,,,,,1,False,True,True,[],"[""agency.txt"", ""calendar.txt"", ""calendar_dates.txt"", ""routes.txt"", ""shapes.txt"", ""stop_times.txt"", ""stops.txt"", ""trips.txt""]",False,False,2026-08-06,2027-07-03,False,213,777,"[""JYBUS"", ""SIBRA""]","[5.9237599, 45.8356665, 6.1203992, 45.9282794]",2026-10-09,
60235ae2071b4e4c927a57de,horaires-des-bacs-de-loire-en-loire-atlantique-gtfs,Bacs de Loire en Loire-Atlantique (44),84024,https://data.loire-atlantique.fr/api/v2/catalog/datasets/224400028_horaires-bacs-loire-en-loire-atlantique-gtfs/alternative_exports/gtfs_bac_loire2026_zip,"[{""type"": ""commune"", ""nom"": ""Couëron"", ""insee"": ""44047""}, {""type"": ""commune"", ""nom"": ""Indre"", ""insee"": ""44074""}, {""type"": ""commune"", ""nom"": ""Le Pellerin"", ""insee"": ""44120""}]",data/raw/gtfs/2026-10/60235ae2071b4e4c927a57de/84024.zip,True,,2026-10-09,,,,,1,False,True,True,[],"[""agency.txt"", ""calendar.txt"", ""calendar_dates.txt"", ""fare_attributes.txt"", ""fare_rules.txt"", ""frequencies.txt"", ""routes.txt"", ""shapes.txt"", ""stop_times.txt"", ""stops.txt"", ""trips.txt""]",False,False,2025-01-01,2027-12-31,False,4,8,"[""Compagnie des Bacs de Loire""]","[-1.755383, 47.195423, -1.673582, 47.205753]",2026-10-09,
66f6a8e0e308c66a6e41e503,le-bus-pont-audemer-val-de-risle,Réseau urbain Le Bus,82310,https://static.data.gouv.fr/resources/le-bus-pont-audemer-val-de-risle/20250819-074312/pt-th-offer-lebus-gtfs-20250812-817-opendata.zip,"[{""type"": ""epci"", ""nom"": ""CC de Pont-Audemer / Val de Risle"", ""insee"": ""200065787""}]",data/raw/gtfs/2026-10/66f6a8e0e308c66a6e41e503/82310.zip,True,,2026-10-09,,,,,1,False,True,True,[],"[""agency.txt"", ""calendar.txt"", ""calendar_dates.txt"", ""routes.txt"", ""shapes.txt"", ""stop_amenities.txt"", ""stop_times.txt"", ""stops.txt"", ""transfers.txt"", ""trips.txt""]",False,False,2025-08-12,2026-08-31,True,27,15,"[""Le Bus (Pont-Audemer/Val de Risle)""]","[0.49807, 49.3412625, 0.5481094, 49.358354]",2026-10-09,
5bd9d098634f4139e42617c5,reseau-lagglo-bus-de-lagglo-foix-varilhes,Réseau urbain l'agglobus,25381,https://static.data.gouv.fr/resources/reseau-lagglo-bus-de-lagglo-foix-varilhes/20251217-143135/gtfs-1er-decembre2025.zip,"[{""type"": ""epci"", ""nom"": ""CA L'Agglo Foix-Varilhes"", ""insee"": ""200067791""}]",data/raw/gtfs/2026-10/5bd9d098634f4139e42617c5/25381.zip,True,,2026-10-09,,,,,1,False,True,True,[],"[""agency.txt"", ""calendar.txt"", ""calendar_dates.txt"", ""feed_info.txt"", ""routes.txt"", ""stop_times.txt"", ""stops.txt"", ""trips.txt""]",False,False,2025-12-01,2027-05-31,False,182,319,"[""Foix Urbain""]","[1.55832, 42.917216, 1.64832, 43.08017]",2026-10-09,
69e6bfdb7a48bc9cf8a21d60,offre-de-transport-cc-aunis-atlantique,Réseau urbain - Navette Ariane,83982,https://www.pigma.org/public/opendata/nouvelle_aquitaine_mobilites/publication/cc_aunis_atlantique-aggregated-gtfs.zip,"[{""type"": ""epci"", ""nom"": ""CC Aunis Atlantique"", ""insee"": ""200041499""}]",data/raw/gtfs/2026-10/69e6bfdb7a48bc9cf8a21d60/83982.zip,True,,2026-10-09,,,,,1,False,True,True,[],"[""agency.txt"", ""calendar_dates.txt"", ""routes.txt"", ""shapes.txt"", ""stop_times.txt"", ""stops.txt"", ""trips.txt""]",False,False,2026-09-07,2027-09-03,False,22,20,"[""keolis_littoral""]","[-0.989277, 46.226501, -0.80936, 46.308064]",2026-10-09,
5cdac0058b4c4107cf50adaa,horaires-theoriques-du-reseau-moova-communaute-dagglomeration-de-vesoul-gtfs,Réseau urbain moova,81222,https://static.data.gouv.fr/resources/horaires-theoriques-du-reseau-moova-communaute-dagglomeration-de-vesoul-gtfs/20260827-074354/gtfs-moova.zip,"[{""type"": ""epci"", ""nom"": ""CA de Vesoul"", ""insee"": ""247000011""}]",data/raw/gtfs/2026-10/5cdac0058b4c4107cf50adaa/81222.zip,True,,2026-10-09,,,,,1,False,True,True,[],"[""agency.txt"", ""calendar.txt"", ""calendar_dates.txt"", ""routes.txt"", ""shapes.txt"", ""stop_times.txt"", ""stops.txt"", ""trips.txt""]",False,False,2026-08-26,2027-08-31,False,326,654,"[""moova""]","[6.034618, 47.523861, 6.240636, 47.669773]",2026-10-09,
65af01d6ca6cb8d7415aa4a0,offre-de-transport-cc-jalles-eau-bourde,Réseau urbain de la CC Jalle Eau Bourde,81557,https://www.pigma.org/public/opendata/nouvelle_aquitaine_mobilites/publication/jalle_eau_bourde-aggregated-gtfs.zip,"[{""type"": ""epci"", ""nom"": ""CC Jalle-Eau-Bourde"", ""insee"": ""243301165""}]",data/raw/gtfs/2026-10/65af01d6ca6cb8d7415aa4a0/81557.zip,True,,2026-10-09,,,,,1,False,True,True,[],"[""agency.txt"", ""calendar_dates.txt"", ""routes.txt"", ""shapes.txt"", ""stop_times.txt"", ""stops.txt"", ""trips.txt""]",False,False,2026-09-08,2027-07-03,False,159,47,"[""Proxbus (Jalle Eau Bourde)""]","[-0.795082, 44.732327, -0.64104, 44.839966]",2026-10-09,
64a825cc960362ee03ac5340,donnees-theoriques-et-temps-reel-du-reseau-libbus-communaute-de-communes-du-pays-noyonnais,Réseau urbain Lib'Bus,81054,https://api.oisemob.cityway.fr/dataflow/offre-tc/download?provider=LIBBUS&dataFormat=GTFS&dataProfil=OPENDATA,"[{""type"": ""epci"", ""nom"": ""CC du Pays Noyonnais"", ""insee"": ""246000756""}]",data/raw/gtfs/2026-10/64a825cc960362ee03ac5340/81054.zip,True,,2026-10-09,,,,,1,False,True,True,[],"[""agency.txt"", ""calendar.txt"", ""calendar_dates.txt"", ""routes.txt"", ""shapes.txt"", ""stop_times.txt"", ""stops.txt"", ""transfers.txt"", ""trips.txt""]",False,False,2026-01-02,2026-12-31,False,43,307,"[""Lib'Bus - C.C. du Pays Noyonnais""]","[2.977404, 49.569731, 3.026391, 49.598962]",2026-10-09,
65a52f9de00d359eea787e84,navettes-de-loire-forez-agglomeration,Navette de Montbrison et de Saint Just Saint Rambert,81539,https://static.data.gouv.fr/resources/navettes-de-loire-forez-agglomeration/20260825-065034/navettes-urbaines-lfa.zip,"[{""type"": ""commune"", ""nom"": ""Montbrison"", ""insee"": ""42147""}, {""type"": ""commune"", ""nom"": ""Saint-Just-Saint-Rambert"", ""insee"": ""42279""}]",data/raw/gtfs/2026-10/65a52f9de00d359eea787e84/81539.zip,True,,2026-10-09,,,,,1,False,True,True,[],"[""agency.txt"", ""calendar.txt"", ""calendar_dates.txt"", ""routes.txt"", ""shapes.txt"", ""stop_times.txt"", ""stops.txt"", ""trips.txt"", ""trips_extension.txt""]",False,False,2026-08-24,2027-08-21,False,137,120,"[""Transports Scolaires de la Loire""]","[4.0474102, 45.48868, 4.2649008, 45.61492]",2026-10-09,
60a50049fb874038a79867df,reseau-urbain-brevibus,Réseau urbain Brévibus,79151,https://static.data.gouv.fr/resources/reseau-urbain-brevibus/20260818-131256/gtfs-20260724-163855-brevibus-hors-bord-ete26hiver2627.zip,"[{""type"": ""epci"", ""nom"": ""CC du Sud Estuaire"", ""insee"": ""244400586""}]",data/raw/gtfs/2026-10/60a50049fb874038a79867df/79151.zip,True,,2026-10-09,,,,,1,False,True,True,[],"[""agency.txt"", ""calendar.txt"", ""calendar_dates.txt"", ""fare_attributes.txt"", ""fare_rules.txt"", ""feed_info.txt"", ""routes.txt"", ""shapes.txt"", ""stop_times.txt"", ""stops.txt"", ""trips.txt""]",False,False,2026-08-03,2027-07-02,False,123,200,"[""Brévibus""]","[-2.175259, 47.20343, -2.042087, 47.268319]",2026-10-09,
689b3bcf0643d67a446ba4fd,navette-a-la-voile-pour-les-glenan,Navette estivale îles des Glénan,83311,https://maxime-siret.github.io/gtfs-sailcoop/latest.zip,"[{""type"": ""commune"", ""nom"": ""Concarneau"", ""insee"": ""29039""}, {""type"": ""commune"", ""nom"": ""Fouesnant"", ""insee"": ""29058""}]",data/raw/gtfs/2026-10/689b3bcf0643d67a446ba4fd/83311.zip,True,,2026-10-09,,,,,1,False,True,True,[],"[""agency.txt"", ""calendar.txt"", ""fare_attributes.txt"", ""fare_rules.txt"", ""feed_info.txt"", ""routes.txt"", ""shapes.txt"", ""stop_times.txt"", ""stops.txt"", ""trips.txt""]",False,False,2025-04-04,2025-09-29,True,3,24,"[""Sailcoop""]","[-4.0030984, 47.7223278, -3.913246, 47.870145]",2026-10-09,
664314148651841f70a2d8a2,fiches-horaires-reseau-urbain-mio-ccmillaugrandscausses,Réseau urbain Mio,83978,https://static.data.gouv.fr/resources/fiches-horaires-reseau-urbain-mio-ccmillaugrandscausses/20260414-150442/gtfs-mio-2026.zip,"[{""type"": ""epci"", ""nom"": ""CC de Millau Grands Causses"", ""insee"": ""241200567""}]",data/raw/gtfs/2026-10/664314148651841f70a2d8a2/83978.zip,True,,2026-10-09,,,,,1,False,True,True,[],"[""agency.txt"", ""calendar.txt"", ""calendar_dates.txt"", ""routes.txt"", ""stop_times.txt"", ""stops.txt"", ""trips.txt""]",False,False,2026-01-02,2026-12-31,False,143,189,"[""Millau""]","[3.04281, 44.075374, 3.083259, 44.118436]",2026-10-09,
65e72f6f6bad2a3cc278acb9,donnees-de-mobilite,Réseau urbain Villéo Retzéo,82689,https://static.data.gouv.fr/resources/donnees-de-mobilite/20260107-150213/gtfs-20260105-090453-villeo.zip,"[{""type"": ""epci"", ""nom"": ""CC Retz en Valois"", ""insee"": ""200071991""}]",data/raw/gtfs/2026-10/65e72f6f6bad2a3cc278acb9/82689.zip,True,,2026-10-09,,,,,1,False,True,True,[],"[""agency.txt"", ""calendar.txt"", ""calendar_dates.txt"", ""routes.txt"", ""stop_times.txt"", ""stops.txt"", ""trips.txt""]",False,False,2026-01-02,2026-12-31,False,74,168,"[""VILLEO-RETZEO""]","[3.074476, 49.175477, 3.12909, 49.262983]",2026-10-09,
63b4c3d206d317f5caa80dcc,offre-de-transport-du-reseau-de-la-communaute-de-communes-des-pays-du-sel-et-du-vermois,Navette de la CC Sel et Vermois,82907,https://api.grandest2.cityway.fr/exs/GTFS?Key=OPENDATA&OperatorCode=SELVERM,"[{""type"": ""epci"", ""nom"": ""CC des Pays du Sel et du Vermois"", ""insee"": ""245400189""}]",data/raw/gtfs/2026-10/63b4c3d206d317f5caa80dcc/82907.zip,True,,2026-10-09,,,,,1,False,True,True,[],"[""agency.txt"", ""calendar.txt"", ""calendar_dates.txt"", ""feed_info.txt"", ""routes.txt"", ""shapes.txt"", ""stop_times.txt"", ""stops.txt"", ""transfers.txt"", ""trips.txt""]",False,False,2026-09-07,2027-08-28,False,107,27,"[""CC Sel et Vermois""]","[6.275339, 48.5934444, 6.369394, 48.6372789]",2026-10-09,
69e0a5f99cfbe30bce9e2fe7,transmanche-ferries,Réseau maritime Transmanche Ferries,83981,https://static.data.gouv.fr/resources/transmanche-ferries/20260416-090353/pt-th-offer-transmanche-gtfs-20260401-727-opendata.zip,"[{""type"": ""commune"", ""nom"": ""Dieppe"", ""insee"": ""76217""}]",data/raw/gtfs/2026-10/69e0a5f99cfbe30bce9e2fe7/83981.zip,True,,2026-10-09,,,,,1,False,True,True,[],"[""agency.txt"", ""calendar.txt"", ""calendar_dates.txt"", ""routes.txt"", ""shapes.txt"", ""stop_times.txt"", ""stops.txt"", ""transfers.txt"", ""trips.txt""]",False,False,2026-04-01,2027-01-03,False,2,1409,"[""Transmanche Ferries""]","[0.055537, 49.933623, 1.088164, 50.788425]",2026-10-09,
5d1081696f444106b5aae5c7,agglobus,Réseau urbain agglo'Bus,79483,https://static.data.gouv.fr/resources/agglobus/20260821-085940/260821.zip,"[{""type"": ""epci"", ""nom"": ""CA du Grand Guéret"", ""insee"": ""200034825""}]",data/raw/gtfs/2026-10/5d1081696f444106b5aae5c7/79483.zip,True,,2026-10-09,,,,,1,False,True,True,[],"[""agency.txt"", ""calendar.txt"", ""calendar_dates.txt"", ""fare_attributes.txt"", ""feed_info.txt"", ""routes.txt"", ""shapes.txt"", ""stop_times.txt"", ""stops.txt"", ""trips.txt""]",False,False,2026-08-03,2027-08-31,False,69,117,"[""Agglo’Bus (Grand Guéret)""]","[1.8548, 46.15755476, 1.89775229, 46.18858341]",2026-10-09,
68418bb9edee7c4315190b95,tad-arrens-marsous-lourdes,TAD ligne Arrens-Marsous - Lourdes,83155,https://static.data.gouv.fr/resources/tad-arrens-marsous-lourdes/20260224-074253/gtfs-ccpvg-2026.zip,"[{""type"": ""epci"", ""nom"": ""CC Pyrénées Vallées des Gaves"", ""insee"": ""200070811""}, {""type"": ""commune"", ""nom"": ""Lourdes"", ""insee"": ""65286""}]",data/raw/gtfs/2026-10/68418bb9edee7c4315190b95/83155.zip,True,,2026-10-09,,,,,1,False,True,True,[],"[""agency.txt"", ""calendar.txt"", ""calendar_dates.txt"", ""fare_attributes.txt"", ""fare_rules.txt"", ""feed_info.txt"", ""routes.txt"", ""shapes.txt"", ""stop_times.txt"", ""stops.txt"", ""transfers.txt"", ""trips.txt""]",False,False,2026-01-02,2026-09-27,True,33,12,"[""Communauté de communes Pyrénées Vallées des Gaves""]","[-0.2137, 42.955659, -0.039527, 43.100102]",2026-10-09,
60febcaaf6d99c72ca482ac4,reseau-urbain-reso,Réseau urbain Réso,79537,https://static.data.gouv.fr/resources/reseau-urbain-reso/20260907-151115/gtfs-20260904-161445-reso-1.zip,"[{""type"": ""epci"", ""nom"": ""CC du Pays Sabolien"", ""insee"": ""247200090""}]",data/raw/gtfs/2026-10/60febcaaf6d99c72ca482ac4/79537.zip,True,,2026-10-09,,,,,1,False,True,True,[],"[""agency.txt"", ""calendar.txt"", ""calendar_dates.txt"", ""fare_attributes.txt"", ""fare_rules.txt"", ""feed_info.txt"", ""routes.txt"", ""shapes.txt"", ""stop_times.txt"", ""stops.txt"", ""trips.txt""]",False,False,2026-09-01,2026-12-31,False,109,84,"[""Réso""]","[-0.362821, 47.82227, -0.295294, 47.857775]",2026-10-09,
63b4c3d22989785f7e9dde9c,fr-200052264-t0025-0000-1,Réseau urbain T'MM,82388,https://api.grandest2.cityway.fr/exs/GTFS?Key=OPENDATA&OperatorCode=TMM,"[{""type"": ""epci"", ""nom"": ""CC Moselle et Madon"", ""insee"": ""245400171""}]",data/raw/gtfs/2026-10/63b4c3d22989785f7e9dde9c/82388.zip,True,,2026-10-09,,,,,1,False,True,True,[],"[""agency.txt"", ""calendar.txt"", ""calendar_dates.txt"", ""feed_info.txt"", ""routes.txt"", ""shapes.txt"", ""stop_times.txt"", ""stops.txt"", ""transfers.txt"", ""trips.txt""]",False,False,2026-10-08,2027-07-03,False,278,126,"[""TMM""]","[6.0308479, 48.5336218, 6.205192, 48.6492078]",2026-10-09,
63b4c3d255130e7bb19dde9c,fr-200052264-t0011-0000-1,Réseau urbain Rezo,80772,https://api.grandest2.cityway.fr/exs/GTFS?Key=OPENDATA&OperatorCode=TIV,"[{""type"": ""epci"", ""nom"": ""CA du Grand Verdun"", ""insee"": ""200049187""}]",data/raw/gtfs/2026-10/63b4c3d255130e7bb19dde9c/80772.zip,True,,2026-10-09,,,,,1,False,True,True,[],"[""agency.txt"", ""calendar.txt"", ""calendar_dates.txt"", ""feed_info.txt"", ""routes.txt"", ""shapes.txt"", ""stop_times.txt"", ""stops.txt"", ""transfers.txt"", ""trips.txt""]",False,False,2026-07-17,2027-01-04,False,339,476,"[""REZO""]","[5.2954216, 49.1232692, 5.4233421496, 49.1841372]",2026-10-09,
6780d441ff240aee47bd194f,hobus-honfleur,Réseau urbain Hobus,82711,https://static.data.gouv.fr/resources/hobus-honfleur/20251229-095527/pt-th-offer-hobus-gtfs-20251226-808-opendata.zip,"[{""type"": ""epci"", ""nom"": ""CC du Pays de Honfleur-Beuzeville"", ""insee"": ""200066827""}]",data/raw/gtfs/2026-10/6780d441ff240aee47bd194f/82711.zip,True,,2026-10-09,,,,,1,False,True,True,[],"[""agency.txt"", ""calendar.txt"", ""calendar_dates.txt"", ""routes.txt"", ""shapes.txt"", ""stop_times.txt"", ""stops.txt"", ""trips.txt""]",False,False,2025-12-26,2026-12-31,False,64,205,"[""Hobus (Honfleur)""]","[0.203247, 49.383285, 0.265582, 49.424779]",2026-10-09,
669a23fad869acc2ee2b9588,vikibus-yvetot-normandie,Réseau urbain Vikibus,81975,https://static.data.gouv.fr/resources/vikibus-yvetot-normandie/20260116-123130/pt-th-offer-vikibus-gtfs-20260113-317-opendata.zip,"[{""type"": ""epci"", ""nom"": ""CC Yvetot Normandie"", ""insee"": ""247600620""}]",data/raw/gtfs/2026-10/669a23fad869acc2ee2b9588/81975.zip,True,,2026-10-09,,,,,1,False,True,True,[],"[""agency.txt"", ""calendar.txt"", ""calendar_dates.txt"", ""routes.txt"", ""shapes.txt"", ""stop_times.txt"", ""stops.txt"", ""trips.txt""]",False,False,2026-01-13,2026-12-31,False,55,112,"[""Vikibus (Yvetot Normandie)""]","[0.7368566, 49.6064067, 0.7879494, 49.629421]",2026-10-09,
635697bd1b7c5d4dcac33a47,tico-bus-horaires-theoriques-du-reseau-de-transport-urbain-tico,Réseau urbain Ticobus,79864,https://api.oura3.cityway.fr/dataflow/offre-tc/download?provider=MONTLUEL&dataFormat=GTFS&dataProfil=OPENDATA,"[{""type"": ""epci"", ""nom"": ""CC de la Côtière à Montluel"", ""insee"": ""240100610""}]",data/raw/gtfs/2026-10/635697bd1b7c5d4dcac33a47/79864.zip,True,,2026-10-09,,,,,1,False,True,True,[],"[""agency.txt"", ""calendar.txt"", ""calendar_dates.txt"", ""feed_info.txt"", ""routes.txt"", ""shapes.txt"", ""stop_times.txt"", ""stops.txt"", ""transfers.txt"", ""trips.txt""]",False,False,2026-07-01,2028-06-30,False,44,22,"[""MONTLUEL - TICO 3CM""]","[5.047929, 45.826383, 5.129317, 45.867178]",2026-10-09,
64c7be0e1e2104f03ce37cd6,giverny-vernon-gare-sncf,Navette estivale SNGO! Giverny Vernon - Gare SNCF,81177,https://static.data.gouv.fr/resources/giverny-vernon-gare-sncf/20260324-112032/pt-th-offer-sngonavettegiverny-gtfs-20260323-840-opendata.zip,"[{""type"": ""commune"", ""nom"": ""Giverny"", ""insee"": ""27285""}, {""type"": ""commune"", ""nom"": ""Vernon"", ""insee"": ""27681""}]",data/raw/gtfs/2026-10/64c7be0e1e2104f03ce37cd6/81177.zip,True,,2026-10-09,,,,,1,False,True,True,[],"[""agency.txt"", ""calendar.txt"", ""calendar_dates.txt"", ""routes.txt"", ""shapes.txt"", ""stop_times.txt"", ""stops.txt"", ""trips.txt""]",False,False,2026-03-27,2026-11-01,False,4,27,"[""SN'go! - Navette Giverny - Vernon""]","[1.478897, 49.073833, 1.529622, 49.09575]",2026-10-09,
698db559cc87c3cf7bded873,donnees-du-reseau-de-bus-papillon-a-cosne-cours-sur-loire,Réseau urbain Papillon,83859,https://api.pysae.com/api/v4/groups/coeur-de-loire/gtfs/pub,"[{""type"": ""epci"", ""nom"": ""CC Coeur de Loire"", ""insee"": ""200067916""}]",data/raw/gtfs/2026-10/698db559cc87c3cf7bded873/83859.zip,True,,2026-10-09,,,,,1,False,True,True,[],"[""agency.txt"", ""calendar.txt"", ""calendar_dates.txt"", ""routes.txt"", ""shapes.txt"", ""stop_times.txt"", ""stops.txt"", ""trips.txt""]",False,False,2026-02-03,2026-12-31,False,43,18,"[""Service mobilité - Communauté de communes Cœur de Loire""]","[2.899201, 47.353682, 2.982571, 47.436934]",2026-10-09,
62c7cdd63fb5b683d7457fe9,colibri-horaires-theoriques-et-temps-reel-du-reseau-de-transport-urbain-de-la-ccmp,Réseau urbain Colibri,79810,https://api.oura3.cityway.fr/dataflow/offre-tc/download?provider=COLIBRI&dataFormat=GTFS&dataProfil=OPENDATA,"[{""type"": ""epci"", ""nom"": ""CC de Miribel et du Plateau"", ""insee"": ""240100800""}]",data/raw/gtfs/2026-10/62c7cdd63fb5b683d7457fe9/79810.zip,True,,2026-10-09,,,,,1,False,True,True,[],"[""agency.txt"", ""calendar.txt"", ""calendar_dates.txt"", ""feed_info.txt"", ""routes.txt"", ""shapes.txt"", ""stop_times.txt"", ""stops.txt"", ""transfers.txt"", ""trips.txt""]",False,False,2026-07-04,2027-07-02,False,67,64,"[""MIRIBEL - Colibri""]","[4.9085, 45.815624, 5.021026, 45.838173]",2026-10-09,
66f6ab6327261b88e3b36e33,moca-communaute-de-communes-caux-austreberthe,Réseau urbain MOCA,82309,https://static.data.gouv.fr/resources/moca-communaute-de-communes-caux-austreberthe/20260701-135055/pt-th-offer-moca-gtfs-20260107-303-opendata.zip,"[{""type"": ""epci"", ""nom"": ""CC Caux - Austreberthe"", ""insee"": ""247600646""}]",data/raw/gtfs/2026-10/66f6ab6327261b88e3b36e33/82309.zip,True,,2026-10-09,,,,,1,False,True,True,[],"[""agency.txt"", ""calendar.txt"", ""calendar_dates.txt"", ""routes.txt"", ""shapes.txt"", ""stop_times.txt"", ""stops.txt"", ""trips.txt""]",False,False,2026-01-07,2026-12-31,False,54,50,"[""MOCA (Communauté de Communes Caux Austreberthe)""]","[0.930636, 49.527376, 0.96666, 49.574154]",2026-10-09,
69a6f2ca10dcf3d189434a2c,donnees-theoriques-et-temps-reel-du-reseau-le-libellule-communaute-du-liancourtois-la-vallee-doree,Réseau urbain et TAD zonal Libellule,83922,https://api.oisemob.cityway.fr/dataflow/offre-tc/download?provider=LELIBELLULE&dataFormat=GTFS&dataProfil=OPENDATA,"[{""type"": ""epci"", ""nom"": ""CC du Liancourtois"", ""insee"": ""246000129""}]",data/raw/gtfs/2026-10/69a6f2ca10dcf3d189434a2c/83922.zip,True,,2026-10-09,,,,,2,True,True,True,[],"[""agency.txt"", ""calendar.txt"", ""calendar_dates.txt"", ""routes.txt"", ""shapes.txt"", ""stop_times.txt"", ""stops.txt"", ""transfers.txt"", ""trips.txt""]",False,False,2026-10-05,2026-12-31,False,29,38,"[""Le Libellule - C. C. du Liancourtois - la Vallée dorée""]","[2.4357018, 49.3123328, 2.4966276, 49.3545717]",2026-10-09,
69a6f2ca10dcf3d189434a2c,donnees-theoriques-et-temps-reel-du-reseau-le-libellule-communaute-du-liancourtois-la-vallee-doree,Réseau urbain et TAD zonal Libellule,83921,https://api.oisemob.cityway.fr/dataflow/tad/download?provider=LELIBELLULE&dataFormat=gtfs,"[{""type"": ""epci"", ""nom"": ""CC du Liancourtois"", ""insee"": ""246000129""}]",data/raw/gtfs/2026-10/69a6f2ca10dcf3d189434a2c/83921.zip,True,,2026-10-09,,,,,2,True,True,True,[],"[""agency.txt"", ""calendar.txt"", ""calendar_dates.txt"", ""location_groups.txt"", ""routes.txt"", ""stop_times.txt"", ""stops.txt"", ""trips.txt""]",False,False,2026-02-02,9999-12-31,False,40,4,"[""Le Libellule - C. C. du Liancourtois - la Vallée dorée""]","[2.429664, 49.287171, 2.519206, 49.353199]",2026-10-09,
66c34c7a027570b9c8916e62,reseau-cvlmobilite-plan-de-transport-theorique-ligne-a-format-gtfs,Réseau urbain CVL Mobilité,82150,https://static.data.gouv.fr/resources/reseau-cvlmobilite-plan-de-transport-theorique-ligne-a-format-gtfs/20260830-074645/cvlm-lignea-31082026.zip,"[{""type"": ""epci"", ""nom"": ""CC Chinon, Vienne et Loire"", ""insee"": ""200043081""}]",data/raw/gtfs/2026-10/66c34c7a027570b9c8916e62/82150.zip,True,,2026-10-09,,,,,1,False,True,True,[],"[""agency.txt"", ""calendar.txt"", ""calendar_dates.txt"", ""routes.txt"", ""shapes.txt"", ""stop_times.txt"", ""stops.txt"", ""trips.txt""]",False,False,2026-08-31,2028-08-31,False,92,64,"[""CVLMobilité""]","[0.156412, 47.163436, 0.291587, 47.28484]",2026-10-09,
6336e373c213575294234b26,horaires-theoriques-du-reseau-neobus-communaute-de-communes-de-louest-vosgien-gtfs,Réseau urbain Neobus,79814,https://static.data.gouv.fr/resources/horaires-theoriques-du-reseau-neobus-communaute-de-communes-de-louest-vosgien-gtfs/20251231-083603/gtfs-sadap-neobus.zip,"[{""type"": ""epci"", ""nom"": ""CC de l'Ouest Vosgien"", ""insee"": ""200068559""}]",data/raw/gtfs/2026-10/6336e373c213575294234b26/79814.zip,True,,2026-10-09,,,,,1,False,True,True,[],"[""agency.txt"", ""calendar.txt"", ""calendar_dates.txt"", ""fare_attributes.txt"", ""fare_rules.txt"", ""routes.txt"", ""shapes.txt"", ""stop_times.txt"", ""stops.txt"", ""trips.txt""]",False,False,2026-01-02,2026-12-31,False,26,4,"[""Reseau NEOBUS""]","[5.68161, 48.346555, 5.711167, 48.370027]",2026-10-09,
64a67be7a00fd1bbe918ec5d,reseau-a-citadina-porto-vecchio-horaires-theoriques-et-temps-reel,Réseau urbain A Citadina,81252,https://pysae.com/api/v2/groups/porto-vecchio/gtfs/pub,"[{""type"": ""epci"", ""nom"": ""CC du Sud Corse"", ""insee"": ""200040764""}]",data/raw/gtfs/2026-10/64a67be7a00fd1bbe918ec5d/81252.zip,True,,2026-10-09,,,,,1,False,True,True,[],"[""agency.txt"", ""calendar.txt"", ""calendar_dates.txt"", ""routes.txt"", ""shapes.txt"", ""stop_times.txt"", ""stops.txt"", ""trips.txt""]",False,False,2026-10-01,2027-05-31,False,54,72,"[""Transports Urbains Porto Vecchiais\tEurope/Paris\thttp://acitadina.porto-vecchio.corsica/\t\t""]","[9.265679, 41.579638, 9.283983, 41.605973]",2026-10-09,
63b4c3d106d317f5caa80dc9,fr-200052264-t0041-0000-1,Réseau urbain Pass'O,80439,https://api.grandest2.cityway.fr/exs/GTFS?Key=OPENDATA&OperatorCode=Obernai,"[{""type"": ""epci"", ""nom"": ""CC du Pays de Sainte-Odile"", ""insee"": ""246701080""}]",data/raw/gtfs/2026-10/63b4c3d106d317f5caa80dc9/80439.zip,True,,2026-10-09,,,,,1,False,True,True,[],"[""agency.txt"", ""calendar.txt"", ""calendar_dates.txt"", ""feed_info.txt"", ""routes.txt"", ""shapes.txt"", ""stop_times.txt"", ""stops.txt"", ""transfers.txt"", ""trips.txt""]",False,False,2026-01-02,2026-12-31,False,121,325,"[""KEOLIS""]","[7.461181, 48.4462919, 7.51632, 48.4730189]",2026-10-09,
63c562c646696c9cd83544b7,donnees-de-transport-en-commun-reseau-altigo-communaute-de-communes-du-brianconnais-format-gtfs,Réseau urbain et interurbain Altigo,81455,https://static.data.gouv.fr/resources/donnees-de-transport-en-commun-reseau-altigo-communaute-de-communes-du-brianconnais-format-gtfs/20260929-154029/gtfs-altigo-rentre-26-27-v7.zip,"[{""type"": ""epci"", ""nom"": ""CC du Briançonnais"", ""insee"": ""240500439""}]",data/raw/gtfs/2026-10/63c562c646696c9cd83544b7/81455.zip,True,,2026-10-09,,,,,1,False,True,True,[],"[""agency.txt"", ""calendar.txt"", ""calendar_dates.txt"", ""routes.txt"", ""stop_times.txt"", ""stops.txt"", ""trips.txt""]",False,False,2026-09-14,2027-12-31,False,452,288,"[""ALTIGO""]","[6.2832034, 44.857496, 6.7257893, 45.057039]",2026-10-09,
5e6193339ce2e7207cf4c8f2,issoudun-offre-theorique-mobilite-reseau-urbain,Réseau urbain TIG,83531,https://fr.ftp.opendatasoft.com/centrevaldeloire/OKINAGTFS/GTFS_AO/ISSOUDUN.zip,"[{""type"": ""epci"", ""nom"": ""CC du Pays d'Issoudun"", ""insee"": ""243600236""}]",data/raw/gtfs/2026-10/5e6193339ce2e7207cf4c8f2/83531.zip,True,,2026-10-09,,,,,1,False,True,True,[],"[""agency.txt"", ""calendar.txt"", ""routes.txt"", ""shapes.txt"", ""stop_times.txt"", ""stops.txt"", ""trips.txt""]",False,False,2026-03-28,2026-12-31,False,114,15,"[""TIG+R (Issoudun)""]","[1.91983, 46.826035, 2.124172, 47.08519]",2026-10-09,
69398942abbf3c01c143b6eb,aravis-bus-hiver-2025-2026,Réseau urbain ARAVIS Bus,84055,https://static.data.gouv.fr/resources/aravis-bus-hiver-2025-2026/20260605-061348/export-gtfs-aravis-ete-2026.zip,"[{""type"": ""epci"", ""nom"": ""CC des Vallées de Thônes"", ""insee"": ""247400617""}]",data/raw/gtfs/2026-10/69398942abbf3c01c143b6eb/84055.zip,True,,2026-10-09,,,,,2,True,True,True,[],"[""agency.txt"", ""calendar_dates.txt"", ""feed_info.txt"", ""routes.txt"", ""shapes.txt"", ""stop_times.txt"", ""stops.txt"", ""trips.txt""]",False,False,2026-06-20,2026-09-05,True,495,2288,"[""Aravis Bus""]","[6.214120249004376, 45.78989808049695, 6.52039, 45.99219483479743]",2026-10-09,
69398942abbf3c01c143b6eb,aravis-bus-hiver-2025-2026,Réseau urbain ARAVIS Bus,83755,https://static.data.gouv.fr/resources/aravis-bus-hiver-2025-2026/20251210-145252/export-gtfs-aravis-hiver-2026-hiver20252026.zip,"[{""type"": ""epci"", ""nom"": ""CC des Vallées de Thônes"", ""insee"": ""247400617""}]",data/raw/gtfs/2026-10/69398942abbf3c01c143b6eb/83755.zip,True,,2026-10-09,,,,,2,True,True,True,[],"[""agency.txt"", ""calendar_dates.txt"", ""feed_info.txt"", ""routes.txt"", ""shapes.txt"", ""stop_times.txt"", ""stops.txt"", ""trips.txt""]",False,False,2025-12-02,2026-04-26,True,386,20126,"[""rdta""]","[6.214450227914892, 45.78989808049695, 6.500601768493652, 45.97694592920531]",2026-10-09,
658626a9e96365230bac182c,tudbus-douarnenez-communaute-transport,Réseau urbain Tudbus,81927,https://www.korrigo.bzh/ftp/OPENDATA/TUDBUS.gtfs.zip,"[{""type"": ""epci"", ""nom"": ""CC Douarnenez Communauté"", ""insee"": ""242900645""}]",data/raw/gtfs/2026-10/658626a9e96365230bac182c/81927.zip,True,,2026-10-09,,,,,1,False,True,True,[],"[""agency.txt"", ""calendar.txt"", ""calendar_dates.txt"", ""routes.txt"", ""shapes.txt"", ""stop_times.txt"", ""stops.txt"", ""transfers.txt"", ""trips.txt""]",False,False,2026-08-19,2027-07-02,False,100,232,"[""Tud'Bus (Douarnenez Communauté)""]","[-4.4165372, 48.0397706, -4.2570986, 48.1004243]",2026-10-09,
659eb61087e7a31564db6157,donnees-theoriques-du-reseau-hopla-communaute-de-communes-de-la-plaine-destrees,Réseau urbain Hoplà,81649,https://api.oisemob.cityway.fr/dataflow/tad/download?Provider=HOPLA&dataFormat=gtfs&dataProfil=OPENDATA,"[{""type"": ""epci"", ""nom"": ""CC de la Plaine d'Estrées"", ""insee"": ""246000897""}]",data/raw/gtfs/2026-10/659eb61087e7a31564db6157/81649.zip,True,,2026-10-09,,,,,2,True,True,False,[],"[""agency.txt"", ""calendar_dates.txt"", ""calendars.txt"", ""location_groups.txt"", ""locations.geojson"", ""routes.txt"", ""stop_times.txt"", ""stops.txt"", ""trips.txt""]",True,False,,,,75,37,"[""HOPLÀ - C.C. de la Plaine d'Estrées""]","[2.55444, 49.31423, 2.732774, 49.472436]",2026-10-09,"Binder Error: Referenced column ""date"" not found in FROM clause!
Candidate bindings: ""tuesday"", ""saturday""

LINE 3:             SELECT service_id, CAST(strptime(date, '%Y%m%d') AS DATE) AS day,
                                                     ^"
659eb61087e7a31564db6157,donnees-theoriques-du-reseau-hopla-communaute-de-communes-de-la-plaine-destrees,Réseau urbain Hoplà,81519,https://api.oisemob.cityway.fr/dataflow/offre-tc/download?provider=HOPLA&dataFormat=GTFS&dataProfil=OPENDATA,"[{""type"": ""epci"", ""nom"": ""CC de la Plaine d'Estrées"", ""insee"": ""246000897""}]",data/raw/gtfs/2026-10/659eb61087e7a31564db6157/81519.zip,True,,2026-10-09,,,,,2,True,True,True,[],"[""agency.txt"", ""calendar.txt"", ""calendar_dates.txt"", ""routes.txt"", ""shapes.txt"", ""stop_times.txt"", ""stops.txt"", ""transfers.txt"", ""trips.txt""]",False,False,2026-09-01,2027-08-31,False,26,45,"[""HOPLÀ - C.C. de la Plaine d'Estrées""]","[2.642068, 49.3142497, 2.7220666, 49.4378438]",2026-10-09,
5e2071886f44414fdba2b300,transport-urbain-du-bassin,Réseau urbain TUB,11492,https://static.data.gouv.fr/resources/transport-urbain-du-bassin/20250217-154406/transports-urbains-du-bassin-version-2-6-gtfs-2024-12-16-11-39-36.zip,"[{""type"": ""epci"", ""nom"": ""CC Decazeville Communauté"", ""insee"": ""200067064""}]",data/raw/gtfs/2026-10/5e2071886f44414fdba2b300/11492.zip,True,,2026-10-09,,,,,1,False,True,True,[],"[""agency.txt"", ""calendar.txt"", ""calendar_dates.txt"", ""routes.txt"", ""shapes.txt"", ""stop_times.txt"", ""stops.txt"", ""trips.txt"", ""trips_extensions.txt""]",False,False,2018-12-03,2026-12-31,False,242,44,"[""Transports Urbains du Bassin""]","[2.216433823, 44.5249436, 2.331882914, 44.57605707]",2026-10-09,
5dfcf2a4634f4110fc360457,horaires-theoriques-et-temps-reel-du-reseau-respire-ile-de-re-gtfs-gtfs-rt,Réseau urbain RespiRé,8597,https://zenbus.net/gtfs/static/download.zip?dataset=iledere75923021,"[{""type"": ""epci"", ""nom"": ""CC de l'Ile de Ré"", ""insee"": ""241700459""}]",data/raw/gtfs/2026-10/5dfcf2a4634f4110fc360457/8597.zip,True,,2026-10-09,,,,,1,False,True,True,[],"[""agency.txt"", ""calendar.txt"", ""calendar_dates.txt"", ""feed_info.txt"", ""frequencies.txt"", ""routes.txt"", ""shapes.txt"", ""stop_times.txt"", ""stops.txt"", ""trips.txt""]",False,False,2026-09-28,2027-04-02,False,9,22,"[""RespiRé""]","[-1.367423, 46.193866, -1.355311, 46.205818]",2026-10-09,
6a06cbcfc1d6f3e3b9441b69,navette-chorges-chanteloube-ete-2026-reseau-vai,Navettes estivales Chorges - Chanteloube,84030,https://static.data.gouv.fr/resources/navette-chorges-chanteloube-ete-2026-reseau-vai/20260515-073127/navette-vai-chorges-baie-de-chanteloube-ete-2026.zip,"[{""type"": ""epci"", ""nom"": ""CC Serre-Ponçon"", ""insee"": ""200067742""}]",data/raw/gtfs/2026-10/6a06cbcfc1d6f3e3b9441b69/84030.zip,True,,2026-10-09,,,,,1,False,True,True,[],"[""agency.txt"", ""calendar.txt"", ""feed_info.txt"", ""routes.txt"", ""shapes.txt"", ""stop_times.txt"", ""stops.txt"", ""trips.txt""]",False,False,2026-07-04,2026-08-23,True,8,24,"[""Vaï""]","[6.27145, 44.509, 6.31229, 44.54607]",2026-10-09,
692838b1fc4de6dd2c95f1f2,navettes-stations-hiver-2025-2026-reseau-vai,Navettes hivernales réseau Vaï,83736,https://static.data.gouv.fr/resources/navettes-stations-hiver-2025-2026-reseau-vai/20251230-085133/navettes-stations-vai-hiver-2025-2026.zip,"[{""type"": ""epci"", ""nom"": ""CC Serre-Ponçon"", ""insee"": ""200067742""}]",data/raw/gtfs/2026-10/692838b1fc4de6dd2c95f1f2/83736.zip,True,,2026-10-09,,,,,1,False,True,True,[],"[""agency.txt"", ""calendar.txt"", ""calendar_dates.txt"", ""feed_info.txt"", ""routes.txt"", ""shapes.txt"", ""stop_times.txt"", ""stops.txt"", ""trips.txt""]",False,False,2025-12-06,2026-04-10,True,64,598,"[""Vaï""]","[6.2714597, 44.482813, 6.62325, 44.5803357]",2026-10-09,
67612c70408ff2fc34f1916d,reseau-vai-embrun,Réseau urbain Vaï Embrun,84175,https://static.data.gouv.fr/resources/reseau-vai-embrun/20260818-144546/transports-vai-embrun-2026-2027.zip,"[{""type"": ""epci"", ""nom"": ""CC Serre-Ponçon"", ""insee"": ""200067742""}]",data/raw/gtfs/2026-10/67612c70408ff2fc34f1916d/84175.zip,True,,2026-10-09,,,,,1,False,True,True,[],"[""agency.txt"", ""calendar.txt"", ""calendar_dates.txt"", ""feed_info.txt"", ""routes.txt"", ""shapes.txt"", ""stop_times.txt"", ""stops.txt"", ""trips.txt""]",False,False,2026-09-01,2027-08-31,False,73,97,"[""Vaï""]","[6.478987, 44.546798, 6.507098, 44.587697]",2026-10-09,
691711a8d9de4a5fcf95f6f1,mobivals-horaires-theoriques-du-reseau-de-transport-urbain-de-valserhone,Réseau urbain Mobi'Vals,83633,https://api.oura3.cityway.fr/dataflow/offre-tc/download?provider=MOBIVALS&dataFormat=GTFS&dataProfil=OPENDATA,"[{""type"": ""commune"", ""nom"": ""Valserhône"", ""insee"": ""01033""}]",data/raw/gtfs/2026-10/691711a8d9de4a5fcf95f6f1/83633.zip,True,,2026-10-09,,,,,1,False,True,True,[],"[""agency.txt"", ""calendar.txt"", ""calendar_dates.txt"", ""feed_info.txt"", ""routes.txt"", ""shapes.txt"", ""stop_times.txt"", ""stops.txt"", ""transfers.txt"", ""trips.txt""]",False,False,2026-08-17,2027-08-14,False,116,1129,"[""VALSERHÔNE - Mobi'Vals""]","[5.7781052, 46.09086, 5.8512478, 46.1438731]",2026-10-09,
6585afbaa8b731f1c930a65a,reseau-urbain-la-navette-commune-de-gaillac,Réseau urbain La Navette (Gaillac),82583,https://static.data.gouv.fr/resources/reseau-urbain-la-navette-commune-de-gaillac/20260831-123430/gtfs-gaillac.zip,"[{""type"": ""commune"", ""nom"": ""Gaillac"", ""insee"": ""81099""}]",data/raw/gtfs/2026-10/6585afbaa8b731f1c930a65a/82583.zip,True,,2026-10-09,,,,,1,False,True,True,[],"[""agency.txt"", ""calendar.txt"", ""calendar_dates.txt"", ""routes.txt"", ""stop_times.txt"", ""stops.txt"", ""trips.txt""]",False,False,2026-09-01,2027-08-31,False,147,113,"[""LIO""]","[1.8712592, 43.882672, 1.9176292, 43.9198222]",2026-10-09,
683da6ed51c1d5d87fbbd4fe,biscabus,Réseau urbain estival Biscabus,83203,https://static.data.gouv.fr/resources/biscabus/20260629-080019/gtfs-biscabus.zip,"[{""type"": ""commune"", ""nom"": ""Biscarrosse"", ""insee"": ""40046""}]",data/raw/gtfs/2026-10/683da6ed51c1d5d87fbbd4fe/83203.zip,True,,2026-10-09,,,,,1,False,True,True,[],"[""agency.txt"", ""calendar.txt"", ""calendar_dates.txt"", ""routes.txt"", ""stop_times.txt"", ""stops.txt"", ""trips.txt""]",False,False,2026-06-06,2027-01-03,False,60,44,"[""BISCABUS""]","[-1.2511218, 44.383747, -1.1477709, 44.456054]",2026-10-09,
671f73739ffc1d041004ddf5,transport-urbain-3cma-bus,Réseau urbain 3CMA,83258,https://static.data.gouv.fr/resources/transport-urbain-3cma-bus/20260630-183023/2026-07-01-3cmabus.zip,"[{""type"": ""epci"", ""nom"": ""CC Coeur de Maurienne Arvan"", ""insee"": ""200070464""}]",data/raw/gtfs/2026-10/671f73739ffc1d041004ddf5/83258.zip,True,,2026-10-09,,,,,1,False,True,True,[],"[""agency.txt"", ""calendar.txt"", ""calendar_dates.txt"", ""feed_info.txt"", ""frequencies.txt"", ""routes.txt"", ""shapes.txt"", ""stop_times.txt"", ""stops.txt"", ""trips.txt""]",False,False,2026-07-01,2026-12-31,False,147,201,"[""Arvan Bus""]","[6.317124, 45.24651, 6.411706, 45.320719]",2026-10-09,
6569e1dd21f63c926518143b,gtfs-reseau-chamonix-mobilite,Réseau urbain Chamonix,82663,https://static.data.gouv.fr/resources/gtfs-reseau-chamonix-mobilite/20260924-142752/gtfsautomnechx2026.2026.08.07.zip,"[{""type"": ""epci"", ""nom"": ""CC de la Vallée de Chamonix-Mont-Blanc"", ""insee"": ""200023372""}]",data/raw/gtfs/2026-10/6569e1dd21f63c926518143b/82663.zip,True,,2026-10-09,,,,,1,False,True,True,[],"[""agency.txt"", ""calendar.txt"", ""calendar_dates.txt"", ""routes.txt"", ""shapes.txt"", ""stop_times.txt"", ""stops.txt"", ""trips.txt""]",False,False,2026-08-07,2026-12-18,False,516,3760,"[""Chamonix Mobilite""]","[6.75602, 45.886634, 6.946672, 46.049325]",2026-10-09,
690acbdcf87e825b17baf2e1,bacs-de-ecouflant-cantenay-epinard-et-pruille,Bacs Ecouflant/Cantenay-Epinard et Pruillé,84018,https://static.data.gouv.fr/resources/bacs-de-ecouflant-cantenay-epinard-et-pruille/20260511-094810/bacs-alm-gtfs.zip,"[{""type"": ""commune"", ""nom"": ""Cantenay-Épinard"", ""insee"": ""49055""}, {""type"": ""commune"", ""nom"": ""Longuenée-en-Anjou"", ""insee"": ""49200""}, {""type"": ""commune"", ""nom"": ""Écouflant"", ""insee"": ""49129""}]",data/raw/gtfs/2026-10/690acbdcf87e825b17baf2e1/84018.zip,True,,2026-10-09,,,,,1,False,True,False,[],"[""agency.txt"", ""calendar.txt"", ""calendar_dates.txt"", ""routes.txt"", ""stop_times.txt"", ""stops.txt"", ""trips.txt""]",False,False,,,,4,4,"[""Bac Le trait d'union"", ""Pass Sarthe""]","[-0.6635461, 47.5261732, -0.5282563, 47.579846]",2026-10-09,"Binder Error: Column ""exception_type"" referenced that exists in the SELECT clause - but this column cannot be referenced before it is defined"
65a4f884b0e2cd38c17e8bc2,reseau-urbain-la-navette-commune-de-graulhet,Réseau urbain La Navette (Graulhet),82584,https://static.data.gouv.fr/resources/reseau-urbain-la-navette-commune-de-graulhet/20260831-123536/gtfs-graulhet.zip,"[{""type"": ""commune"", ""nom"": ""Graulhet"", ""insee"": ""81105""}]",data/raw/gtfs/2026-10/65a4f884b0e2cd38c17e8bc2/82584.zip,True,,2026-10-09,,,,,1,False,True,True,[],"[""agency.txt"", ""calendar.txt"", ""calendar_dates.txt"", ""routes.txt"", ""stop_times.txt"", ""stops.txt"", ""trips.txt""]",False,False,2026-09-01,2027-07-02,False,80,39,"[""LIO""]","[1.9614029, 43.754574, 2.022057, 43.772271]",2026-10-09,
5ebf2f52c2d896a9498e4418,ville-damboise-offre-theorique-mobilite-reseau-urbain,Réseau urbain Le Bus de la Ville d’Amboise,83528,https://fr.ftp.opendatasoft.com/centrevaldeloire/OKINAGTFS/GTFS_AO/AMBOISE.zip,"[{""type"": ""commune"", ""nom"": ""Amboise"", ""insee"": ""37003""}]",data/raw/gtfs/2026-10/5ebf2f52c2d896a9498e4418/83528.zip,True,,2026-10-09,,,,,1,False,True,True,[],"[""agency.txt"", ""calendar_dates.txt"", ""routes.txt"", ""shapes.txt"", ""stop_times.txt"", ""stops.txt"", ""trips.txt""]",False,False,2026-09-12,2026-12-31,False,47,20,"[""Le Bus (Amboise)""]","[0.980935, 47.400944, 1.026225, 47.421532]",2026-10-09,
5cf8e07a6f44416c5d8fdc46,horaires-theoriques-et-temps-reel-du-reseau-maybus-mayenne-gtfs-gtfs-rt,Réseau urbain May'bus,12608,https://zenbus.net/gtfs/static/download.zip?dataset=maybus,"[{""type"": ""commune"", ""nom"": ""Mayenne"", ""insee"": ""53147""}]",data/raw/gtfs/2026-10/5cf8e07a6f44416c5d8fdc46/12608.zip,True,,2026-10-09,,,,,1,False,True,True,[],"[""agency.txt"", ""calendar.txt"", ""calendar_dates.txt"", ""feed_info.txt"", ""frequencies.txt"", ""routes.txt"", ""shapes.txt"", ""stop_times.txt"", ""stops.txt"", ""trips.txt""]",False,False,2026-01-01,2026-12-31,False,57,20,"[""May'bus""]","[-0.642207, 48.286586, -0.594489, 48.318]",2026-10-09,
6891c35e197ef22453a6bc64,reseau-digo-cote-landes-nature,Navettes estivales réseau DIGO,83312,https://static.data.gouv.fr/resources/reseau-digo-cote-landes-nature/20250805-083958/gtfs-cote-landes-nature.zip,"[{""type"": ""epci"", ""nom"": ""CC Côte Landes Nature"", ""insee"": ""244000857""}]",data/raw/gtfs/2026-10/6891c35e197ef22453a6bc64/83312.zip,True,,2026-10-09,,,,,1,False,True,True,[],"[""agency.txt"", ""calendar.txt"", ""calendar_dates.txt"", ""routes.txt"", ""stop_times.txt"", ""stops.txt"", ""trips.txt""]",False,False,2025-07-05,2025-08-31,True,95,55,"[""DIGO (COTE LANDES NATURE)""]","[-1.3581419, 43.872413, -1.0727656, 44.0928287]",2026-10-09,
699e3d4cb2dd8f8e653d1e46,offre-de-transport-cc-cote-landes-nature,Réseau urbain DIGO,83870,https://www.pigma.org/public/opendata/nouvelle_aquitaine_mobilites/publication/digo-aggregated-gtfs.zip,"[{""type"": ""epci"", ""nom"": ""CC Côte Landes Nature"", ""insee"": ""244000857""}]",data/raw/gtfs/2026-10/699e3d4cb2dd8f8e653d1e46/83870.zip,True,,2026-10-09,,,,,1,False,True,True,[],"[""agency.txt"", ""calendar.txt"", ""calendar_dates.txt"", ""routes.txt"", ""shapes.txt"", ""stop_times.txt"", ""stops.txt"", ""trips.txt""]",False,False,2025-07-27,2025-08-31,True,95,55,"[""DIGO (COTE LANDES NATURE)""]","[-1.358142, 43.872414, -1.072766, 44.092831]",2026-10-09,
5dfa54b46f44417bc185117a,horaires-theoriques-et-temps-reel-du-reseau-max-mende-mobilites-bus-gtfs-gtfs-rt,Réseau urbain TUM,8487,https://zenbus.net/gtfs/static/download.zip?dataset=MAX,"[{""type"": ""commune"", ""nom"": ""Mende"", ""insee"": ""48095""}]",data/raw/gtfs/2026-10/5dfa54b46f44417bc185117a/8487.zip,True,,2026-10-09,,,,,1,False,True,True,[],"[""agency.txt"", ""calendar.txt"", ""calendar_dates.txt"", ""feed_info.txt"", ""frequencies.txt"", ""routes.txt"", ""shapes.txt"", ""stop_times.txt"", ""stops.txt"", ""trips.txt""]",False,False,2026-08-29,2027-08-28,False,123,266,"[""MAX""]","[3.44697, 44.51535, 3.51495, 44.546867]",2026-10-09,
661d3b938d126edb94a5651a,golfe-de-saint-tropez-donnees-mobilite-tc-ligne-cogolin,Réseau saisonnier ligne Cogolin,81867,https://api.pysae.com/api/v4/groups/keolis-hH93/gtfs/pub,"[{""type"": ""commune"", ""nom"": ""Cogolin"", ""insee"": ""83042""}]",data/raw/gtfs/2026-10/661d3b938d126edb94a5651a/81867.zip,True,,2026-10-09,,,,,1,False,True,True,[],"[""agency.txt"", ""calendar.txt"", ""routes.txt"", ""shapes.txt"", ""stop_times.txt"", ""stops.txt"", ""trips.txt""]",False,False,2025-06-07,2025-08-31,True,13,8,"[""Cogolin""]","[6.523443, 43.24861, 6.589517, 43.263369]",2026-10-09,
63b4c3d25a09dd67fc9dde9c,fr-200052264-t0030-0000-1,Réseau urbain TUM,80471,https://api.grandest2.cityway.fr/exs/GTFS?Key=OPENDATA&OperatorCode=SMD,"[{""type"": ""epci"", ""nom"": ""CC de l'Argonne Champenoise"", ""insee"": ""200042703""}]",data/raw/gtfs/2026-10/63b4c3d25a09dd67fc9dde9c/80471.zip,True,,2026-10-09,,,,,1,False,True,True,[],"[""agency.txt"", ""calendar.txt"", ""calendar_dates.txt"", ""feed_info.txt"", ""routes.txt"", ""shapes.txt"", ""stop_times.txt"", ""stops.txt"", ""transfers.txt"", ""trips.txt""]",False,False,2026-07-06,2027-07-02,False,49,50,"[""TUM - Transport Urbain Ménéhildien""]","[4.8806441, 49.0789102, 5.0028312, 49.1095049]",2026-10-09,
6aba8a0e61c4060c6f32cee0,reseau-urbain-villefranche-de-rouergue,Réseau urbain Bastibus,84234,https://static.data.gouv.fr/resources/reseau-urbain-villefranche-de-rouergue/20261009-132108/gtfs.zip,"[{""type"": ""commune"", ""nom"": ""Villefranche-de-Rouergue"", ""insee"": ""12300""}]",data/raw/gtfs/2026-10/6aba8a0e61c4060c6f32cee0/84234.zip,True,,2026-10-09,,,,,1,False,True,True,[],"[""agency.txt"", ""calendar.txt"", ""calendar_dates.txt"", ""routes.txt"", ""shapes.txt"", ""stop_times.txt"", ""stops.txt"", ""trips.txt""]",False,False,2026-01-02,2027-12-31,False,88,18,"[""Bastibus""]","[1.9857466, 44.333066, 2.04246555, 44.3844388888889]",2026-10-09,
64269ed51399d8d111ca450f,gtfs-transport-horaires-des-lignes-de-la-communaute-dile-rousse-balagne-a-balanina,Réseau urbain A Balanina,82997,https://static.data.gouv.fr/resources/gtfs-transport-horaires-des-lignes-de-la-communaute-dile-rousse-balagne-a-balanina/20250627-205558/a-balanina.zip,"[{""type"": ""epci"", ""nom"": ""CC de l'Ile-Rousse - Balagne"", ""insee"": ""200073104""}]",data/raw/gtfs/2026-10/64269ed51399d8d111ca450f/82997.zip,True,,2026-10-09,,,,,1,False,True,True,[],"[""agency.txt"", ""calendar.txt"", ""calendar_dates.txt"", ""routes.txt"", ""shapes.txt"", ""stop_times.txt"", ""stops.txt"", ""trips.txt""]",False,False,2024-09-17,2030-09-16,False,101,107,"[""A Balanina""]","[8.889841829, 42.52853666, 9.186894515, 42.64304654]",2026-10-09,
6a3b7f4b40d43d3e99be5343,reseau-de-transport-urbain-lisatis,Réseau urbain LISATIS,84087,https://zenbus.net/gtfs/static/download.zip?dataset=lavaur,"[{""type"": ""commune"", ""nom"": ""Lavaur"", ""insee"": ""81140""}]",data/raw/gtfs/2026-10/6a3b7f4b40d43d3e99be5343/84087.zip,True,,2026-10-09,,,,,1,False,True,True,[],"[""agency.txt"", ""calendar.txt"", ""calendar_dates.txt"", ""feed_info.txt"", ""frequencies.txt"", ""routes.txt"", ""shapes.txt"", ""stop_times.txt"", ""stops.txt"", ""trips.txt""]",False,False,2026-09-01,2027-08-28,False,100,130,"[""Tarn mobilite""]","[1.797723, 43.681607, 1.828869, 43.71251]",2026-10-09,
60619b6609140ed9b58f9ef8,horaires-theoriques-et-temps-reel-du-reseau-oloron-sainte-marie-la-navette-gtfs-gtfs-rt,Réseau urbain La Navette Oloron Sainte-Marie,34265,https://zenbus.net/gtfs/static/download.zip?dataset=oloron,"[{""type"": ""commune"", ""nom"": ""Oloron-Sainte-Marie"", ""insee"": ""64422""}]",data/raw/gtfs/2026-10/60619b6609140ed9b58f9ef8/34265.zip,True,,2026-10-09,,,,,1,False,True,True,[],"[""agency.txt"", ""calendar.txt"", ""calendar_dates.txt"", ""feed_info.txt"", ""frequencies.txt"", ""routes.txt"", ""shapes.txt"", ""stop_times.txt"", ""stops.txt"", ""trips.txt""]",False,False,2026-08-07,2027-12-31,False,80,98,"[""TPO""]","[-0.657445, 43.15562, -0.58062, 43.21725]",2026-10-09,
658626a9a5597d726dc71b48,breizhgo-bateaux,Réseau interurbain BreizhGo Bateaux,81481,https://www.korrigo.bzh/ftp/OPENDATA/BREIZHGO_BATEAU_56.gtfs.zip,"[{""type"": ""epci"", ""nom"": ""CC de Belle Ile en Mer"", ""insee"": ""245600465""}, {""type"": ""commune"", ""nom"": ""Groix"", ""insee"": ""56069""}, {""type"": ""commune"", ""nom"": ""Hœdic"", ""insee"": ""56085""}, {""type"": ""commune"", ""nom"": ""Ouessant"", ""insee"": ""29155""}, {""type"": ""commune"", ""nom"": ""Île-Molène"", ""insee"": ""29084""}, {""type"": ""commune"", ""nom"": ""Île-d'Arz"", ""insee"": ""56088""}, {""type"": ""commune"", ""nom"": ""Île-d'Houat"", ""insee"": ""56086""}, {""type"": ""commune"", ""nom"": ""Île-de-Bréhat"", ""insee"": ""22016""}, {""type"": ""commune"", ""nom"": ""Île-de-Sein"", ""insee"": ""29083""}]",data/raw/gtfs/2026-10/658626a9a5597d726dc71b48/81481.zip,True,,2026-10-09,,,,,4,True,True,True,[],"[""agency.txt"", ""calendar.txt"", ""calendar_dates.txt"", ""routes.txt"", ""shapes.txt"", ""stop_times.txt"", ""stops.txt"", ""transfers.txt"", ""trips.txt""]",False,False,2026-10-03,2026-12-31,False,6,1190,"[""Liaisons maritimes Morbihan""]","[-3.447046, 47.34375, -2.876357, 47.74133]",2026-10-09,
658626a9a5597d726dc71b48,breizhgo-bateaux,Réseau interurbain BreizhGo Bateaux,81480,https://www.korrigo.bzh/ftp/OPENDATA/BREIZHGO_BATEAU_29.gtfs.zip,"[{""type"": ""epci"", ""nom"": ""CC de Belle Ile en Mer"", ""insee"": ""245600465""}, {""type"": ""commune"", ""nom"": ""Groix"", ""insee"": ""56069""}, {""type"": ""commune"", ""nom"": ""Hœdic"", ""insee"": ""56085""}, {""type"": ""commune"", ""nom"": ""Ouessant"", ""insee"": ""29155""}, {""type"": ""commune"", ""nom"": ""Île-Molène"", ""insee"": ""29084""}, {""type"": ""commune"", ""nom"": ""Île-d'Arz"", ""insee"": ""56088""}, {""type"": ""commune"", ""nom"": ""Île-d'Houat"", ""insee"": ""56086""}, {""type"": ""commune"", ""nom"": ""Île-de-Bréhat"", ""insee"": ""22016""}, {""type"": ""commune"", ""nom"": ""Île-de-Sein"", ""insee"": ""29083""}]",data/raw/gtfs/2026-10/658626a9a5597d726dc71b48/81480.zip,True,,2026-10-09,,,,,4,True,True,True,[],"[""agency.txt"", ""calendar.txt"", ""calendar_dates.txt"", ""routes.txt"", ""shapes.txt"", ""stop_times.txt"", ""stops.txt"", ""transfers.txt"", ""trips.txt""]",False,False,2026-08-28,2026-12-31,False,7,1794,"[""Liaisons maritimes Finistère""]","[-5.05468, 48.006, -4.48587, 48.46961]",2026-10-09,
658626a9a5597d726dc71b48,breizhgo-bateaux,Réseau interurbain BreizhGo Bateaux,81479,https://www.korrigo.bzh/ftp/OPENDATA/BREIZHGO_BATEAU_BREHAT.gtfs.zip,"[{""type"": ""epci"", ""nom"": ""CC de Belle Ile en Mer"", ""insee"": ""245600465""}, {""type"": ""commune"", ""nom"": ""Groix"", ""insee"": ""56069""}, {""type"": ""commune"", ""nom"": ""Hœdic"", ""insee"": ""56085""}, {""type"": ""commune"", ""nom"": ""Ouessant"", ""insee"": ""29155""}, {""type"": ""commune"", ""nom"": ""Île-Molène"", ""insee"": ""29084""}, {""type"": ""commune"", ""nom"": ""Île-d'Arz"", ""insee"": ""56088""}, {""type"": ""commune"", ""nom"": ""Île-d'Houat"", ""insee"": ""56086""}, {""type"": ""commune"", ""nom"": ""Île-de-Bréhat"", ""insee"": ""22016""}, {""type"": ""commune"", ""nom"": ""Île-de-Sein"", ""insee"": ""29083""}]",data/raw/gtfs/2026-10/658626a9a5597d726dc71b48/81479.zip,True,,2026-10-09,,,,,4,True,True,True,[],"[""agency.txt"", ""calendar.txt"", ""calendar_dates.txt"", ""routes.txt"", ""shapes.txt"", ""stop_times.txt"", ""stops.txt"", ""transfers.txt"", ""trips.txt""]",False,False,2026-10-08,2027-03-31,False,2,24,"[""Liaison maritime Bréhat""]","[-3.014557, 48.8214102, -3.0091369, 48.8362822]",2026-10-09,
658626a9a5597d726dc71b48,breizhgo-bateaux,Réseau interurbain BreizhGo Bateaux,81478,https://www.korrigo.bzh/ftp/OPENDATA/BREIZHGO_BATEAU_ARZ.gtfs.zip,"[{""type"": ""epci"", ""nom"": ""CC de Belle Ile en Mer"", ""insee"": ""245600465""}, {""type"": ""commune"", ""nom"": ""Groix"", ""insee"": ""56069""}, {""type"": ""commune"", ""nom"": ""Hœdic"", ""insee"": ""56085""}, {""type"": ""commune"", ""nom"": ""Ouessant"", ""insee"": ""29155""}, {""type"": ""commune"", ""nom"": ""Île-Molène"", ""insee"": ""29084""}, {""type"": ""commune"", ""nom"": ""Île-d'Arz"", ""insee"": ""56088""}, {""type"": ""commune"", ""nom"": ""Île-d'Houat"", ""insee"": ""56086""}, {""type"": ""commune"", ""nom"": ""Île-de-Bréhat"", ""insee"": ""22016""}, {""type"": ""commune"", ""nom"": ""Île-de-Sein"", ""insee"": ""29083""}]",data/raw/gtfs/2026-10/658626a9a5597d726dc71b48/81478.zip,True,,2026-10-09,,,,,4,True,True,True,[],"[""agency.txt"", ""calendar.txt"", ""calendar_dates.txt"", ""routes.txt"", ""shapes.txt"", ""stop_times.txt"", ""stops.txt"", ""transfers.txt"", ""trips.txt""]",False,False,2026-10-08,2026-12-31,False,3,32,"[""Liaison maritime Arz""]","[-2.7933276, 47.6056569, -2.7620401, 47.6379611]",2026-10-09,
675465e5cb8ed4046fb125de,gtfs-pybus-le-reseau-urbain-de-parthenay,Réseau urbain Pybus,82619,https://api.pysae.com/api/v4/groups/parthenay/gtfs/pub,"[{""type"": ""commune"", ""nom"": ""Parthenay"", ""insee"": ""79202""}]",data/raw/gtfs/2026-10/675465e5cb8ed4046fb125de/82619.zip,True,,2026-10-09,,,,,1,False,True,True,[],"[""agency.txt"", ""calendar.txt"", ""calendar_dates.txt"", ""routes.txt"", ""shapes.txt"", ""stop_times.txt"", ""stops.txt"", ""trips.txt""]",False,False,2025-01-02,2026-12-31,False,38,41,"[""Alliance Atlantique""]","[-0.264035, 46.636911, -0.21674, 46.654995]",2026-10-09,
6806653c9c44ef410707b64a,gtfs-transport-via-corsica-corte-a-la-vallee-de-la-restonica-ligne-c13,Navette estivale Corté - vallée de la Restonica,82998,https://static.data.gouv.fr/resources/gtfs-transport-via-corsica-corte-a-la-vallee-de-la-restonica-ligne-c13/20260727-120808/via-corsica-restonica.zip,"[{""type"": ""epci"", ""nom"": ""CC du Centre Corse"", ""insee"": ""242020071""}]",data/raw/gtfs/2026-10/6806653c9c44ef410707b64a/82998.zip,True,,2026-10-09,,,,,1,False,True,True,[],"[""agency.txt"", ""calendar.txt"", ""calendar_dates.txt"", ""routes.txt"", ""shapes.txt"", ""stop_times.txt"", ""stops.txt"", ""trips.txt"", ""trips_extensions.txt""]",False,False,2026-05-01,2026-09-30,True,17,78,"[""Via Corsica Restonica""]","[9.073133, 42.26224, 9.157054, 42.302341]",2026-10-09,
5f6a06b05bcf2b29aa40083d,horaires-theoriques-du-reseau-figeac-le-bus-gtfs,Réseau urbain Figeac - Le Bus,11725,https://zenbus.net/gtfs/static/download.zip?dataset=figeac,"[{""type"": ""commune"", ""nom"": ""Figeac"", ""insee"": ""46102""}]",data/raw/gtfs/2026-10/5f6a06b05bcf2b29aa40083d/11725.zip,True,,2026-10-09,,,,,1,False,True,True,[],"[""agency.txt"", ""calendar.txt"", ""calendar_dates.txt"", ""feed_info.txt"", ""frequencies.txt"", ""routes.txt"", ""shapes.txt"", ""stop_times.txt"", ""stops.txt"", ""trips.txt""]",False,False,2026-09-01,2027-06-30,False,174,185,"[""Cars Delbos""]","[1.975267, 44.57117, 2.044955, 44.628341]",2026-10-09,
6a3b939e6d59013b6b98c46e,reseau-de-transport-urbain-de-la-ville-de-st-sulpice-la-pointe,Réseau urbain ST SULPICE LA POINTE,84089,https://zenbus.net/gtfs/static/download.zip?dataset=saint-sulpice-la-pointe,"[{""type"": ""commune"", ""nom"": ""Saint-Sulpice-la-Pointe"", ""insee"": ""81271""}]",data/raw/gtfs/2026-10/6a3b939e6d59013b6b98c46e/84089.zip,True,,2026-10-09,,,,,1,False,True,True,[],"[""agency.txt"", ""calendar.txt"", ""calendar_dates.txt"", ""feed_info.txt"", ""frequencies.txt"", ""routes.txt"", ""shapes.txt"", ""stop_times.txt"", ""stops.txt"", ""trips.txt""]",False,False,2026-09-01,2027-07-02,False,73,70,"[""Tarn mobilite""]","[1.661397, 43.756717, 1.702505, 43.777861]",2026-10-09,
60a5133609291f30ffca1d53,reseau-urbain-nosbus,Réseau urbain Nosbus,79576,https://static.data.gouv.fr/resources/reseau-urbain-nosbus/20260720-151436/gtfs-nosbus-20260720-85-a-bord-hors-bord.zip,"[{""type"": ""commune"", ""nom"": ""Nogent-le-Rotrou"", ""insee"": ""28280""}]",data/raw/gtfs/2026-10/60a5133609291f30ffca1d53/79576.zip,True,,2026-10-09,,,,,1,False,True,True,[],"[""agency.txt"", ""attributions.txt"", ""calendar.txt"", ""calendar_dates.txt"", ""fare_attributes.txt"", ""fare_rules.txt"", ""feed_info.txt"", ""routes.txt"", ""shapes.txt"", ""stop_times.txt"", ""stops.txt"", ""trips.txt""]",False,False,2026-07-06,2027-07-02,False,106,185,"[""Nosbus (Nogent-le-Rotrou)""]","[0.798079, 48.311181, 0.842601, 48.331252]",2026-10-09,
63b53e19a1e9838a8de38bde,noirmoutier-gratibus-gtfs-gtfs-rt,Navettes saisonnières Gratibus,84176,https://api.pysae.com/api/v4/groups/noirmoutiers/gtfs/pub,"[{""type"": ""epci"", ""nom"": ""CC de l'Ile de Noirmoutier"", ""insee"": ""248500191""}]",data/raw/gtfs/2026-10/63b53e19a1e9838a8de38bde/84176.zip,True,,2026-10-09,,,,,1,False,True,True,[],"[""agency.txt"", ""calendar.txt"", ""routes.txt"", ""shapes.txt"", ""stop_times.txt"", ""stops.txt"", ""trips.txt""]",False,False,2026-07-04,2026-09-06,True,97,97,"[""Alliance Atlantique"", ""Nombalais Mobilité""]","[-2.300549, 46.900555, -2.15193, 47.02664098931771]",2026-10-09,
6373936546eacd272066a9cd,horaires-theoriques-et-temps-reel-du-reseau-sarlatbus-gtfs-gtfs-rt,Réseau urbain Sarlat Bus,79992,https://zenbus.net/gtfs/static/download.zip?dataset=Sarlat,"[{""type"": ""commune"", ""nom"": ""Sarlat-la-Canéda"", ""insee"": ""24520""}]",data/raw/gtfs/2026-10/6373936546eacd272066a9cd/79992.zip,True,,2026-10-09,,,,,1,False,True,True,[],"[""agency.txt"", ""calendar.txt"", ""calendar_dates.txt"", ""feed_info.txt"", ""frequencies.txt"", ""routes.txt"", ""shapes.txt"", ""stop_times.txt"", ""stops.txt"", ""trips.txt""]",False,False,2026-04-20,2026-12-31,False,66,14,"[""Périgord voyages""]","[1.205513, 44.858058, 1.238247, 44.921463]",2026-10-09,
5f7d7f3750a9afcf4af57f88,horaires-theoriques-et-temps-reel-des-navettes-de-la-ligne-bagneres-la-mongie-gtfs-gtfs-rt,Navettes Bagnères-de-Bigorre - La Mongie,14652,https://zenbus.net/gtfs/static/download.zip?dataset=bigorre-mongie,"[{""type"": ""commune"", ""nom"": ""Bagnères-de-Bigorre"", ""insee"": ""65059""}, {""type"": ""commune"", ""nom"": ""Barèges"", ""insee"": ""65481""}, {""type"": ""commune"", ""nom"": ""Campan"", ""insee"": ""65123""}]",data/raw/gtfs/2026-10/5f7d7f3750a9afcf4af57f88/14652.zip,True,,2026-10-09,,,,,1,False,True,False,[],"[""agency.txt"", ""calendar.txt"", ""calendar_dates.txt"", ""feed_info.txt"", ""frequencies.txt"", ""routes.txt"", ""shapes.txt"", ""stop_times.txt"", ""stops.txt"", ""trips.txt""]",False,False,,,,0,0,"[""Ville Bagnere de Bigorre""]",,2026-10-09,feed has no active service dates for its trips
6852e92885e530ede69c6816,reseau-cvlmobilite-plan-de-transport-theorique-la-navette-lete-a-chinon-format-gtfs,Navette estivale CVL Mobilité,83189,https://static.data.gouv.fr/resources/reseau-cvlmobilite-plan-de-transport-theorique-la-navette-lete-a-chinon-format-gtfs/20260522-144310/lanavette-leteachinon-2026.zip,"[{""type"": ""commune"", ""nom"": ""Chinon"", ""insee"": ""37072""}]",data/raw/gtfs/2026-10/6852e92885e530ede69c6816/83189.zip,True,,2026-10-09,,,,,1,False,True,True,[],"[""agency.txt"", ""calendar.txt"", ""calendar_dates.txt"", ""routes.txt"", ""shapes.txt"", ""stop_times.txt"", ""stops.txt"", ""trips.txt""]",False,False,2026-06-20,2026-08-30,True,35,144,"[""CVLMobilité""]","[0.23358, 47.161579, 0.2568, 47.17331386105464]",2026-10-09,
674ec12d71d8fc02e805a58c,reseau-de-transports-collectifs-de-la-ccgq,Navettes saisonnières de la CC du Guillestrois et du Queyras,82604,https://static.data.gouv.fr/resources/reseau-de-transports-collectifs-de-la-ccgq/20260817-083208/gtfsv1.7.4.zip,"[{""type"": ""epci"", ""nom"": ""CC du Guillestrois et du Queyras"", ""insee"": ""200067452""}]",data/raw/gtfs/2026-10/674ec12d71d8fc02e805a58c/82604.zip,True,,2026-10-09,,,,,1,False,True,True,[],"[""agency.txt"", ""booking_rules.txt"", ""calendar.txt"", ""calendar_dates.txt"", ""fare_attributes.txt"", ""fare_rules.txt"", ""feed_info.txt"", ""frequencies.txt"", ""routes.txt"", ""shapes.txt"", ""stop_times.txt"", ""stops.txt"", ""trips.txt""]",False,True,2025-12-20,2026-09-06,True,134,254,"[""CCGQ""]","[6.608337537996064, 44.62957668888374, 6.99287356511566, 44.81829610791779]",2026-10-09,
661d3affc04519600e724d35,golfe-de-saint-tropez-donnees-mobilite-tc-cavalaire-ete,Réseau urbain estival Cavalaire,81870,https://api.pysae.com/api/v4/groups/cavalaire-h/gtfs/pub,"[{""type"": ""commune"", ""nom"": ""Cavalaire-sur-Mer"", ""insee"": ""83036""}]",data/raw/gtfs/2026-10/661d3affc04519600e724d35/81870.zip,True,,2026-10-09,,,,,1,False,True,True,[],"[""agency.txt"", ""calendar.txt"", ""calendar_dates.txt"", ""routes.txt"", ""shapes.txt"", ""stop_times.txt"", ""stops.txt"", ""trips.txt""]",False,False,2025-09-08,2026-06-12,True,26,2,"[""SUMA Transport""]","[6.5091447, 43.1667721, 6.54216, 43.188251]",2026-10-09,
661d39eba5540fa8302775f4,golfe-de-saint-tropez-donnees-mobilite-tc-cavalaire-sur-mer-hiver,Réseau urbain hivernal Cavalaire,81873,https://api.pysae.com/api/v4/groups/cavalaire-h/gtfs/pub,"[{""type"": ""commune"", ""nom"": ""Cavalaire-sur-Mer"", ""insee"": ""83036""}]",data/raw/gtfs/2026-10/661d39eba5540fa8302775f4/81873.zip,True,,2026-10-09,,,,,1,False,True,True,[],"[""agency.txt"", ""calendar.txt"", ""calendar_dates.txt"", ""routes.txt"", ""shapes.txt"", ""stop_times.txt"", ""stops.txt"", ""trips.txt""]",False,False,2025-09-08,2026-06-12,True,26,2,"[""SUMA Transport""]","[6.5091447, 43.1667721, 6.54216, 43.188251]",2026-10-09,
6a2a7cadaac4378abecb3028,u-vagabondu,Réseau urbain U Vagabondu,84068,https://zenbus.net/gtfs/static/download.zip?dataset=speluncaliamone,"[{""type"": ""epci"", ""nom"": ""CC Spelunca-Liamone"", ""insee"": ""200067049""}]",data/raw/gtfs/2026-10/6a2a7cadaac4378abecb3028/84068.zip,True,,2026-10-09,,,,,1,False,True,False,[],"[""agency.txt"", ""calendar.txt"", ""calendar_dates.txt"", ""feed_info.txt"", ""frequencies.txt"", ""routes.txt"", ""shapes.txt"", ""stop_times.txt"", ""stops.txt"", ""trips.txt""]",False,False,,,,66,0,"[""spelunca-liamone""]","[8.596073, 42.028438, 8.984154, 42.326667]",2026-10-09,feed has no active service dates for its trips
699573585cec51215c157895,funiculaire-des-arcs,Funiculaire des Arcs,83848,https://static.data.gouv.fr/resources/funiculaire/20260622-125937/gtfs-15-06-2026-funiculaire-ads.zip,"[{""type"": ""commune"", ""nom"": ""Bourg-Saint-Maurice"", ""insee"": ""73054""}]",data/raw/gtfs/2026-10/699573585cec51215c157895/83848.zip,True,,2026-10-09,,,,,1,False,True,True,[],"[""agency.txt"", ""calendar.txt"", ""calendar_dates.txt"", ""feed_info.txt"", ""routes.txt"", ""shapes.txt"", ""stop_times.txt"", ""stops.txt"", ""trips.txt""]",False,False,2026-06-13,2026-09-13,True,4,52,"[""ADS Domaine de Montagne Les Arcs / Peisey-Vallandry""]","[6.7743168080429665, 45.597528, 6.794889, 45.61416935323952]",2026-10-09,
6a47606c05be1f62b3ec5a32,navettes-la-rosiere,Navettes estivales La Rosière,84133,https://static.data.gouv.fr/resources/navettes-la-rosiere/20260703-071037/gtfs-navettes-la-rosiere-ete2026.zip,"[{""type"": ""commune"", ""nom"": ""Bourg-Saint-Maurice"", ""insee"": ""73054""}]",data/raw/gtfs/2026-10/6a47606c05be1f62b3ec5a32/84133.zip,True,,2026-10-09,,,,,1,False,True,True,[],"[""agency.txt"", ""calendar.txt"", ""feed_info.txt"", ""routes.txt"", ""stop_times.txt"", ""stops.txt"", ""trips.txt""]",False,False,2026-06-27,2026-09-04,True,10,49,"[""Mairie de Montvalezan - La Rosière""]","[6.8502577, 45.62328, 6.865516, 45.631977]",2026-10-09,
67978852ec1bc7b5e4b1f3bd,navettes-bourg-saint-maurice,Navettes saisonnières Bourg-Saint-Maurice,83626,https://static.data.gouv.fr/resources/navettes-bourg-saint-maurice/20260908-133753/gtfs-07-09-2026-08-00.zip,"[{""type"": ""commune"", ""nom"": ""Bourg-Saint-Maurice"", ""insee"": ""73054""}]",data/raw/gtfs/2026-10/67978852ec1bc7b5e4b1f3bd/83626.zip,True,,2026-10-09,,,,,1,False,True,True,[],"[""agency.txt"", ""calendar.txt"", ""calendar_dates.txt"", ""routes.txt"", ""shapes.txt"", ""stop_times.txt"", ""stops.txt"", ""trips.txt""]",False,False,2026-08-21,2026-12-04,False,107,427,"[""Transdev_martin""]","[0.0, 0.0, 6.835, 45.62414194]",2026-10-09,
68e4f0acdd9bf1d1d9902276,transports-en-commun-pays-des-ecrins,Réseau urbain Pays des Ecrins,83467,https://www.datasud.fr/fr/dataset/datasets/4311/resource/5843/download/,"[{""type"": ""epci"", ""nom"": ""CC du Pays des Ecrins"", ""insee"": ""240500462""}]",data/raw/gtfs/2026-10/68e4f0acdd9bf1d1d9902276/83467.zip,True,,2026-10-09,,,,,1,False,True,True,[],"[""agency.txt"", ""calendar.txt"", ""calendar_dates.txt"", ""routes.txt"", ""shapes.txt"", ""stop_times.txt"", ""stops.txt"", ""trips.txt""]",False,False,2024-10-16,2026-12-31,False,65,75,"[""Pays des Ecrins""]","[6.410317, 44.724626, 6.595113, 44.917532]",2026-10-09,
65aa542678712f7dba6ed173,les-navettes-du-giffre-horaires-hiver-2023-2024,Navettes du Giffre,81549,https://static.data.gouv.fr/resources/les-navettes-du-giffre-horaires-hiver-2023-2024/20240119-105247/gtfs-les-navettes-du-giffre-2024-v1-valide-pan.zip,"[{""type"": ""commune"", ""nom"": ""Châtillon-sur-Cluses"", ""insee"": ""74064""}, {""type"": ""commune"", ""nom"": ""La Rivière-Enverse"", ""insee"": ""74223""}, {""type"": ""commune"", ""nom"": ""Morillon"", ""insee"": ""74190""}, {""type"": ""commune"", ""nom"": ""Samoëns"", ""insee"": ""74258""}, {""type"": ""commune"", ""nom"": ""Sixt-Fer-à-Cheval"", ""insee"": ""74273""}, {""type"": ""commune"", ""nom"": ""Verchaix"", ""insee"": ""74294""}]",data/raw/gtfs/2026-10/65aa542678712f7dba6ed173/81549.zip,True,,2026-10-09,,,,,1,False,True,True,[],"[""agency.txt"", ""calendar.txt"", ""calendar_dates.txt"", ""feed_info.txt"", ""routes.txt"", ""shapes.txt"", ""stop_times.txt"", ""stops.txt"", ""trips.txt""]",False,False,2023-12-16,5202-04-30,False,75,940,"[""LES NAVETTES DU GIFFRE""]","[6.5827954, 46.005558, 6.77552992, 46.128735]",2026-10-09,
60dbb68115ee71ae81f9ae1b,arrets-horaires-et-circuit-de-la-lignes-yeu-continent-gtfs,Réseau maritime Yeu-Continent,82641,https://app.mecatran.com/utw/ws/gtfsfeed/static/pdlYeuContinent?apiKey=2c715462180f36483d5f24340c706b627f2f2361,"[{""type"": ""commune"", ""nom"": ""L'Île-d'Yeu"", ""insee"": ""85113""}]",data/raw/gtfs/2026-10/60dbb68115ee71ae81f9ae1b/82641.zip,True,,2026-10-09,,,,,1,False,True,True,[],"[""agency.txt"", ""calendar.txt"", ""calendar_dates.txt"", ""feed_info.txt"", ""routes.txt"", ""shapes.txt"", ""stop_times.txt"", ""stops.txt"", ""trips.txt""]",False,False,2025-01-01,2026-12-31,False,2,5170,"[""Aléop Yeu-Continent""]","[-2.347267, 46.725629, -2.139177, 46.893471]",2026-10-09,
65a4fa6dbd904e3c79af4c7a,reseau-urbain-lislenbus-commune-de-lisle-sur-tarn,Réseau urbain Lislenbus,81535,https://static.data.gouv.fr/resources/reseau-urbain-lislenbus-commune-de-lisle-sur-tarn/20260924-144426/gtfs-lisle2.zip,"[{""type"": ""commune"", ""nom"": ""Lisle-sur-Tarn"", ""insee"": ""81145""}]",data/raw/gtfs/2026-10/65a4fa6dbd904e3c79af4c7a/81535.zip,True,,2026-10-09,,,,,1,False,True,True,[],"[""agency.txt"", ""calendar.txt"", ""calendar_dates.txt"", ""routes.txt"", ""shapes.txt"", ""stop_times.txt"", ""stops.txt"", ""trips.txt""]",False,False,2026-09-01,2027-07-02,False,70,21,"[""LIO""]","[1.789661, 43.83936, 1.8231511, 43.863136]",2026-10-09,
691ae57155fa2d9d100fe1b4,navette-pontorson-le-mont-saint-michel,Navette Pontorson – Le Mont-Saint-Michel,83642,https://static.data.gouv.fr/resources/navette-pontorson-le-mont-saint-michel/20260429-145022/pt-th-offer-navettestmichel-gtfs-20260429-683-opendata.zip,"[{""type"": ""commune"", ""nom"": ""Beauvoir"", ""insee"": ""50042""}, {""type"": ""commune"", ""nom"": ""Le Mont-Saint-Michel"", ""insee"": ""50353""}, {""type"": ""commune"", ""nom"": ""Pontorson"", ""insee"": ""50410""}]",data/raw/gtfs/2026-10/691ae57155fa2d9d100fe1b4/83642.zip,True,,2026-10-09,,,,,1,False,True,True,[],"[""agency.txt"", ""calendar.txt"", ""calendar_dates.txt"", ""routes.txt"", ""shapes.txt"", ""stop_times.txt"", ""stops.txt"", ""trips.txt""]",False,False,2026-04-29,2026-12-31,False,20,1901,"[""Navette Pontorson - Le Mont St Michel""]","[-1.513131, 48.5528, -1.505, 48.6326751]",2026-10-09,
661d3c0217bc4d76ad259501,golfe-de-saint-tropez-donnees-mobilite-tc-navette-estivale-grimaud,Navette estivale Grimaud,81866,https://api.pysae.com/api/v4/groups/suma-22ua/gtfs/pub,"[{""type"": ""commune"", ""nom"": ""Grimaud"", ""insee"": ""83068""}]",data/raw/gtfs/2026-10/661d3c0217bc4d76ad259501/81866.zip,True,,2026-10-09,,,,,1,False,True,True,[],"[""agency.txt"", ""calendar.txt"", ""routes.txt"", ""shapes.txt"", ""stop_times.txt"", ""stops.txt"", ""trips.txt""]",False,False,2025-06-21,2025-09-15,True,27,19,"[""SNT SUMA""]","[6.47444, 43.262157, 6.582603, 43.287917]",2026-10-09,
661d3cbfa35bc3e55f2af2ba,golfe-de-saint-tropez-donnees-mobilite-tc-ligne-de-la-croix-valmer,Réseau urbain La Croix Valmer,81863,https://pysae.com/api/v2/groups/croix-valmer/gtfs/pub,"[{""type"": ""commune"", ""nom"": ""La Croix-Valmer"", ""insee"": ""83048""}]",data/raw/gtfs/2026-10/661d3cbfa35bc3e55f2af2ba/81863.zip,True,,2026-10-09,,,,,1,False,True,True,[],"[""agency.txt"", ""calendar.txt"", ""calendar_dates.txt"", ""routes.txt"", ""shapes.txt"", ""stop_times.txt"", ""stops.txt"", ""trips.txt""]",False,False,2023-06-30,2025-09-30,True,16,88,"[""SUMA - Navette La Croix Valmer""]","[6.554144, 43.183806, 6.600443, 43.212871]",2026-10-09,
661d3e51b528171284b515f7,golfe-de-saint-tropez-donnees-mobilite-tc-navette-reguliere-saint-tropez,Réseau urbain Navette Saint-Tropez,81773,https://api.pysae.com/api/v4/groups/st-tropez/gtfs/pub,"[{""type"": ""commune"", ""nom"": ""Saint-Tropez"", ""insee"": ""83119""}]",data/raw/gtfs/2026-10/661d3e51b528171284b515f7/81773.zip,True,,2026-10-09,,,,,1,False,True,True,[],"[""agency.txt"", ""calendar.txt"", ""calendar_dates.txt"", ""routes.txt"", ""shapes.txt"", ""stop_times.txt"", ""stops.txt"", ""trips.txt""]",False,False,2025-10-01,2026-05-30,True,47,9,"[""CCGST""]","[6.627105, 43.255753, 6.690622, 43.271945]",2026-10-09,
6943c818433a7943c9834b7b,skibus-vallee-des-belleville,Navettes Skibus Vallée des Belleville,83787,https://static.data.gouv.fr/resources/skibus-vallee-des-belleville/20260701-134857/gtfs-prod-28062026-0322-4.zip,"[{""type"": ""commune"", ""nom"": ""Les Belleville"", ""insee"": ""73257""}]",data/raw/gtfs/2026-10/6943c818433a7943c9834b7b/83787.zip,True,,2026-10-09,,,,,1,False,True,True,[],"[""agency.txt"", ""calendar.txt"", ""calendar_dates.txt"", ""routes.txt"", ""shapes.txt"", ""stop_times.txt"", ""stops.txt"", ""trips.txt""]",False,False,2026-07-01,2026-08-31,True,71,47,"[""transdev""]","[6.501653, 45.296524, 6.584701, 45.388968]",2026-10-09,
6793a20138660ccb8785df10,skibus-courchevel-hiver,Navettes hivernales Skibus Courchevel,84102,https://static.data.gouv.fr/resources/skibus-courchevel-hiver/20260703-154441/gtfs-prod-03072026-1051-1.zip,"[{""type"": ""commune"", ""nom"": ""Courchevel"", ""insee"": ""73227""}]",data/raw/gtfs/2026-10/6793a20138660ccb8785df10/84102.zip,True,,2026-10-09,,,,,1,False,True,True,[],"[""agency.txt"", ""calendar.txt"", ""calendar_dates.txt"", ""routes.txt"", ""shapes.txt"", ""stop_times.txt"", ""stops.txt"", ""trips.txt""]",False,False,2026-07-01,2026-08-21,True,88,328,"[""TRANSDEV""]","[6.5265, 45.3954, 6.6677, 45.4877]",2026-10-09,
6a2f9a84779d9f873659ae48,remontees-mecaniques-courchevel,Remontées mécaniques - Courchevel,84204,https://static.data.gouv.fr/resources/remontees-mecaniques-courchevel/20260615-062405/gtfs-remontees-au-depart-courchevel-ete2026.zip,"[{""type"": ""commune"", ""nom"": ""Courchevel"", ""insee"": ""73227""}]",data/raw/gtfs/2026-10/6a2f9a84779d9f873659ae48/84204.zip,True,,2026-10-09,,,,,1,False,True,True,[],"[""agency.txt"", ""areas.txt"", ""calendar.txt"", ""calendar_dates.txt"", ""fare_leg_rules.txt"", ""fare_media.txt"", ""fare_products.txt"", ""feed_info.txt"", ""frequencies.txt"", ""routes.txt"", ""shapes.txt"", ""stop_areas.txt"", ""stop_times.txt"", ""stops.txt"", ""trips.txt""]",False,False,2026-07-04,2026-08-30,True,42,42,"[""Société des 3 Vallées""]","[6.50456, 45.207712697105194, 6.6348, 45.45053143369496]",2026-10-09,
6936e58a20bc7a63a54c2e0f,transport-urbain-par-cable-hiver-2025-26,Transport par câble hivernal Courchevel,83744,https://static.data.gouv.fr/resources/transport-urbain-par-cable-hiver-2025-26/20251211-092237/rmu-courchevel-20251210.zip,"[{""type"": ""commune"", ""nom"": ""Courchevel"", ""insee"": ""73227""}]",data/raw/gtfs/2026-10/6936e58a20bc7a63a54c2e0f/83744.zip,True,,2026-10-09,,,,,1,False,True,True,[],"[""agency.txt"", ""calendar.txt"", ""frequencies.txt"", ""routes.txt"", ""shapes.txt"", ""stop_times.txt"", ""stops.txt"", ""trips.txt""]",False,False,2025-12-05,2026-04-19,True,7,6,"[""S3V""]","[6.619365708058563, 45.40741346241202, 6.64252332021749, 45.43151682078623]",2026-10-09,
6798ab6ab1a98a9f0d4220c0,navettes-tignes,Navettes saisonnières Tignes,83627,https://zenbus.net/gtfs/static/download.zip?dataset=tignes,"[{""type"": ""commune"", ""nom"": ""Tignes"", ""insee"": ""73296""}]",data/raw/gtfs/2026-10/6798ab6ab1a98a9f0d4220c0/83627.zip,True,,2026-10-09,,,,,1,False,True,False,[],"[""agency.txt"", ""calendar.txt"", ""calendar_dates.txt"", ""feed_info.txt"", ""frequencies.txt"", ""routes.txt"", ""shapes.txt"", ""stop_times.txt"", ""stops.txt"", ""trips.txt""]",False,False,,,,0,0,"[""Tignes""]",,2026-10-09,feed has no active service dates for its trips
69206120a3b522554e1a204a,gtfs-les-2alpes-saison-hiver-2025-2026,Navettes hivernales des 2 Alpes,83989,https://static.data.gouv.fr/resources/gtfs-les-2alpes-saison-hiver-2025-2026/20260427-083045/gtfs-2-alpes-intersaison-jack.zip,"[{""type"": ""commune"", ""nom"": ""Les Deux Alpes"", ""insee"": ""38253""}]",data/raw/gtfs/2026-10/69206120a3b522554e1a204a/83989.zip,True,,2026-10-09,,,,,3,True,True,True,[],"[""agency.txt"", ""calendar.txt"", ""calendar_dates.txt"", ""routes.txt"", ""shapes.txt"", ""stop_times.txt"", ""stops.txt"", ""trips.txt""]",False,False,2026-05-04,2026-07-03,True,62,12,"[""2 alpes""]","[6.117167, 45.003729, 6.12981, 45.023799]",2026-10-09,
69206120a3b522554e1a204a,gtfs-les-2alpes-saison-hiver-2025-2026,Navettes hivernales des 2 Alpes,83813,https://static.data.gouv.fr/resources/gtfs-les-2alpes-saison-hiver-2025-2026/20260520-064425/gtfs-navette-annuelle-2-alpes.zip,"[{""type"": ""commune"", ""nom"": ""Les Deux Alpes"", ""insee"": ""38253""}]",data/raw/gtfs/2026-10/69206120a3b522554e1a204a/83813.zip,True,,2026-10-09,,,,,3,True,True,True,[],"[""agency.txt"", ""calendar.txt"", ""calendar_dates.txt"", ""routes.txt"", ""shapes.txt"", ""stop_times.txt"", ""stops.txt"", ""trips.txt""]",False,False,2026-05-04,2026-07-03,True,62,12,"[""2 alpes""]","[6.117167, 45.003729, 6.12981, 45.023799]",2026-10-09,
69206120a3b522554e1a204a,gtfs-les-2alpes-saison-hiver-2025-2026,Navettes hivernales des 2 Alpes,83810,https://static.data.gouv.fr/resources/gtfs-les-2alpes-saison-hiver-2025-2026/20260602-132501/gtfs-navette-annuelle-2-alpes.zip,"[{""type"": ""commune"", ""nom"": ""Les Deux Alpes"", ""insee"": ""38253""}]",data/raw/gtfs/2026-10/69206120a3b522554e1a204a/83810.zip,True,,2026-10-09,,,,,3,True,True,True,[],"[""agency.txt"", ""calendar.txt"", ""calendar_dates.txt"", ""routes.txt"", ""shapes.txt"", ""stop_times.txt"", ""stops.txt"", ""trips.txt""]",False,False,2026-05-04,2026-07-03,True,62,12,"[""2 alpes""]","[6.117167, 45.003729, 6.12981, 45.023799]",2026-10-09,
661d3dbba7761a7116a4bccd,golfe-de-saint-tropez-donnees-mobilite-tc-navette-estivale-ramatuelle,Navette estivale Ramatuelle,81772,https://api.pysae.com/api/v4/groups/keolis-yr25/gtfs/pub,"[{""type"": ""commune"", ""nom"": ""Ramatuelle"", ""insee"": ""83101""}]",data/raw/gtfs/2026-10/661d3dbba7761a7116a4bccd/81772.zip,True,,2026-10-09,,,,,1,False,True,True,[],"[""agency.txt"", ""calendar.txt"", ""routes.txt"", ""shapes.txt"", ""stop_times.txt"", ""stops.txt"", ""trips.txt""]",False,False,2025-09-01,2025-09-22,True,9,42,"[""Navette estivale Ramatuelle""]","[6.611348, 43.187464, 6.66306, 43.217551]",2026-10-09,
676e6faa376ffb861e0197f5,meribus-ete,Navette saisonnière Méribus,82682,https://static.data.gouv.fr/resources/meribus-hiver/20260619-102403/gtfs.zip,"[{""type"": ""commune"", ""nom"": ""Les Allues"", ""insee"": ""73015""}]",data/raw/gtfs/2026-10/676e6faa376ffb861e0197f5/82682.zip,True,,2026-10-09,,,,,1,False,True,True,[],"[""agency.txt"", ""calendar.txt"", ""calendar_dates.txt"", ""routes.txt"", ""shapes.txt"", ""stop_times.txt"", ""stops.txt"", ""trips.txt""]",False,False,2026-07-04,2026-08-30,True,120,493,"[""MERIBUS""]","[6.553629, 45.370023, 6.5830958, 45.428734]",2026-10-09,
6798942abc43332729738b53,navettes-val-disere,Navettes saisonnières Val d'Isère,83629,https://zenbus.net/gtfs/static/download.zip?dataset=valdisere,"[{""type"": ""commune"", ""nom"": ""Val-d'Isère"", ""insee"": ""73304""}]",data/raw/gtfs/2026-10/6798942abc43332729738b53/83629.zip,True,,2026-10-09,,,,,1,False,True,False,[],"[""agency.txt"", ""calendar.txt"", ""calendar_dates.txt"", ""feed_info.txt"", ""frequencies.txt"", ""routes.txt"", ""shapes.txt"", ""stop_times.txt"", ""stops.txt"", ""trips.txt""]",False,False,,,,0,0,"[""STVI""]",,2026-10-09,feed has no active service dates for its trips
61fd29da29ea95c7bc0e1211,horaires-theoriques-et-temps-reel-des-navettes-hivernales-de-lalpe-dhuez-gtfs-gtfs-rt,Navettes hivernales de l'Alpe d'Huez,78387,https://zenbus.net/gtfs/static/download.zip?dataset=alpe-huez,"[{""type"": ""commune"", ""nom"": ""Huez"", ""insee"": ""38191""}]",data/raw/gtfs/2026-10/61fd29da29ea95c7bc0e1211/78387.zip,True,,2026-10-09,,,,,1,False,True,False,[],"[""agency.txt"", ""calendar.txt"", ""calendar_dates.txt"", ""feed_info.txt"", ""frequencies.txt"", ""routes.txt"", ""shapes.txt"", ""stop_times.txt"", ""stops.txt"", ""trips.txt""]",False,False,,,,0,0,"[""Autocars RESALP""]",,2026-10-09,feed has no active service dates for its trips
69c3c79f37c9725d7b98bb91,telecabine-eau-dolle-express-allemond-oz,Télécabine Eau d'Olle Express (Allemond - Oz),83994,https://static.data.gouv.fr/resources/telecabine-eau-dolle-express-allemond-oz/20260831-084938/gtfs-telecabine-eau-dolle-express-hiver-2026-avril-2027.zip,"[{""type"": ""commune"", ""nom"": ""Allemond"", ""insee"": ""38005""}, {""type"": ""commune"", ""nom"": ""Oz"", ""insee"": ""38289""}]",data/raw/gtfs/2026-10/69c3c79f37c9725d7b98bb91/83994.zip,True,,2026-10-09,,,,,1,False,True,True,[],"[""agency.txt"", ""calendar.txt"", ""feed_info.txt"", ""frequencies.txt"", ""routes.txt"", ""shapes.txt"", ""stop_times.txt"", ""stops.txt"", ""trips.txt""]",False,False,2025-12-06,2027-04-19,False,4,6,"[""SATA""]","[6.038039, 45.126026, 6.072457, 45.12732]",2026-10-09,
6a2852b7baa58d82b47766ea,navette-colette-savoie-les-saisies,Navette saisonnière Col'ette,84203,https://static.data.gouv.fr/resources/navette-colette-savoie-les-saisies/20260609-175152/colette-gtfs.zip,"[{""type"": ""commune"", ""nom"": ""Hauteluce"", ""insee"": ""73132""}]",data/raw/gtfs/2026-10/6a2852b7baa58d82b47766ea/84203.zip,True,,2026-10-09,,,,,1,False,True,True,[],"[""agency.txt"", ""calendar.txt"", ""fare_leg_rules.txt"", ""fare_products.txt"", ""feed_info.txt"", ""frequencies.txt"", ""routes.txt"", ""shapes.txt"", ""stop_times.txt"", ""stops.txt"", ""trips.txt""]",False,False,2026-07-04,2026-08-28,True,2,2,"[""Station des Saisies""]","[6.5351134140786, 45.7591058199605, 6.5526486805089, 45.7607165630987]",2026-10-09,
5e3c29156f444172fa4ec754,horaires-theoriques-et-temps-reel-de-la-station-de-ski-valmorel-gtfs-gtfs-rt,Navettes saisonnières Valmobus,12616,https://zenbus.net/gtfs/static/download.zip?dataset=valmorel,"[{""type"": ""commune"", ""nom"": ""Les Avanchers-Valmorel"", ""insee"": ""73024""}]",data/raw/gtfs/2026-10/5e3c29156f444172fa4ec754/12616.zip,True,,2026-10-09,,,,,1,False,True,False,[],"[""agency.txt"", ""calendar.txt"", ""calendar_dates.txt"", ""feed_info.txt"", ""frequencies.txt"", ""routes.txt"", ""shapes.txt"", ""stop_times.txt"", ""stops.txt"", ""trips.txt""]",False,False,,,,0,0,"[""Valmorel""]",,2026-10-09,feed has no active service dates for its trips
661d3d4348c87b1e3adf073f,golfe-de-saint-tropez-donnees-mobilite-tc-ligne-le-rayol-canadel-sur-mer,Réseau saisonnier Le Rayol Canadel sur Mer,81858,https://pysae.com/api/v2/groups/rayol-canadel/gtfs/pub,"[{""type"": ""commune"", ""nom"": ""Rayol-Canadel-sur-Mer"", ""insee"": ""83152""}]",data/raw/gtfs/2026-10/661d3d4348c87b1e3adf073f/81858.zip,True,,2026-10-09,,,,,1,False,True,True,[],"[""agency.txt"", ""calendar.txt"", ""routes.txt"", ""shapes.txt"", ""stop_times.txt"", ""stops.txt"", ""trips.txt""]",False,False,2025-06-28,2025-09-07,True,68,82,"[""SODETRAV""]","[6.44882, 43.154446, 6.490006, 43.163592]",2026-10-09,
